{
    "test_mse": 0.02448941022157669,
    "test_kge": 0.8133322248498183,
    "test_r2": 0.8006369471549988,
    "test_mae": 0.09206797182559967
}