{
    "test_mse": 0.0032444342505186796,
    "test_kge": 0.648806547179184,
    "test_r2": 0.6392667293548584,
    "test_mae": 0.02740299142897129
}