{
    "test_mse": 0.08136364817619324,
    "test_kge": 0.6346126177046278,
    "test_r2": 0.7162333130836487,
    "test_mae": 0.14580149948596954
}