{
    "test_mse": 0.008709541521966457,
    "test_kge": 0.9367697683441659,
    "test_r2": 0.931111216545105,
    "test_mae": 0.05323021113872528
}