{
    "test_mse": 0.0038386574015021324,
    "test_kge": 0.8798891333593247,
    "test_r2": 0.9073925018310547,
    "test_mae": 0.03362202271819115
}