{
    "test_mse": 0.008994065225124359,
    "test_kge": 0.8797169367385415,
    "test_r2": 0.9390624165534973,
    "test_mae": 0.05156607925891876
}