{
    "test_mse": 0.021498285233974457,
    "test_kge": 0.8689399396045814,
    "test_r2": 0.9133524894714355,
    "test_mae": 0.07445896416902542
}