{
    "test_mse": 0.011160041205585003,
    "test_kge": 0.9334423171831441,
    "test_r2": 0.9352434277534485,
    "test_mae": 0.05904168635606766
}