{
    "test_mse": 0.04481860622763634,
    "test_kge": 0.6951317984949614,
    "test_r2": 0.7703895568847656,
    "test_mae": 0.10885994881391525
}