{
    "test_mse": 0.018482550978660583,
    "test_kge": 0.7106617056374926,
    "test_r2": 0.7534384727478027,
    "test_mae": 0.08475486934185028
}