{
    "test_mse": 0.012489376589655876,
    "test_kge": 0.8962406347868777,
    "test_r2": 0.8985458612442017,
    "test_mae": 0.06003837659955025
}