{
    "test_mse": 0.03871314600110054,
    "test_kge": 0.49459948609504034,
    "test_r2": 0.5328530073165894,
    "test_mae": 0.10213188081979752
}