{
    "test_mse": 0.047104790806770325,
    "test_kge": 0.6401569534246636,
    "test_r2": 0.8373013138771057,
    "test_mae": 0.11391225457191467
}