{
    "test_mse": 0.0018182075582444668,
    "test_kge": 0.833048227614146,
    "test_r2": 0.9180150032043457,
    "test_mae": 0.020357374101877213
}