{
    "test_mse": 0.029377847909927368,
    "test_kge": 0.7191961870769197,
    "test_r2": 0.7007325887680054,
    "test_mae": 0.11102171987295151
}