{
    "test_mse": 0.02689516916871071,
    "test_kge": 0.69054984444396,
    "test_r2": 0.8530492782592773,
    "test_mae": 0.08549313247203827
}