{
    "test_mse": 0.008079605177044868,
    "test_kge": 0.8109287005145381,
    "test_r2": 0.7937048673629761,
    "test_mae": 0.04620800539851189
}