{
    "test_mse": 0.01814092881977558,
    "test_kge": 0.8686156008460832,
    "test_r2": 0.8378920555114746,
    "test_mae": 0.07728055864572525
}