{
    "test_mse": 0.007833100855350494,
    "test_kge": 0.6959600705974432,
    "test_r2": 0.7012498378753662,
    "test_mae": 0.044277824461460114
}