{
    "test_mse": 0.010381491854786873,
    "test_kge": 0.7420764935927651,
    "test_r2": 0.8971405029296875,
    "test_mae": 0.0559418760240078
}