{
    "test_mse": 0.00780786108225584,
    "test_kge": 0.8782886449443577,
    "test_r2": 0.8980682492256165,
    "test_mae": 0.04592374712228775
}