{
    "test_mse": 0.041791122406721115,
    "test_kge": 0.7765101446414224,
    "test_r2": 0.7228825092315674,
    "test_mae": 0.11525863409042358
}