{
    "test_mse": 0.060529693961143494,
    "test_kge": 0.7619313331817701,
    "test_r2": 0.760499119758606,
    "test_mae": 0.1423150599002838
}