{
    "test_mse": 0.005804966203868389,
    "test_kge": 0.9361599961913152,
    "test_r2": 0.9393035769462585,
    "test_mae": 0.04388841614127159
}