{
    "test_mse": 0.0019649763125926256,
    "test_kge": 0.9246150462736246,
    "test_r2": 0.9398436546325684,
    "test_mae": 0.022470887750387192
}