{
    "test_mse": 0.05904214829206467,
    "test_kge": 0.22703862054208257,
    "test_r2": 0.22614681720733643,
    "test_mae": 0.17533758282661438
}