{
    "test_mse": 0.0009453884558752179,
    "test_kge": 0.9110071814914796,
    "test_r2": 0.8672735095024109,
    "test_mae": 0.015081259422004223
}