{
    "test_mse": 0.003782527055591345,
    "test_kge": 0.8657123796656172,
    "test_r2": 0.9055711627006531,
    "test_mae": 0.030337253585457802
}