{
    "test_mse": 0.03982360288500786,
    "test_kge": 0.7060255460282094,
    "test_r2": 0.6858899593353271,
    "test_mae": 0.13176341354846954
}