{
    "test_mse": 0.018049081787467003,
    "test_kge": 0.42823544920204437,
    "test_r2": 0.6085159778594971,
    "test_mae": 0.08173947036266327
}