{
    "test_mse": 0.012018509209156036,
    "test_kge": 0.873444501142036,
    "test_r2": 0.9174503087997437,
    "test_mae": 0.061249326914548874
}