{
    "test_mse": 0.005226906388998032,
    "test_kge": 0.957008879193313,
    "test_r2": 0.9282402992248535,
    "test_mae": 0.04120420664548874
}