{
    "test_mse": 0.0027293898165225983,
    "test_kge": 0.875645662335487,
    "test_r2": 0.9329070448875427,
    "test_mae": 0.027132293209433556
}