{
    "test_mse": 0.017309892922639847,
    "test_kge": 0.6478671468466702,
    "test_r2": 0.8567527532577515,
    "test_mae": 0.06758894771337509
}