{
    "test_mse": 0.04182415455579758,
    "test_kge": 0.7226494269011188,
    "test_r2": 0.7294223308563232,
    "test_mae": 0.11019550263881683
}