{
    "test_mse": 0.053540028631687164,
    "test_kge": 0.48188160532639523,
    "test_r2": 0.4586658477783203,
    "test_mae": 0.16350919008255005
}