{
    "test_mse": 0.025582345202565193,
    "test_kge": 0.7311306616036866,
    "test_r2": 0.8833182454109192,
    "test_mae": 0.08204606175422668
}