{
    "test_mse": 0.014463910833001137,
    "test_kge": 0.642523614083372,
    "test_r2": 0.8458252549171448,
    "test_mae": 0.06009911000728607
}