{
    "test_mse": 0.010641975328326225,
    "test_kge": 0.5854943270379919,
    "test_r2": 0.7492519617080688,
    "test_mae": 0.057410333305597305
}