{
    "test_mse": 0.0020933798514306545,
    "test_kge": 0.8859705928691218,
    "test_r2": 0.9238543510437012,
    "test_mae": 0.022333849221467972
}