{
    "test_mse": 0.04930609464645386,
    "test_kge": 0.7605807107626407,
    "test_r2": 0.7847567200660706,
    "test_mae": 0.12014233320951462
}