{
    "test_mse": 0.05205819755792618,
    "test_kge": 0.7769324706038848,
    "test_r2": 0.7023900747299194,
    "test_mae": 0.1419847011566162
}