{
    "test_mse": 0.009890102781355381,
    "test_kge": 0.8177342743564245,
    "test_r2": 0.8096500635147095,
    "test_mae": 0.05073010176420212
}