{
    "test_mse": 0.011596995405852795,
    "test_kge": 0.6950118435866085,
    "test_r2": 0.7371436953544617,
    "test_mae": 0.06516017019748688
}