nohup: ignoring input
================================================================================
EXP1B TRAINING - FINAL 2 VARIATIONS
Wind_3e-4 + Humidity_3e-4 (LR=0.0003 only)
================================================================================

[2026-08-24 18:36:11] Loading HUC splits...
[2026-08-24 18:36:11] Splits loaded: 162 train, 54 val, 55 test
[2026-08-24 18:36:11] Expected: 162 train, 54 val, 54 test


[2026-08-24 18:36:11] Variations to train:
[2026-08-24 18:36:11]   1. Wind_3e-4: Base + Wind Speed
[2026-08-24 18:36:11]   2. Humidity_3e-4: Base + Humidity (BEST in original Exp3)

[2026-08-24 18:36:11] ================================================================================
[2026-08-24 18:36:11] VARIATION 6/8: Wind_3e-4
[2026-08-24 18:36:11] Description: Base + Wind Speed
[2026-08-24 18:36:11] Progress: 1/2 final variations
[2026-08-24 18:36:11] ================================================================================
[2026-08-24 18:36:11] Configuration:
[2026-08-24 18:36:11]   Variables: ['mean_pr', 'mean_tair', 'Mean Elevation', 'mean_vs']
[2026-08-24 18:36:11]   Learning rate: 0.0003
[2026-08-24 18:36:11]   Epochs: 30
[2026-08-24 18:36:11]   Train method: huc (spatial transfer)
[2026-08-24 18:36:11]   Device: cuda

[2026-08-24 18:36:11] ✅ GPU detected:
[2026-08-24 18:36:11]    Name: Tesla T4
[2026-08-24 18:36:11]    Memory: 15.64 GB

[2026-08-24 18:36:11] Starting training for Wind_3e-4...
[2026-08-24 18:36:11] Estimated single variation time: ~16 hours
2026/08/24 18:37:10 INFO mlflow.tracking.fluent: Experiment with name 'Exp1B_Wind_3e-4' does not exist. Creating a new experiment.
/home/sagemaker-user/.conda/envs/pytorch_p310/lib/python3.10/site-packages/torch/nn/modules/rnn.py:123: UserWarning: dropout option adds dropout after all but last recurrent layer, so non-zero dropout expects num_layers greater than 1, but got dropout=0.5 and num_layers=1
  warnings.warn(
/home/sagemaker-user/.conda/envs/pytorch_p310/lib/python3.10/site-packages/pkg_resources/__init__.py:1927: UserWarning: /home/sagemaker-user/src/._SnowML.egg-info could not be properly decoded in UTF-8
  warnings.warn(msg)

number of sub units for training is 216
Epoch 0: Pre-training on multiple HUCs
Pre-training on HUC5: 170602080406
Pre-training on HUC10: 170602070203
Pre-training on HUC15: 170602070302
Pre-training on HUC20: 171100060105
Pre-training on HUC25: 171100050602
Pre-training on HUC30: 170103040105
Pre-training on HUC35: 171100050403
Pre-training on HUC40: 170103040604
Pre-training on HUC45: 170103040502
Pre-training on HUC50: 170103040801
Pre-training on HUC55: 170602070303
Pre-training on HUC60: 170103040505
Pre-training on HUC65: 171100051002
Pre-training on HUC70: 170200110602
Pre-training on HUC75: 170602080606
Pre-training on HUC80: 170602080102
Pre-training on HUC85: 170200110405
Pre-training on HUC90: 170200090110
Pre-training on HUC95: 171100051005
Pre-training on HUC100: 171100051001
Pre-training on HUC105: 170602071105
Pre-training on HUC110: 171100050606
Pre-training on HUC115: 170602070104
Pre-training on HUC120: 170103040301
Pre-training on HUC125: 170602071104
Pre-training on HUC130: 170602080303
Pre-training on HUC135: 170103040606
Pre-training on HUC140: 171100060301
Pre-training on HUC145: 170200110404
Pre-training on HUC150: 170602080401
Pre-training on HUC155: 170602080107
Pre-training on HUC160: 171100090302
2026/08/24 19:10:00 WARNING mlflow.utils.requirements_utils: Found torch version (2.5.1+cu121) contains a local version label (+cu121). MLflow logged a pip requirement for this package as 'torch==2.5.1' without the local version label to make it installable from PyPI. To specify pip requirements containing local version labels, please use `conda_env` or `pip_requirements`.
2026/08/24 19:10:05 WARNING mlflow.utils.requirements_utils: Found torch version (2.5.1+cu121) contains a local version label (+cu121). MLflow logged a pip requirement for this package as 'torch==2.5.1' without the local version label to make it installable from PyPI. To specify pip requirements containing local version labels, please use `conda_env` or `pip_requirements`.
2026/08/24 19:10:05 WARNING mlflow.models.model: Model logged without a signature and input example. Please set `input_example` parameter when logging the model to auto infer the model signature.
evaluating on huc 170200090106
test_mse: 0.03569723293185234
test_kge: 0.6114892471163278
test_r2: 0.8148497939109802
test_mae: 0.12951825559139252
evaluating on huc 170103020302
test_mse: 0.00532841170206666
test_kge: 0.7152581832882486
test_r2: 0.8191816806793213
test_mae: 0.03763548284769058
evaluating on huc 171100060403
test_mse: 0.0020897844806313515
test_kge: 0.9093934852812576
test_r2: 0.8571460843086243
test_mae: 0.02532893419265747
evaluating on huc 170602070603
test_mse: 0.0009687652345746756
test_kge: 0.9067520036124919
test_r2: 0.9427602887153625
test_mae: 0.017551720142364502
evaluating on huc 170103020101
test_mse: 0.002578835701569915
test_kge: 0.8175661797410818
test_r2: 0.9149889945983887
test_mae: 0.027830002829432487
evaluating on huc 170200110301
test_mse: 0.018557501956820488
test_kge: 0.7496182555097548
test_r2: 0.8966097235679626
test_mae: 0.08807875961065292
evaluating on huc 171100060102
test_mse: 0.07898762822151184
test_kge: 0.4324712002894826
test_r2: 0.6495765447616577
test_mae: 0.18989811837673187
evaluating on huc 170200090108
test_mse: 0.032432232052087784
test_kge: 0.5730866142303883
test_r2: 0.7904430031776428
test_mae: 0.12031657248735428
evaluating on huc 170200110102
test_mse: 0.05289531871676445
test_kge: 0.5102251149449537
test_r2: 0.72450190782547
test_mae: 0.15667618811130524
evaluating on huc 170602071106
test_mse: 0.00749617675319314
test_kge: 0.4863779742495753
test_r2: 0.7457355260848999
test_mae: 0.05288160592317581
evaluating on huc 171100050402
test_mse: 0.038082368671894073
test_kge: 0.5071834305408951
test_r2: 0.6952005624771118
test_mae: 0.12486370652914047
evaluating on huc 170200110403
test_mse: 0.019033459946513176
test_kge: 0.7170970710677167
test_r2: 0.8868477940559387
test_mae: 0.08480154722929001
evaluating on huc 170602080206
test_mse: 0.001769965747371316
test_kge: 0.8683138718311431
test_r2: 0.914078414440155
test_mae: 0.026577012613415718
evaluating on huc 170602070701
test_mse: 0.000549806805793196
test_kge: 0.8486061394433845
test_r2: 0.9386745691299438
test_mae: 0.01344832219183445
evaluating on huc 171100060402
test_mse: 0.009308994747698307
test_kge: 0.6312720697495674
test_r2: 0.7751568555831909
test_mae: 0.04610513523221016
evaluating on huc 170602080108
test_mse: 0.0018533664988353848
test_kge: 0.8380966870085862
test_r2: 0.9105063676834106
test_mae: 0.027142412960529327
evaluating on huc 170602080502
test_mse: 0.01033511757850647
test_kge: 0.6647204554919113
test_r2: 0.8731406927108765
test_mae: 0.06135439872741699
evaluating on huc 170200090209
test_mse: 0.03174140676856041
test_kge: 0.19899317681888173
test_r2: 0.41963768005371094
test_mae: 0.11288458853960037
evaluating on huc 170103040601
test_mse: 0.0015437749680131674
test_kge: 0.8446098060434162
test_r2: 0.8594791889190674
test_mae: 0.02313351258635521
evaluating on huc 170200110503
test_mse: 0.0011547867907211185
test_kge: 0.6936137270440548
test_r2: 0.8122751712799072
test_mae: 0.02025008387863636
evaluating on huc 170200110601
test_mse: 0.0006192510481923819
test_kge: 0.8813599395382842
test_r2: 0.8794820308685303
test_mae: 0.013562869280576706
evaluating on huc 170602070904
test_mse: 0.0009664316894486547
test_kge: 0.6066178220708858
test_r2: 0.7800617218017578
test_mae: 0.017512403428554535
evaluating on huc 171100050801
test_mse: 0.08006888628005981
test_kge: 0.5257819529654932
test_r2: 0.6544138193130493
test_mae: 0.21919704973697662
evaluating on huc 170103040701
test_mse: 0.008064037188887596
test_kge: 0.5961378355155241
test_r2: 0.8031035661697388
test_mae: 0.047287117689847946
evaluating on huc 170602080412
test_mse: 0.0008197547285817564
test_kge: 0.8670296685601567
test_r2: 0.9197954535484314
test_mae: 0.01622847467660904
evaluating on huc 170602080605
test_mse: 0.0033607957884669304
test_kge: 0.6348893921382399
test_r2: 0.842771589756012
test_mae: 0.033685293048620224
evaluating on huc 170103040901
test_mse: 0.0024422502610832453
test_kge: 0.709037391105378
test_r2: 0.8264257907867432
test_mae: 0.025280654430389404
evaluating on huc 171100050703
test_mse: 0.01731434091925621
test_kge: 0.7469399779240162
test_r2: 0.8539540767669678
test_mae: 0.08413553237915039
evaluating on huc 170602071107
test_mse: 0.0007821186445653439
test_kge: 0.638120131568225
test_r2: 0.7964587211608887
test_mae: 0.01511809416115284
evaluating on huc 170200090202
test_mse: 0.010819457471370697
test_kge: 0.7525687441529327
test_r2: 0.8684408068656921
test_mae: 0.06505536288022995
evaluating on huc 170200110502
test_mse: 0.026034701615571976
test_kge: 0.489873823872765
test_r2: 0.7035535573959351
test_mae: 0.10566284507513046
evaluating on huc 171100050705
test_mse: 0.02757040411233902
test_kge: 0.618243745422951
test_r2: 0.7719605565071106
test_mae: 0.10301819443702698
evaluating on huc 170602070704
test_mse: 0.004720946773886681
test_kge: 0.48931406818412115
test_r2: 0.7254213094711304
test_mae: 0.04583398252725601
evaluating on huc 170602070707
test_mse: 0.0005320780328474939
test_kge: 0.7464008678095578
test_r2: 0.8888550996780396
test_mae: 0.013116348534822464
evaluating on huc 171100050603
test_mse: 0.011510822921991348
test_kge: 0.6592174825067016
test_r2: 0.8126951456069946
test_mae: 0.06419017910957336
evaluating on huc 170200090302
test_mse: 0.004290968179702759
test_kge: 0.3035904175944717
test_r2: 0.4735572338104248
test_mae: 0.04241868108510971
evaluating on huc 170602080302
test_mse: 0.0014517701929435134
test_kge: 0.8940679480796891
test_r2: 0.9352015852928162
test_mae: 0.023456545546650887
evaluating on huc 170103020102
test_mse: 0.002145645208656788
test_kge: 0.889364674522255
test_r2: 0.9121720790863037
test_mae: 0.026672936975955963
evaluating on huc 171100090103
test_mse: 0.09073209017515182
test_kge: 0.32227445404739574
test_r2: 0.512175977230072
test_mae: 0.20527112483978271
evaluating on huc 170602080505
test_mse: 0.0018742119427770376
test_kge: 0.8031913056215432
test_r2: 0.9294898509979248
test_mae: 0.025542957708239555
evaluating on huc 170200110703
test_mse: 0.002659926190972328
test_kge: 0.7000175592220359
test_r2: 0.8425341844558716
test_mae: 0.03135952353477478
evaluating on huc 170103040401
test_mse: 0.006164951249957085
test_kge: 0.7287927978965074
test_r2: 0.8578723073005676
test_mae: 0.041493047028779984
evaluating on huc 170602070901
test_mse: 0.0017289846437051892
test_kge: 0.8989318153539398
test_r2: 0.8902815580368042
test_mae: 0.02476578764617443
evaluating on huc 170602070105
test_mse: 0.008271772414445877
test_kge: 0.5641082576934096
test_r2: 0.8065297603607178
test_mae: 0.06039902940392494
evaluating on huc 170602070705
test_mse: 0.0012840379495173693
test_kge: 0.85351462789406
test_r2: 0.9031248092651367
test_mae: 0.022067787125706673
evaluating on huc 170200110101
test_mse: 0.10152754187583923
test_kge: 0.3379195801526743
test_r2: 0.5374554395675659
test_mae: 0.21417959034442902
evaluating on huc 170200090208
test_mse: 0.004873311147093773
test_kge: 0.7388819233344598
test_r2: 0.8789578080177307
test_mae: 0.04288671910762787
evaluating on huc 171100051004
test_mse: 0.11706458777189255
test_kge: 0.15476514908070016
test_r2: 0.29347074031829834
test_mae: 0.20100969076156616
evaluating on huc 170602070902
test_mse: 0.0028246662113815546
test_kge: 0.8901530947358431
test_r2: 0.8885831832885742
test_mae: 0.03125394508242607
evaluating on huc 170602080503
test_mse: 0.0024033214431256056
test_kge: 0.8083210380750133
test_r2: 0.9208416938781738
test_mae: 0.029469039291143417
evaluating on huc 171100060202
test_mse: 0.04008523002266884
test_kge: 0.5768416379903701
test_r2: 0.7874583601951599
test_mae: 0.13500942289829254
evaluating on huc 170200110501
test_mse: 0.0037480234168469906
test_kge: 0.5586432985833711
test_r2: 0.7995800971984863
test_mae: 0.03642945736646652
evaluating on huc 170602070802
test_mse: 0.001839462318457663
test_kge: 0.7174080129703975
test_r2: 0.8860929012298584
test_mae: 0.0248013474047184
evaluating on huc 170200090105
test_mse: 0.08169012516736984
test_kge: 0.4630398977096938
test_r2: 0.6628167629241943
test_mae: 0.2065453976392746
✅ Checkpoint saved: /home/sagemaker-user/checkpoints/Exp1B_Wind_3e-4_epoch0.pth
💾 Checkpoint saved: Exp1B_Wind_3e-4_epoch0.pth
Epoch 1: Pre-training on multiple HUCs
Pre-training on HUC5: 170103040502
Pre-training on HUC10: 170602070205
Pre-training on HUC15: 171100050704
Pre-training on HUC20: 171100051003
Pre-training on HUC25: 170200090111
Pre-training on HUC30: 170602070203
Pre-training on HUC35: 171100051005
Pre-training on HUC40: 170602070706
Pre-training on HUC45: 170602070501
Pre-training on HUC50: 170103040703
Pre-training on HUC55: 170200110108
Pre-training on HUC60: 170200110406
Pre-training on HUC65: 170103040505
Pre-training on HUC70: 170602070106
Pre-training on HUC75: 170200090201
Pre-training on HUC80: 171100050803
Pre-training on HUC85: 170103040604
Pre-training on HUC90: 170200110404
Pre-training on HUC95: 170602070602
Pre-training on HUC100: 171100060106
Pre-training on HUC105: 170602070601
Pre-training on HUC110: 170103040602
Pre-training on HUC115: 171100090501
Pre-training on HUC120: 170200110107
Pre-training on HUC125: 170103040101
Pre-training on HUC130: 171100050602
Pre-training on HUC135: 171100090202
Pre-training on HUC140: 171100050901
Pre-training on HUC145: 171100050708
Pre-training on HUC150: 170602080405
Pre-training on HUC155: 170103040302
Pre-training on HUC160: 170103040402
evaluating on huc 170200110403
test_mse: 0.007196963299065828
test_kge: 0.9369736377105645
test_r2: 0.9572147130966187
test_mae: 0.053179528564214706
evaluating on huc 170602070904
test_mse: 0.008769107051193714
test_kge: -0.4661282521480097
test_r2: -0.9956530332565308
test_mae: 0.05652487277984619
evaluating on huc 170200110501
test_mse: 0.001829238492064178
test_kge: 0.9467018780238599
test_r2: 0.902184247970581
test_mae: 0.025205334648489952
evaluating on huc 170200110101
test_mse: 0.04366670921444893
test_kge: 0.5693338678497457
test_r2: 0.8010609149932861
test_mae: 0.14162153005599976
evaluating on huc 170602070707
test_mse: 0.007143328431993723
test_kge: -0.24180494122461593
test_r2: -0.4921576976776123
test_mae: 0.05094438046216965
evaluating on huc 171100060102
test_mse: 0.020329643040895462
test_kge: 0.7265693723216458
test_r2: 0.909808874130249
test_mae: 0.09202650189399719
evaluating on huc 171100050705
test_mse: 0.006899409927427769
test_kge: 0.9609359650024767
test_r2: 0.9429337978363037
test_mae: 0.052085041999816895
evaluating on huc 170602071107
test_mse: 0.0057145715691149235
test_kge: -0.29786348981198074
test_r2: -0.4871797561645508
test_mae: 0.04491613432765007
evaluating on huc 170602071106
test_mse: 0.001983880763873458
test_kge: 0.8075761512867556
test_r2: 0.9327083230018616
test_mae: 0.026085784658789635
evaluating on huc 170200090105
test_mse: 0.03683819621801376
test_kge: 0.6502291511014759
test_r2: 0.8479470610618591
test_mae: 0.134132519364357
evaluating on huc 170200110601
test_mse: 0.004836242645978928
test_kge: 0.10054805638238906
test_r2: 0.058775484561920166
test_mae: 0.036937519907951355
evaluating on huc 170200090202
test_mse: 0.007576417177915573
test_kge: 0.8945311903843883
test_r2: 0.9078745245933533
test_mae: 0.052785877138376236
evaluating on huc 170200090106
test_mse: 0.014581194147467613
test_kge: 0.7879650614538003
test_r2: 0.9243719577789307
test_mae: 0.07958659529685974
evaluating on huc 171100050603
test_mse: 0.003189391689375043
test_kge: 0.9397055493171763
test_r2: 0.9481019973754883
test_mae: 0.03513920679688454
evaluating on huc 170103040701
test_mse: 0.0036417734809219837
test_kge: 0.8817294365154239
test_r2: 0.9110802412033081
test_mae: 0.03595157712697983
evaluating on huc 170602080605
test_mse: 0.001449303119443357
test_kge: 0.9585269262780488
test_r2: 0.932197093963623
test_mae: 0.02056865580379963
evaluating on huc 170602070802
test_mse: 0.0012454470852389932
test_kge: 0.8480143343216363
test_r2: 0.92287677526474
test_mae: 0.02030038647353649
evaluating on huc 170200110301
test_mse: 0.00574451545253396
test_kge: 0.9559670901542583
test_r2: 0.9679953455924988
test_mae: 0.04739674553275108
evaluating on huc 171100060403
test_mse: 0.031378064304590225
test_kge: -0.609052537100397
test_r2: -1.1449484825134277
test_mae: 0.10958459228277206
evaluating on huc 170200090209
test_mse: 0.015473411418497562
test_kge: 0.4614415084669742
test_r2: 0.7170829772949219
test_mae: 0.0782332494854927
evaluating on huc 170103040401
test_mse: 0.003979670815169811
test_kge: 0.7919864361245564
test_r2: 0.9082520604133606
test_mae: 0.04022317752242088
evaluating on huc 170602070603
test_mse: 0.003714375663548708
test_kge: 0.5727705875075767
test_r2: 0.7805353403091431
test_mae: 0.03726471588015556
evaluating on huc 170602070901
test_mse: 0.004881240893155336
test_kge: 0.5506660336211094
test_r2: 0.6902446150779724
test_mae: 0.04014461487531662
evaluating on huc 170602080412
test_mse: 0.003025792073458433
test_kge: 0.5282795121870105
test_r2: 0.7039574384689331
test_mae: 0.031019603833556175
evaluating on huc 170602070705
test_mse: 0.003947587218135595
test_kge: 0.588126945707071
test_r2: 0.702171266078949
test_mae: 0.034447818994522095
evaluating on huc 171100060402
test_mse: 0.02519792877137661
test_kge: 0.23068890795146002
test_r2: 0.3913864493370056
test_mae: 0.09917082637548447
evaluating on huc 170602070704
test_mse: 0.001411352539435029
test_kge: 0.8963255338015665
test_r2: 0.9179131984710693
test_mae: 0.0227094367146492
evaluating on huc 170200110502
test_mse: 0.011164623312652111
test_kge: 0.7141222114606669
test_r2: 0.8728730082511902
test_mae: 0.06653410196304321
evaluating on huc 171100051004
test_mse: 0.04732111468911171
test_kge: 0.5230584480109961
test_r2: 0.7143990993499756
test_mae: 0.12314070761203766
evaluating on huc 170103040901
test_mse: 0.003488602116703987
test_kge: 0.6312819538217443
test_r2: 0.7520601153373718
test_mae: 0.032967958599328995
evaluating on huc 170200110102
test_mse: 0.018201520666480064
test_kge: 0.7285712097649648
test_r2: 0.9051998257637024
test_mae: 0.09058018028736115
evaluating on huc 170103020102
test_mse: 0.006565772462636232
test_kge: 0.5052791829538544
test_r2: 0.7312425374984741
test_mae: 0.052216608077287674
evaluating on huc 171100050703
test_mse: 0.008913666941225529
test_kge: 0.9196857564386918
test_r2: 0.9248135089874268
test_mae: 0.05877666175365448
evaluating on huc 170602080505
test_mse: 0.0020337870810180902
test_kge: 0.8009733370870828
test_r2: 0.9234864711761475
test_mae: 0.02805333212018013
evaluating on huc 170602080108
test_mse: 0.00682455487549305
test_kge: 0.444759897150923
test_r2: 0.6704622507095337
test_mae: 0.05206869915127754
evaluating on huc 170200090108
test_mse: 0.007493907585740089
test_kge: 0.81740717712516
test_r2: 0.9515790343284607
test_mae: 0.05622516945004463
evaluating on huc 171100050402
test_mse: 0.016006238758563995
test_kge: 0.71598881366903
test_r2: 0.8718910217285156
test_mae: 0.0774381011724472
evaluating on huc 171100060202
test_mse: 0.00922760646790266
test_kge: 0.8219955499925454
test_r2: 0.9510729908943176
test_mae: 0.06212262809276581
evaluating on huc 170602080502
test_mse: 0.0033462524879723787
test_kge: 0.9187637919997497
test_r2: 0.9589261412620544
test_mae: 0.03340814262628555
evaluating on huc 170602080206
test_mse: 0.004457083065062761
test_kge: 0.5788335871628121
test_r2: 0.7836344242095947
test_mae: 0.040889788419008255
evaluating on huc 170602070105
test_mse: 0.006186194717884064
test_kge: 0.6430092917372849
test_r2: 0.855309784412384
test_mae: 0.05208485946059227
evaluating on huc 170200110503
test_mse: 0.007454800885170698
test_kge: -0.15010983563877334
test_r2: -0.21186983585357666
test_mae: 0.051151879131793976
evaluating on huc 170200110703
test_mse: 0.013461731374263763
test_kge: 0.10939630184400462
test_r2: 0.20307457447052002
test_mae: 0.07556012272834778
evaluating on huc 170602080503
test_mse: 0.0022711746860295534
test_kge: 0.7996879606515376
test_r2: 0.9251942038536072
test_mae: 0.029146453365683556
evaluating on huc 170200090208
test_mse: 0.002921158215031028
test_kge: 0.8857330933254709
test_r2: 0.9274449348449707
test_mae: 0.03241443634033203
evaluating on huc 170602070701
test_mse: 0.005694514140486717
test_kge: 0.22080645270547417
test_r2: 0.36483436822891235
test_mae: 0.04591575264930725
evaluating on huc 170200090302
test_mse: 0.00149753678124398
test_kge: 0.7999261294066409
test_r2: 0.8162728548049927
test_mae: 0.025049936026334763
evaluating on huc 170103020302
test_mse: 0.0033581466414034367
test_kge: 0.7557888137937134
test_r2: 0.8860421180725098
test_mae: 0.037051208317279816
evaluating on huc 170602080302
test_mse: 0.0033385208807885647
test_kge: 0.7267126019231743
test_r2: 0.8509882092475891
test_mae: 0.034198466688394547
evaluating on huc 171100090103
test_mse: 0.01937660574913025
test_kge: 0.7279127692482266
test_r2: 0.8958210349082947
test_mae: 0.08872576057910919
evaluating on huc 170602070902
test_mse: 0.004282735753804445
test_kge: 0.6666454200636058
test_r2: 0.8310707211494446
test_mae: 0.03928804025053978
evaluating on huc 170103020101
test_mse: 0.004016341641545296
test_kge: 0.6758838938675287
test_r2: 0.8676018118858337
test_mae: 0.040405143052339554
evaluating on huc 170103040601
test_mse: 0.006566491909325123
test_kge: 0.2234924701995512
test_r2: 0.40229058265686035
test_mae: 0.04928627610206604
evaluating on huc 171100050801
test_mse: 0.03694399818778038
test_kge: 0.7144562694048247
test_r2: 0.840545654296875
test_mae: 0.14163608849048615
✅ Checkpoint saved: /home/sagemaker-user/checkpoints/Exp1B_Wind_3e-4_epoch1.pth
2026/08/24 19:43:27 WARNING mlflow.utils.requirements_utils: Found torch version (2.5.1+cu121) contains a local version label (+cu121). MLflow logged a pip requirement for this package as 'torch==2.5.1' without the local version label to make it installable from PyPI. To specify pip requirements containing local version labels, please use `conda_env` or `pip_requirements`.
2026/08/24 19:43:31 WARNING mlflow.utils.requirements_utils: Found torch version (2.5.1+cu121) contains a local version label (+cu121). MLflow logged a pip requirement for this package as 'torch==2.5.1' without the local version label to make it installable from PyPI. To specify pip requirements containing local version labels, please use `conda_env` or `pip_requirements`.
2026/08/24 19:43:31 WARNING mlflow.models.model: Model logged without a signature and input example. Please set `input_example` parameter when logging the model to auto infer the model signature.
💾 Checkpoint saved: Exp1B_Wind_3e-4_epoch1.pth
Epoch 2: Pre-training on multiple HUCs
Pre-training on HUC5: 171100051006
Pre-training on HUC10: 171100050904
Pre-training on HUC15: 170602080604
Pre-training on HUC20: 171100051002
Pre-training on HUC25: 170103040307
Pre-training on HUC30: 170602080107
Pre-training on HUC35: 170602071105
Pre-training on HUC40: 170200110704
Pre-training on HUC45: 171100060204
Pre-training on HUC50: 171100051003
Pre-training on HUC55: 170602070803
Pre-training on HUC60: 170200110404
Pre-training on HUC65: 171100050403
Pre-training on HUC70: 170602080409
Pre-training on HUC75: 170103040302
Pre-training on HUC80: 170200110111
Pre-training on HUC85: 171100050604
Pre-training on HUC90: 170103040201
Pre-training on HUC95: 170602080101
Pre-training on HUC100: 171100050502
Pre-training on HUC105: 170103040304
Pre-training on HUC110: 170200110405
Pre-training on HUC115: 170200090203
Pre-training on HUC120: 170200110702
Pre-training on HUC125: 170602080204
Pre-training on HUC130: 170602070303
Pre-training on HUC135: 170602070302
Pre-training on HUC140: 170602080406
Pre-training on HUC145: 170103040505
Pre-training on HUC150: 170602070602
Pre-training on HUC155: 170200110106
Pre-training on HUC160: 170200110603
evaluating on huc 170200110301
test_mse: 0.008847140707075596
test_kge: 0.9383726945057199
test_r2: 0.9507095217704773
test_mae: 0.058167245239019394
evaluating on huc 170200090106
test_mse: 0.015734095126390457
test_kge: 0.7709036371457569
test_r2: 0.9183922410011292
test_mae: 0.08611471951007843
evaluating on huc 170602070105
test_mse: 0.003243856132030487
test_kge: 0.803459319334878
test_r2: 0.9241287708282471
test_mae: 0.03410061076283455
evaluating on huc 170602070802
test_mse: 0.0008131180657073855
test_kge: 0.9494309060866667
test_r2: 0.949648380279541
test_mae: 0.01708800718188286
evaluating on huc 170103020101
test_mse: 0.001539381337352097
test_kge: 0.9097537752255646
test_r2: 0.9492545127868652
test_mae: 0.022921843454241753
evaluating on huc 170200090105
test_mse: 0.046140000224113464
test_kge: 0.6248764478272526
test_r2: 0.8095530271530151
test_mae: 0.15420512855052948
evaluating on huc 170602070701
test_mse: 0.0031040613539516926
test_kge: 0.42774885359418624
test_r2: 0.6537732481956482
test_mae: 0.033737290650606155
evaluating on huc 170602080206
test_mse: 0.002934538060799241
test_kge: 0.7289245221319286
test_r2: 0.8575451374053955
test_mae: 0.03286539763212204
evaluating on huc 170200090302
test_mse: 0.003300402546301484
test_kge: 0.41596599680560586
test_r2: 0.5950859785079956
test_mae: 0.03866603970527649
evaluating on huc 170602071106
test_mse: 0.00438999617472291
test_kge: 0.677508882539759
test_r2: 0.8510947227478027
test_mae: 0.03841878101229668
evaluating on huc 170602070704
test_mse: 0.0026331229601055384
test_kge: 0.7303866315784933
test_r2: 0.8468528389930725
test_mae: 0.03010156750679016
evaluating on huc 170602071107
test_mse: 0.002146204002201557
test_kge: 0.253328845037892
test_r2: 0.44146454334259033
test_mae: 0.026018427684903145
evaluating on huc 170602080412
test_mse: 0.0012364452704787254
test_kge: 0.8256971564527025
test_r2: 0.8790265917778015
test_mae: 0.021366331726312637
evaluating on huc 170602080505
test_mse: 0.0010808436200022697
test_kge: 0.9515964547111601
test_r2: 0.9593373537063599
test_mae: 0.020427895709872246
evaluating on huc 171100060403
test_mse: 0.020515473559498787
test_kge: -0.2779504826399599
test_r2: -0.4024010896682739
test_mae: 0.07970729470252991
evaluating on huc 171100050703
test_mse: 0.014175712130963802
test_kge: 0.9013351856004939
test_r2: 0.8804283142089844
test_mae: 0.07625692337751389
evaluating on huc 170103040701
test_mse: 0.0033811754547059536
test_kge: 0.7285570790633765
test_r2: 0.9174431562423706
test_mae: 0.03134533390402794
evaluating on huc 170200090208
test_mse: 0.003063031006604433
test_kge: 0.9397013169585217
test_r2: 0.9239211678504944
test_mae: 0.033097606152296066
evaluating on huc 170602080502
test_mse: 0.005095014348626137
test_kge: 0.8502251574583511
test_r2: 0.9374608397483826
test_mae: 0.04094214364886284
evaluating on huc 170602070901
test_mse: 0.0039056618697941303
test_kge: 0.5957577606155343
test_r2: 0.752153217792511
test_mae: 0.03531688451766968
evaluating on huc 170200090209
test_mse: 0.025744179263710976
test_kge: 0.2965840835156024
test_r2: 0.5292915105819702
test_mae: 0.10249621421098709
evaluating on huc 170602070603
test_mse: 0.003486202796921134
test_kge: 0.5507399550106894
test_r2: 0.7940170168876648
test_mae: 0.03733404725790024
evaluating on huc 170103040401
test_mse: 0.0026031984016299248
test_kge: 0.964655208467072
test_r2: 0.939985454082489
test_mae: 0.029332809150218964
evaluating on huc 170602080605
test_mse: 0.001384263508953154
test_kge: 0.9225928293872755
test_r2: 0.935239851474762
test_mae: 0.021054476499557495
evaluating on huc 171100051004
test_mse: 0.07209142297506332
test_kge: 0.40593487107727766
test_r2: 0.5649008750915527
test_mae: 0.15168681740760803
evaluating on huc 170200110601
test_mse: 0.0007664344157092273
test_kge: 0.8187773857253675
test_r2: 0.8508373498916626
test_mae: 0.013792638666927814
evaluating on huc 170200110703
test_mse: 0.007485443726181984
test_kge: 0.37238500855063794
test_r2: 0.5568667650222778
test_mae: 0.05083708092570305
evaluating on huc 170602070902
test_mse: 0.0051296367309987545
test_kge: 0.6057774881261935
test_r2: 0.7976653575897217
test_mae: 0.04479384794831276
evaluating on huc 171100090103
test_mse: 0.036847155541181564
test_kge: 0.6348688459838843
test_r2: 0.8018900752067566
test_mae: 0.12683117389678955
evaluating on huc 170200090108
test_mse: 0.010495811700820923
test_kge: 0.8060558904315617
test_r2: 0.9321825504302979
test_mae: 0.06629066169261932
evaluating on huc 170602070707
test_mse: 0.00265615526586771
test_kge: 0.2665542592893364
test_r2: 0.44516026973724365
test_mae: 0.02943996712565422
evaluating on huc 171100060102
test_mse: 0.031735096126794815
test_kge: 0.6727567738954934
test_r2: 0.8592092990875244
test_mae: 0.11877521127462387
evaluating on huc 171100050402
test_mse: 0.022610383108258247
test_kge: 0.6734077064542587
test_r2: 0.8190335035324097
test_mae: 0.0917917788028717
evaluating on huc 170602080108
test_mse: 0.004462838638573885
test_kge: 0.5763478030163702
test_r2: 0.7845025658607483
test_mae: 0.04188130423426628
evaluating on huc 170602080302
test_mse: 0.002431547734886408
test_kge: 0.8477186477573196
test_r2: 0.8914701342582703
test_mae: 0.030546220019459724
evaluating on huc 170103020302
test_mse: 0.0023071470204740763
test_kge: 0.917929924973609
test_r2: 0.9217075109481812
test_mae: 0.028267303481698036
evaluating on huc 170602080503
test_mse: 0.0012220476055517793
test_kge: 0.9451616955006158
test_r2: 0.9597493410110474
test_mae: 0.0215162206441164
evaluating on huc 170103020102
test_mse: 0.0023395370226353407
test_kge: 0.7878904980899213
test_r2: 0.9042354822158813
test_mae: 0.028896775096654892
evaluating on huc 170200110502
test_mse: 0.013348164036870003
test_kge: 0.7320851946996262
test_r2: 0.8480099439620972
test_mae: 0.06832625716924667
evaluating on huc 171100050705
test_mse: 0.014486889354884624
test_kge: 0.8686503235449204
test_r2: 0.8801764845848083
test_mae: 0.07600970566272736
evaluating on huc 171100050801
test_mse: 0.050591520965099335
test_kge: 0.67356996812291
test_r2: 0.7816413640975952
test_mae: 0.16538211703300476
evaluating on huc 171100060402
test_mse: 0.012857554480433464
test_kge: 0.46501036998662915
test_r2: 0.6894474029541016
test_mae: 0.0653436928987503
evaluating on huc 171100060202
test_mse: 0.014614914543926716
test_kge: 0.7944680206184224
test_r2: 0.922508180141449
test_mae: 0.07803706079721451
evaluating on huc 170103040901
test_mse: 0.0007199781248345971
test_kge: 0.8740710864821789
test_r2: 0.9488301277160645
test_mae: 0.01477139350026846
evaluating on huc 170200090202
test_mse: 0.009344290010631084
test_kge: 0.9094026005183349
test_r2: 0.8863781094551086
test_mae: 0.056855056434869766
evaluating on huc 170602070705
test_mse: 0.002220496768131852
test_kge: 0.712286246558504
test_r2: 0.8324729204177856
test_mae: 0.025205248966813087
evaluating on huc 170103040601
test_mse: 0.0015305666020140052
test_kge: 0.7902955251551557
test_r2: 0.8606814742088318
test_mae: 0.02158023975789547
evaluating on huc 170200110503
test_mse: 0.001966510433703661
test_kge: 0.5050111530365657
test_r2: 0.6803194880485535
test_mae: 0.02376951277256012
evaluating on huc 170602070904
test_mse: 0.003559455741196871
test_kge: 0.08814970066441852
test_r2: 0.18994736671447754
test_mae: 0.03447076305747032
evaluating on huc 170200110403
test_mse: 0.00726421270519495
test_kge: 0.9451692354988291
test_r2: 0.9568148851394653
test_mae: 0.05191505327820778
evaluating on huc 171100050603
test_mse: 0.006595022510737181
test_kge: 0.8940261901737983
test_r2: 0.8926853537559509
test_mae: 0.048517826944589615
evaluating on huc 170200110501
test_mse: 0.0020438204519450665
test_kge: 0.7282522014004091
test_r2: 0.8907097578048706
test_mae: 0.027997007593512535
evaluating on huc 170200110101
test_mse: 0.054824165999889374
test_kge: 0.5406905160412134
test_r2: 0.7502291202545166
test_mae: 0.1607605367898941
evaluating on huc 170200110102
test_mse: 0.02437279000878334
test_kge: 0.7082101934694311
test_r2: 0.8730576038360596
test_mae: 0.10563134402036667
✅ Checkpoint saved: /home/sagemaker-user/checkpoints/Exp1B_Wind_3e-4_epoch2.pth
2026/08/24 20:16:16 WARNING mlflow.utils.requirements_utils: Found torch version (2.5.1+cu121) contains a local version label (+cu121). MLflow logged a pip requirement for this package as 'torch==2.5.1' without the local version label to make it installable from PyPI. To specify pip requirements containing local version labels, please use `conda_env` or `pip_requirements`.
2026/08/24 20:16:20 WARNING mlflow.utils.requirements_utils: Found torch version (2.5.1+cu121) contains a local version label (+cu121). MLflow logged a pip requirement for this package as 'torch==2.5.1' without the local version label to make it installable from PyPI. To specify pip requirements containing local version labels, please use `conda_env` or `pip_requirements`.
2026/08/24 20:16:20 WARNING mlflow.models.model: Model logged without a signature and input example. Please set `input_example` parameter when logging the model to auto infer the model signature.
💾 Checkpoint saved: Exp1B_Wind_3e-4_epoch2.pth
Epoch 3: Pre-training on multiple HUCs
Pre-training on HUC5: 170602080107
Pre-training on HUC10: 170200110603
Pre-training on HUC15: 170103040606
Pre-training on HUC20: 171100051002
Pre-training on HUC25: 171100050904
Pre-training on HUC30: 170602070402
Pre-training on HUC35: 171100090201
Pre-training on HUC40: 170200110111
Pre-training on HUC45: 170103040307
Pre-training on HUC50: 170103040203
Pre-training on HUC55: 170602070706
Pre-training on HUC60: 170602080102
Pre-training on HUC65: 170200110405
Pre-training on HUC70: 170602070101
Pre-training on HUC75: 171100050903
Pre-training on HUC80: 171100060104
Pre-training on HUC85: 171100050804
Pre-training on HUC90: 170602070803
Pre-training on HUC95: 170602070305
Pre-training on HUC100: 170200110105
Pre-training on HUC105: 170602070106
Pre-training on HUC110: 170200090111
Pre-training on HUC115: 170200110702
Pre-training on HUC120: 171100050902
Pre-training on HUC125: 170103040501
Pre-training on HUC130: 171100050602
Pre-training on HUC135: 171100050803
Pre-training on HUC140: 171100050708
Pre-training on HUC145: 171100050504
Pre-training on HUC150: 171100060106
Pre-training on HUC155: 171100060205
Pre-training on HUC160: 170602070303
evaluating on huc 170602070901
test_mse: 0.005916321184486151
test_kge: 0.5373069747600266
test_r2: 0.6245601773262024
test_mae: 0.04196050390601158
evaluating on huc 170602080503
test_mse: 0.0022284851875156164
test_kge: 0.7942024385592126
test_r2: 0.9266002774238586
test_mae: 0.027575604617595673
evaluating on huc 171100060102
test_mse: 0.015654562041163445
test_kge: 0.7724357977124039
test_r2: 0.9305495619773865
test_mae: 0.08170570433139801
evaluating on huc 170103040401
test_mse: 0.003933628089725971
test_kge: 0.7903617644893228
test_r2: 0.9093135595321655
test_mae: 0.03675186261534691
evaluating on huc 170602070603
test_mse: 0.0072800577618181705
test_kge: 0.41424405985063484
test_r2: 0.5698562860488892
test_mae: 0.04840504378080368
evaluating on huc 170602080412
test_mse: 0.002253567334264517
test_kge: 0.6324527399973168
test_r2: 0.7795116305351257
test_mae: 0.02491169609129429
evaluating on huc 171100050703
test_mse: 0.011849350295960903
test_kge: 0.8316476926392369
test_r2: 0.9000511169433594
test_mae: 0.06810247153043747
evaluating on huc 170200090302
test_mse: 0.004729588516056538
test_kge: 0.2684159635342126
test_r2: 0.4197445511817932
test_mae: 0.04699455201625824
evaluating on huc 170200090208
test_mse: 0.003747423179447651
test_kge: 0.9167903640627206
test_r2: 0.9069223403930664
test_mae: 0.03745312616229057
evaluating on huc 170602080206
test_mse: 0.005332210101187229
test_kge: 0.5357286295320702
test_r2: 0.7411520481109619
test_mae: 0.042761608958244324
evaluating on huc 170602070705
test_mse: 0.0041069756262004375
test_kge: 0.6168355100116378
test_r2: 0.6901460886001587
test_mae: 0.034177832305431366
evaluating on huc 170602071107
test_mse: 0.004436837043613195
test_kge: -0.09676006551319305
test_r2: -0.15465772151947021
test_mae: 0.03595685213804245
evaluating on huc 170103020101
test_mse: 0.003548056585714221
test_kge: 0.6904090189915679
test_r2: 0.8830387592315674
test_mae: 0.03567226603627205
evaluating on huc 171100051004
test_mse: 0.05788553133606911
test_kge: 0.49787610201474974
test_r2: 0.6506388187408447
test_mae: 0.13380052149295807
evaluating on huc 170602080302
test_mse: 0.0033275748137384653
test_kge: 0.6843206042920011
test_r2: 0.851476788520813
test_mae: 0.03225007653236389
evaluating on huc 170200110502
test_mse: 0.006214880850166082
test_kge: 0.8515326483026688
test_r2: 0.9292336702346802
test_mae: 0.049150481820106506
evaluating on huc 170200110501
test_mse: 0.0017146068857982755
test_kge: 0.874681711117433
test_r2: 0.9083139896392822
test_mae: 0.02553515136241913
evaluating on huc 170103040901
test_mse: 0.0009057821589522064
test_kge: 0.9055461241784752
test_r2: 0.9356247782707214
test_mae: 0.016505874693393707
evaluating on huc 171100060202
test_mse: 0.0039990548975765705
test_kge: 0.9145139782439905
test_r2: 0.9787960648536682
test_mae: 0.042390670627355576
evaluating on huc 170200090105
test_mse: 0.0269866231828928
test_kge: 0.7124394144557044
test_r2: 0.888610303401947
test_mae: 0.11737512052059174
evaluating on huc 171100060403
test_mse: 0.023615749552845955
test_kge: -0.36906165411503045
test_r2: -0.6143304109573364
test_mae: 0.08444510400295258
evaluating on huc 170200090108
test_mse: 0.00404681172221899
test_kge: 0.9243560351701431
test_r2: 0.9738520383834839
test_mae: 0.04143180325627327
evaluating on huc 170200110301
test_mse: 0.00701299961656332
test_kge: 0.9156388270160895
test_r2: 0.9609281420707703
test_mae: 0.05303332209587097
evaluating on huc 171100050402
test_mse: 0.008211568929255009
test_kge: 0.8338822787071183
test_r2: 0.9342771768569946
test_mae: 0.05754995346069336
evaluating on huc 170602070701
test_mse: 0.00643873680382967
test_kge: 0.18301362737310578
test_r2: 0.2818238139152527
test_mae: 0.04567350447177887
evaluating on huc 170602070902
test_mse: 0.007763649336993694
test_kge: 0.5663323822615839
test_r2: 0.6937686800956726
test_mae: 0.050952598452568054
evaluating on huc 170602071106
test_mse: 0.001760450773872435
test_kge: 0.8324524306255784
test_r2: 0.9402868747711182
test_mae: 0.026755236089229584
evaluating on huc 170200110403
test_mse: 0.007210258394479752
test_kge: 0.9127222035361174
test_r2: 0.9571356773376465
test_mae: 0.05330703780055046
evaluating on huc 171100050801
test_mse: 0.031405627727508545
test_kge: 0.7471293544369919
test_r2: 0.8644498586654663
test_mae: 0.13445979356765747
evaluating on huc 170103020102
test_mse: 0.005258872173726559
test_kge: 0.5574769959431806
test_r2: 0.7847380638122559
test_mae: 0.04468486085534096
evaluating on huc 170602070704
test_mse: 0.0016415673308074474
test_kge: 0.8412632368500985
test_r2: 0.904523491859436
test_mae: 0.02615129016339779
evaluating on huc 170200110503
test_mse: 0.0030434916261583567
test_kge: 0.3422470195292192
test_r2: 0.5052428841590881
test_mae: 0.028885403648018837
evaluating on huc 170103020302
test_mse: 0.0024367182049900293
test_kge: 0.839614227329842
test_r2: 0.9173105955123901
test_mae: 0.028853649273514748
evaluating on huc 170200110601
test_mse: 0.0006346023292280734
test_kge: 0.9278056410692186
test_r2: 0.8764943480491638
test_mae: 0.012651522643864155
evaluating on huc 170602080605
test_mse: 0.001024066936224699
test_kge: 0.9669785898634524
test_r2: 0.9520909786224365
test_mae: 0.019205911085009575
evaluating on huc 170103040701
test_mse: 0.002241738373413682
test_kge: 0.953476340703286
test_r2: 0.9452643394470215
test_mae: 0.02658960223197937
evaluating on huc 170602070707
test_mse: 0.005220375023782253
test_kge: -0.021424814011101967
test_r2: -0.09047532081604004
test_mae: 0.039865463972091675
evaluating on huc 171100060402
test_mse: 0.01691863313317299
test_kge: 0.38200218876506553
test_r2: 0.5913589000701904
test_mae: 0.0723496824502945
evaluating on huc 171100050705
test_mse: 0.011149630881845951
test_kge: 0.8848757271145815
test_r2: 0.9077795147895813
test_mae: 0.06282045692205429
evaluating on huc 170602080108
test_mse: 0.008564034476876259
test_kge: 0.3854648030782689
test_r2: 0.5864678025245667
test_mae: 0.05519484356045723
evaluating on huc 170602070105
test_mse: 0.003968601115047932
test_kge: 0.7274813588721842
test_r2: 0.9071775674819946
test_mae: 0.044609226286411285
evaluating on huc 170200110703
test_mse: 0.017636068165302277
test_kge: -0.04051304143064849
test_r2: -0.04404342174530029
test_mae: 0.08087524771690369
evaluating on huc 170602070802
test_mse: 0.0009427334298379719
test_kge: 0.8982963990935918
test_r2: 0.9416220784187317
test_mae: 0.01790161058306694
evaluating on huc 170602080505
test_mse: 0.0015810105251148343
test_kge: 0.8127839674950381
test_r2: 0.9405204653739929
test_mae: 0.02305634692311287
evaluating on huc 170200110101
test_mse: 0.027558978646993637
test_kge: 0.6699495253018218
test_r2: 0.8744453191757202
test_mae: 0.11474888771772385
evaluating on huc 170602080502
test_mse: 0.0010136459022760391
test_kge: 0.9781960980544286
test_r2: 0.9875578880310059
test_mae: 0.019771605730056763
evaluating on huc 170602070904
test_mse: 0.006440413184463978
test_kge: -0.20876403177205782
test_r2: -0.4656943082809448
test_mae: 0.044665753841400146
evaluating on huc 170200090202
test_mse: 0.0056654708459973335
test_kge: 0.9113596924496855
test_r2: 0.931110680103302
test_mae: 0.04870213568210602
evaluating on huc 170200110102
test_mse: 0.007422385271638632
test_kge: 0.851341437405229
test_r2: 0.9613415002822876
test_mae: 0.05850699543952942
evaluating on huc 170103040601
test_mse: 0.003141985973343253
test_kge: 0.5279676118407955
test_r2: 0.714003324508667
test_mae: 0.03006352111697197
evaluating on huc 170200090106
test_mse: 0.010654701851308346
test_kge: 0.8820285243792799
test_r2: 0.944737434387207
test_mae: 0.06866052001714706
evaluating on huc 170200090209
test_mse: 0.026743028312921524
test_kge: 0.28974115973936065
test_r2: 0.5110284090042114
test_mae: 0.10547371208667755
evaluating on huc 171100090103
test_mse: 0.018582334741950035
test_kge: 0.7738251421063003
test_r2: 0.9000914692878723
test_mae: 0.08481939136981964
evaluating on huc 171100050603
test_mse: 0.006384590640664101
test_kge: 0.7976283027300834
test_r2: 0.8961095213890076
test_mae: 0.047898970544338226
✅ Checkpoint saved: /home/sagemaker-user/checkpoints/Exp1B_Wind_3e-4_epoch3.pth
2026/08/24 20:49:22 WARNING mlflow.utils.requirements_utils: Found torch version (2.5.1+cu121) contains a local version label (+cu121). MLflow logged a pip requirement for this package as 'torch==2.5.1' without the local version label to make it installable from PyPI. To specify pip requirements containing local version labels, please use `conda_env` or `pip_requirements`.
2026/08/24 20:49:26 WARNING mlflow.utils.requirements_utils: Found torch version (2.5.1+cu121) contains a local version label (+cu121). MLflow logged a pip requirement for this package as 'torch==2.5.1' without the local version label to make it installable from PyPI. To specify pip requirements containing local version labels, please use `conda_env` or `pip_requirements`.
2026/08/24 20:49:26 WARNING mlflow.models.model: Model logged without a signature and input example. Please set `input_example` parameter when logging the model to auto infer the model signature.
💾 Checkpoint saved: Exp1B_Wind_3e-4_epoch3.pth
Epoch 4: Pre-training on multiple HUCs
Pre-training on HUC5: 170103040301
Pre-training on HUC10: 171100050704
Pre-training on HUC15: 170602080107
Pre-training on HUC20: 170602070101
Pre-training on HUC25: 171100050701
Pre-training on HUC30: 170602070706
Pre-training on HUC35: 170200110305
Pre-training on HUC40: 170200110105
Pre-training on HUC45: 171100050804
Pre-training on HUC50: 170602070102
Pre-training on HUC55: 170200090103
Pre-training on HUC60: 170103040306
Pre-training on HUC65: 171100051005
Pre-training on HUC70: 171100060203
Pre-training on HUC75: 170602070601
Pre-training on HUC80: 171100090302
Pre-training on HUC85: 170103040307
Pre-training on HUC90: 170602070903
Pre-training on HUC95: 170602070801
Pre-training on HUC100: 170602070403
Pre-training on HUC105: 171100050405
Pre-training on HUC110: 170103040801
Pre-training on HUC115: 170103040602
Pre-training on HUC120: 170602080403
Pre-training on HUC125: 171100050803
Pre-training on HUC130: 170200090204
Pre-training on HUC135: 170200110202
Pre-training on HUC140: 170602070106
Pre-training on HUC145: 170602071105
Pre-training on HUC150: 170602080406
Pre-training on HUC155: 171100050601
Pre-training on HUC160: 170602070401
2026/08/24 21:22:17 WARNING mlflow.utils.requirements_utils: Found torch version (2.5.1+cu121) contains a local version label (+cu121). MLflow logged a pip requirement for this package as 'torch==2.5.1' without the local version label to make it installable from PyPI. To specify pip requirements containing local version labels, please use `conda_env` or `pip_requirements`.
2026/08/24 21:22:21 WARNING mlflow.utils.requirements_utils: Found torch version (2.5.1+cu121) contains a local version label (+cu121). MLflow logged a pip requirement for this package as 'torch==2.5.1' without the local version label to make it installable from PyPI. To specify pip requirements containing local version labels, please use `conda_env` or `pip_requirements`.
2026/08/24 21:22:21 WARNING mlflow.models.model: Model logged without a signature and input example. Please set `input_example` parameter when logging the model to auto infer the model signature.
evaluating on huc 170602071106
test_mse: 0.013706675730645657
test_kge: 0.32694369990335015
test_r2: 0.5350801944732666
test_mae: 0.07254216074943542
evaluating on huc 170200110502
test_mse: 0.02558854967355728
test_kge: 0.5320984046139021
test_r2: 0.7086336612701416
test_mae: 0.10425630956888199
evaluating on huc 170602080505
test_mse: 0.0066229794174432755
test_kge: 0.5397059133106419
test_r2: 0.7508354187011719
test_mae: 0.04941384121775627
evaluating on huc 170602080503
test_mse: 0.006742603145539761
test_kge: 0.5776411864122373
test_r2: 0.7779185175895691
test_mae: 0.04719240590929985
evaluating on huc 170602071107
test_mse: 0.0005264391656965017
test_kge: 0.8395654456088293
test_r2: 0.8629976511001587
test_mae: 0.012142150662839413
evaluating on huc 170602070603
test_mse: 0.000556857674382627
test_kge: 0.9605964297729764
test_r2: 0.9670979380607605
test_mae: 0.014478359371423721
evaluating on huc 171100051004
test_mse: 0.0878683552145958
test_kge: 0.2979370470191862
test_r2: 0.4696810841560364
test_mae: 0.17514410614967346
evaluating on huc 170103040401
test_mse: 0.00964269507676363
test_kge: 0.605462981934169
test_r2: 0.777695894241333
test_mae: 0.05287965387105942
evaluating on huc 170200110403
test_mse: 0.014017612673342228
test_kge: 0.784247045487303
test_r2: 0.916666567325592
test_mae: 0.07223626226186752
evaluating on huc 170200110601
test_mse: 0.0005587230552919209
test_kge: 0.6955567003942527
test_r2: 0.891261875629425
test_mae: 0.0122803570702672
evaluating on huc 170602080108
test_mse: 0.0020638767164200544
test_kge: 0.852782554225014
test_r2: 0.9003413915634155
test_mae: 0.02624397538602352
evaluating on huc 170602070105
test_mse: 0.013792814686894417
test_kge: 0.46491882710631605
test_r2: 0.6773968935012817
test_mae: 0.07634954154491425
evaluating on huc 171100050705
test_mse: 0.017289219424128532
test_kge: 0.7533928652509753
test_r2: 0.8569979667663574
test_mae: 0.08248969167470932
evaluating on huc 171100050703
test_mse: 0.014240555465221405
test_kge: 0.8378846144146056
test_r2: 0.8798813223838806
test_mae: 0.07775816321372986
evaluating on huc 170602070904
test_mse: 0.0002750202256720513
test_kge: 0.8753110736822367
test_r2: 0.9374115467071533
test_mae: 0.009388462640345097
evaluating on huc 170200090202
test_mse: 0.015585447661578655
test_kge: 0.7095207366413125
test_r2: 0.810488760471344
test_mae: 0.07618235796689987
evaluating on huc 170602080502
test_mse: 0.017760151997208595
test_kge: 0.5856427334717698
test_r2: 0.7820014953613281
test_mae: 0.08270280808210373
evaluating on huc 170602070802
test_mse: 0.005519336089491844
test_kge: 0.4375606430511303
test_r2: 0.6582199931144714
test_mae: 0.043159984052181244
evaluating on huc 170602080302
test_mse: 0.005189215298742056
test_kge: 0.6131542718096074
test_r2: 0.7683842182159424
test_mae: 0.04164152964949608
evaluating on huc 171100060102
test_mse: 0.03782670572400093
test_kge: 0.617713287397027
test_r2: 0.8321843147277832
test_mae: 0.13436155021190643
evaluating on huc 170103040901
test_mse: 0.004860113840550184
test_kge: 0.39495965836786884
test_r2: 0.6545848846435547
test_mae: 0.03699114918708801
evaluating on huc 170103020101
test_mse: 0.0056525967083871365
test_kge: 0.6487126310932472
test_r2: 0.8136628866195679
test_mae: 0.042127374559640884
evaluating on huc 170602070707
test_mse: 0.000311829790007323
test_kge: 0.9197480717640655
test_r2: 0.9348623752593994
test_mae: 0.01008033100515604
evaluating on huc 170200110101
test_mse: 0.07852478325366974
test_kge: 0.4327622568749171
test_r2: 0.6422526240348816
test_mae: 0.19474980235099792
evaluating on huc 170200090208
test_mse: 0.007631268352270126
test_kge: 0.6542805844542502
test_r2: 0.8104563355445862
test_mae: 0.05258116126060486
evaluating on huc 170200110301
test_mse: 0.013706044293940067
test_kge: 0.7918986465255465
test_r2: 0.9236388802528381
test_mae: 0.07714401185512543
evaluating on huc 170200110703
test_mse: 0.0022296381648629904
test_kge: 0.7979665361777812
test_r2: 0.8680069446563721
test_mae: 0.026396779343485832
evaluating on huc 170200090209
test_mse: 0.03953509032726288
test_kge: 0.13933680883751953
test_r2: 0.2771374583244324
test_mae: 0.12354332208633423
evaluating on huc 171100090103
test_mse: 0.04372779652476311
test_kge: 0.5658688477894609
test_r2: 0.7648960947990417
test_mae: 0.1441580206155777
evaluating on huc 170200110102
test_mse: 0.04083412513136864
test_kge: 0.5873403543289599
test_r2: 0.7873209714889526
test_mae: 0.143001988530159
evaluating on huc 170602080206
test_mse: 0.0036705199163407087
test_kge: 0.6799283617062639
test_r2: 0.8218175172805786
test_mae: 0.0327608622610569
evaluating on huc 171100050402
test_mse: 0.04707590490579605
test_kge: 0.47819632854562866
test_r2: 0.6232191324234009
test_mae: 0.14268848299980164
evaluating on huc 170602070902
test_mse: 0.0015457113040611148
test_kge: 0.8884723363068165
test_r2: 0.9390305876731873
test_mae: 0.022498145699501038
evaluating on huc 170200090108
test_mse: 0.024043751880526543
test_kge: 0.6383191799398666
test_r2: 0.8446441888809204
test_mae: 0.10801853239536285
evaluating on huc 170602070705
test_mse: 0.0013133938191458583
test_kge: 0.7542673673136843
test_r2: 0.9009100198745728
test_mae: 0.01999911293387413
evaluating on huc 170103020102
test_mse: 0.00386223616078496
test_kge: 0.6936913779990362
test_r2: 0.8419066667556763
test_mae: 0.0338684506714344
evaluating on huc 170602080605
test_mse: 0.008727005682885647
test_kge: 0.3853925366400971
test_r2: 0.5917237401008606
test_mae: 0.057149775326251984
evaluating on huc 170200090105
test_mse: 0.0705437883734703
test_kge: 0.5155066727937565
test_r2: 0.7088242769241333
test_mae: 0.19035159051418304
evaluating on huc 171100060403
test_mse: 0.009038927033543587
test_kge: 0.2208973533910945
test_r2: 0.38211512565612793
test_mae: 0.05095764622092247
evaluating on huc 171100060402
test_mse: 0.0052312626503407955
test_kge: 0.7634300816901383
test_r2: 0.8736476898193359
test_mae: 0.0392807200551033
evaluating on huc 171100050801
test_mse: 0.06457532197237015
test_kge: 0.584294185020902
test_r2: 0.7212857604026794
test_mae: 0.1951313316822052
evaluating on huc 171100060202
test_mse: 0.026634540408849716
test_kge: 0.6664721024453263
test_r2: 0.8587771654129028
test_mae: 0.11437641829252243
evaluating on huc 170602080412
test_mse: 0.002774705644696951
test_kge: 0.5036326173656083
test_r2: 0.7285236120223999
test_mae: 0.031821358948946
evaluating on huc 170200090302
test_mse: 0.006532436236739159
test_kge: 0.1356817282205811
test_r2: 0.19855988025665283
test_mae: 0.052574191242456436
evaluating on huc 170103040701
test_mse: 0.014443292282521725
test_kge: 0.36969811082579074
test_r2: 0.6473438143730164
test_mae: 0.07133248448371887
evaluating on huc 170602070704
test_mse: 0.0083830077201128
test_kge: 0.3485389712362975
test_r2: 0.5124292373657227
test_mae: 0.05976288765668869
evaluating on huc 170602070701
test_mse: 0.0006257774075493217
test_kge: 0.9212421525012893
test_r2: 0.9302008152008057
test_mae: 0.014574052765965462
evaluating on huc 170602070901
test_mse: 0.001061815768480301
test_kge: 0.866024130463333
test_r2: 0.9326189756393433
test_mae: 0.017938153818249702
evaluating on huc 170103040601
test_mse: 0.0026095230132341385
test_kge: 0.5547372235920633
test_r2: 0.7624703645706177
test_mae: 0.026806745678186417
evaluating on huc 170103020302
test_mse: 0.010413851588964462
test_kge: 0.463038032102966
test_r2: 0.6466084718704224
test_mae: 0.055640000849962234
evaluating on huc 170200110503
test_mse: 0.0005482982960529625
test_kge: 0.8674761854810005
test_r2: 0.9108673334121704
test_mae: 0.012807903811335564
evaluating on huc 171100050603
test_mse: 0.0139589449390769
test_kge: 0.6791121403075314
test_r2: 0.7728590965270996
test_mae: 0.07149423658847809
evaluating on huc 170200090106
test_mse: 0.032498087733983994
test_kge: 0.636123101884448
test_r2: 0.8314427137374878
test_mae: 0.12458276748657227
evaluating on huc 170200110501
test_mse: 0.004560417030006647
test_kge: 0.5346820532801708
test_r2: 0.7561385631561279
test_mae: 0.04272349923849106
✅ Checkpoint saved: /home/sagemaker-user/checkpoints/Exp1B_Wind_3e-4_epoch4.pth
💾 Checkpoint saved: Exp1B_Wind_3e-4_epoch4.pth
Epoch 5: Pre-training on multiple HUCs
Pre-training on HUC5: 170200110405
Pre-training on HUC10: 171100060106
Pre-training on HUC15: 170602080102
Pre-training on HUC20: 170103040607
Pre-training on HUC25: 170602080402
Pre-training on HUC30: 171100051006
Pre-training on HUC35: 170602080104
Pre-training on HUC40: 171100090401
Pre-training on HUC45: 171100051101
Pre-training on HUC50: 171100060105
Pre-training on HUC55: 171100050803
Pre-training on HUC60: 170602070101
Pre-training on HUC65: 170602080107
Pre-training on HUC70: 171100060301
Pre-training on HUC75: 170103040606
Pre-training on HUC80: 170602070306
Pre-training on HUC85: 170602070706
Pre-training on HUC90: 170602080603
Pre-training on HUC95: 170200110704
Pre-training on HUC100: 170602070304
Pre-training on HUC105: 170200110304
Pre-training on HUC110: 170103040306
Pre-training on HUC115: 171100050602
Pre-training on HUC120: 170103040503
Pre-training on HUC125: 170602080406
Pre-training on HUC130: 171100050604
Pre-training on HUC135: 171100051001
Pre-training on HUC140: 170200090102
Pre-training on HUC145: 170200110108
Pre-training on HUC150: 170200110203
Pre-training on HUC155: 170602070801
Pre-training on HUC160: 170200110201
evaluating on huc 170602071107
test_mse: 0.0012320962268859148
test_kge: 0.5120327492652055
test_r2: 0.6793550252914429
test_mae: 0.018667230382561684
evaluating on huc 170602070105
test_mse: 0.011869694106280804
test_kge: 0.49284967168565497
test_r2: 0.7223771810531616
test_mae: 0.07321962714195251
evaluating on huc 170602080108
test_mse: 0.0012402356369420886
test_kge: 0.9425251220781271
test_r2: 0.9401126503944397
test_mae: 0.01945517212152481
evaluating on huc 170602070603
test_mse: 0.0011356852483004332
test_kge: 0.8276393714768822
test_r2: 0.9328978061676025
test_mae: 0.018749363720417023
evaluating on huc 170200090108
test_mse: 0.008717750199139118
test_kge: 0.8097282487034406
test_r2: 0.9436712861061096
test_mae: 0.06424354016780853
evaluating on huc 170602080206
test_mse: 0.0012439428828656673
test_kge: 0.9005786459652566
test_r2: 0.9396137595176697
test_mae: 0.020894581452012062
evaluating on huc 170200110403
test_mse: 0.006134853232651949
test_kge: 0.9797594714381926
test_r2: 0.9635288715362549
test_mae: 0.0481315515935421
evaluating on huc 171100050801
test_mse: 0.033151596784591675
test_kge: 0.7265577356185581
test_r2: 0.8569140434265137
test_mae: 0.14052237570285797
evaluating on huc 170103020101
test_mse: 0.0014388092095032334
test_kge: 0.8903691347542534
test_r2: 0.952569842338562
test_mae: 0.02182457596063614
evaluating on huc 171100050705
test_mse: 0.008972731418907642
test_kge: 0.9465500532342751
test_r2: 0.9257850050926208
test_mae: 0.06120140105485916
evaluating on huc 170602070704
test_mse: 0.004022139124572277
test_kge: 0.5561265302031984
test_r2: 0.7660651803016663
test_mae: 0.04334639385342598
evaluating on huc 170103040601
test_mse: 0.002187744714319706
test_kge: 0.6989336236899949
test_r2: 0.8008623719215393
test_mae: 0.024978507310152054
evaluating on huc 170200110101
test_mse: 0.04188914597034454
test_kge: 0.5779017790452529
test_r2: 0.8091591596603394
test_mae: 0.14789988100528717
evaluating on huc 170200110703
test_mse: 0.012917454354465008
test_kge: 0.1537154613983568
test_r2: 0.2352953553199768
test_mae: 0.0654509961605072
evaluating on huc 170200110102
test_mse: 0.01581249013543129
test_kge: 0.7494591802209406
test_r2: 0.9176427721977234
test_mae: 0.09030944854021072
evaluating on huc 171100051004
test_mse: 0.06306255608797073
test_kge: 0.4491318314067897
test_r2: 0.6193934679031372
test_mae: 0.14713145792484283
evaluating on huc 170602080302
test_mse: 0.002253343118354678
test_kge: 0.8038783793794126
test_r2: 0.899424135684967
test_mae: 0.027833241969347
evaluating on huc 171100050603
test_mse: 0.004299413412809372
test_kge: 0.8946525456170786
test_r2: 0.930039644241333
test_mae: 0.041571371257305145
evaluating on huc 170602070904
test_mse: 0.0021966733038425446
test_kge: 0.3818759545902298
test_r2: 0.5000861883163452
test_mae: 0.02475464716553688
evaluating on huc 171100060102
test_mse: 0.01772674173116684
test_kge: 0.7528366303145345
test_r2: 0.9213564395904541
test_mae: 0.09230100363492966
evaluating on huc 170200090208
test_mse: 0.004782103467732668
test_kge: 0.8034126703446371
test_r2: 0.881223201751709
test_mae: 0.0426819883286953
evaluating on huc 171100060202
test_mse: 0.009482698515057564
test_kge: 0.822358873585887
test_r2: 0.9497204422950745
test_mae: 0.06848762184381485
evaluating on huc 170602070902
test_mse: 0.0012212907895445824
test_kge: 0.9695540020811901
test_r2: 0.9518271088600159
test_mae: 0.020371902734041214
evaluating on huc 171100060402
test_mse: 0.012803717516362667
test_kge: 0.5356885219283757
test_r2: 0.6907477378845215
test_mae: 0.06198154762387276
evaluating on huc 171100050703
test_mse: 0.009108571335673332
test_kge: 0.8684700486101448
test_r2: 0.9231694936752319
test_mae: 0.06162983924150467
evaluating on huc 171100050402
test_mse: 0.02238391526043415
test_kge: 0.6477172761374552
test_r2: 0.8208460807800293
test_mae: 0.09907198697328568
evaluating on huc 170103040701
test_mse: 0.00230586901307106
test_kge: 0.853799499451565
test_r2: 0.943698525428772
test_mae: 0.027874404564499855
evaluating on huc 170200090302
test_mse: 0.005980534479022026
test_kge: 0.13186824306366418
test_r2: 0.26627063751220703
test_mae: 0.05399516969919205
evaluating on huc 170602080412
test_mse: 0.0008032589103095233
test_kge: 0.8756741266050481
test_r2: 0.9214093685150146
test_mae: 0.017299991101026535
evaluating on huc 170200110601
test_mse: 0.0008947479072958231
test_kge: 0.8769006026521927
test_r2: 0.8258650898933411
test_mae: 0.016927005723118782
evaluating on huc 170602071106
test_mse: 0.006671904120594263
test_kge: 0.5232945366895555
test_r2: 0.7736942172050476
test_mae: 0.05244875326752663
evaluating on huc 170602080505
test_mse: 0.002144245430827141
test_kge: 0.7406646566011834
test_r2: 0.919330894947052
test_mae: 0.028760001063346863
evaluating on huc 170200110503
test_mse: 0.002839733613654971
test_kge: 0.47187957205553677
test_r2: 0.5383662581443787
test_mae: 0.02720492333173752
evaluating on huc 170200090105
test_mse: 0.03543265163898468
test_kge: 0.6605745398570739
test_r2: 0.8537485599517822
test_mae: 0.138567715883255
evaluating on huc 170200090209
test_mse: 0.029642004519701004
test_kge: 0.23372295839900592
test_r2: 0.4580233097076416
test_mae: 0.1125616729259491
evaluating on huc 170602080605
test_mse: 0.003903698641806841
test_kge: 0.5840191612169919
test_r2: 0.8173729181289673
test_mae: 0.03883390501141548
evaluating on huc 170200110501
test_mse: 0.002383849350735545
test_kge: 0.7407954863628379
test_r2: 0.8725272417068481
test_mae: 0.032022178173065186
evaluating on huc 170602070901
test_mse: 0.0013066951651126146
test_kge: 0.9402156532823603
test_r2: 0.9170793294906616
test_mae: 0.019903961569070816
evaluating on huc 170200090202
test_mse: 0.008822525851428509
test_kge: 0.8492670135499372
test_r2: 0.892722487449646
test_mae: 0.05935655161738396
evaluating on huc 170602080502
test_mse: 0.011704791337251663
test_kge: 0.6366058953911705
test_r2: 0.856328547000885
test_mae: 0.07167309522628784
evaluating on huc 170200110502
test_mse: 0.012721243314445019
test_kge: 0.7001145099544664
test_r2: 0.855148434638977
test_mae: 0.07447873055934906
evaluating on huc 170200090106
test_mse: 0.013797460123896599
test_kge: 0.8161984651093294
test_r2: 0.9284369349479675
test_mae: 0.08076808601617813
evaluating on huc 170602070701
test_mse: 0.0014171984512358904
test_kge: 0.679479918471743
test_r2: 0.8419257998466492
test_mae: 0.021279383450746536
evaluating on huc 170602070705
test_mse: 0.0010429087560623884
test_kge: 0.9495471031928147
test_r2: 0.9213169813156128
test_mae: 0.018731944262981415
evaluating on huc 170200110301
test_mse: 0.006377195008099079
test_kge: 0.9333440875706027
test_r2: 0.9644704461097717
test_mae: 0.05242933705449104
evaluating on huc 171100060403
test_mse: 0.017397984862327576
test_kge: -0.13468402981438876
test_r2: -0.18929517269134521
test_mae: 0.0720655769109726
evaluating on huc 170103040901
test_mse: 0.0012121453182771802
test_kge: 0.9193250906118369
test_r2: 0.9138511419296265
test_mae: 0.019478632137179375
evaluating on huc 171100090103
test_mse: 0.023303581401705742
test_kge: 0.7155100681787169
test_r2: 0.8747075200080872
test_mae: 0.10497498512268066
evaluating on huc 170103020302
test_mse: 0.0017314337892457843
test_kge: 0.9596930091366987
test_r2: 0.9412442445755005
test_mae: 0.024468906223773956
evaluating on huc 170103040401
test_mse: 0.0020293842535465956
test_kge: 0.972728231166227
test_r2: 0.9532142877578735
test_mae: 0.026460105553269386
evaluating on huc 170602070707
test_mse: 0.001589532825164497
test_kge: 0.5313324209178283
test_r2: 0.6679651737213135
test_mae: 0.02072780765593052
evaluating on huc 170103020102
test_mse: 0.0024727678392082453
test_kge: 0.7714301504960344
test_r2: 0.898781955242157
test_mae: 0.028057241812348366
evaluating on huc 170602080503
test_mse: 0.0021058712154626846
test_kge: 0.7588514860749621
test_r2: 0.9306387901306152
test_mae: 0.027256015688180923
evaluating on huc 170602070802
test_mse: 0.0018708565039560199
test_kge: 0.6633957904290978
test_r2: 0.8841488361358643
test_mae: 0.025818126276135445
✅ Checkpoint saved: /home/sagemaker-user/checkpoints/Exp1B_Wind_3e-4_epoch5.pth
2026/08/24 21:55:20 WARNING mlflow.utils.requirements_utils: Found torch version (2.5.1+cu121) contains a local version label (+cu121). MLflow logged a pip requirement for this package as 'torch==2.5.1' without the local version label to make it installable from PyPI. To specify pip requirements containing local version labels, please use `conda_env` or `pip_requirements`.
2026/08/24 21:55:23 WARNING mlflow.utils.requirements_utils: Found torch version (2.5.1+cu121) contains a local version label (+cu121). MLflow logged a pip requirement for this package as 'torch==2.5.1' without the local version label to make it installable from PyPI. To specify pip requirements containing local version labels, please use `conda_env` or `pip_requirements`.
2026/08/24 21:55:23 WARNING mlflow.models.model: Model logged without a signature and input example. Please set `input_example` parameter when logging the model to auto infer the model signature.
💾 Checkpoint saved: Exp1B_Wind_3e-4_epoch5.pth
Epoch 6: Pre-training on multiple HUCs
Pre-training on HUC5: 170602080105
Pre-training on HUC10: 170602070205
Pre-training on HUC15: 170200110306
Pre-training on HUC20: 170602080601
Pre-training on HUC25: 171100090201
Pre-training on HUC30: 170200090102
Pre-training on HUC35: 170200110602
Pre-training on HUC40: 170602071105
Pre-training on HUC45: 170103040503
Pre-training on HUC50: 170200090304
Pre-training on HUC55: 171100050902
Pre-training on HUC60: 170602070502
Pre-training on HUC65: 170103040103
Pre-training on HUC70: 170103040402
Pre-training on HUC75: 171100060205
Pre-training on HUC80: 170602080504
Pre-training on HUC85: 170103040606
Pre-training on HUC90: 170200110108
Pre-training on HUC95: 170602080607
Pre-training on HUC100: 170103040201
Pre-training on HUC105: 171100051103
Pre-training on HUC110: 170602080107
Pre-training on HUC115: 170602071102
Pre-training on HUC120: 170602070403
Pre-training on HUC125: 170602080406
Pre-training on HUC130: 170200110702
Pre-training on HUC135: 170602080202
Pre-training on HUC140: 170602070703
Pre-training on HUC145: 170602070706
Pre-training on HUC150: 170602070903
Pre-training on HUC155: 170602080204
Pre-training on HUC160: 170602080608
evaluating on huc 170602080605
test_mse: 0.0011091155465692282
test_kge: 0.91757588684052
test_r2: 0.9481121301651001
test_mae: 0.02007691189646721
evaluating on huc 170200090105
test_mse: 0.01859297789633274
test_kge: 0.7883184698745322
test_r2: 0.9232558012008667
test_mae: 0.09096299856901169
evaluating on huc 170200110501
test_mse: 0.0015029513742774725
test_kge: 0.8688081488842496
test_r2: 0.9196319580078125
test_mae: 0.02326907217502594
evaluating on huc 171100050603
test_mse: 0.0052110617980360985
test_kge: 0.9296544358917619
test_r2: 0.9152052402496338
test_mae: 0.04360105097293854
evaluating on huc 170602070603
test_mse: 0.01006387546658516
test_kge: 0.23481660396577286
test_r2: 0.40537387132644653
test_mae: 0.0640321746468544
evaluating on huc 170200090106
test_mse: 0.007240929640829563
test_kge: 0.9750388194020804
test_r2: 0.9624435901641846
test_mae: 0.05266657471656799
evaluating on huc 170602070802
test_mse: 0.000862706103362143
test_kge: 0.9454209927772946
test_r2: 0.9465776681900024
test_mae: 0.01764710247516632
evaluating on huc 170602080412
test_mse: 0.0007911245920695364
test_kge: 0.8709457300083642
test_r2: 0.9225966334342957
test_mae: 0.01493555773049593
evaluating on huc 170602070904
test_mse: 0.004385099280625582
test_kge: -0.03239838568425224
test_r2: 0.0020493268966674805
test_mae: 0.039300303906202316
evaluating on huc 171100090103
test_mse: 0.02498655393719673
test_kge: 0.7049406161081813
test_r2: 0.8656589984893799
test_mae: 0.10266420245170593
evaluating on huc 170602070902
test_mse: 0.012098051607608795
test_kge: 0.37035019278071357
test_r2: 0.5228014588356018
test_mae: 0.07045982778072357
evaluating on huc 171100050703
test_mse: 0.014678284525871277
test_kge: 0.783292616321186
test_r2: 0.876189112663269
test_mae: 0.07672534883022308
evaluating on huc 170103040901
test_mse: 0.001370221027173102
test_kge: 0.8359999874617645
test_r2: 0.9026164412498474
test_mae: 0.021329989656805992
evaluating on huc 170200110601
test_mse: 0.0008258906309492886
test_kge: 0.8499921396424357
test_r2: 0.8392660021781921
test_mae: 0.014261498115956783
evaluating on huc 170200090208
test_mse: 0.009596293792128563
test_kge: 0.6398719973086836
test_r2: 0.761649489402771
test_mae: 0.055863212794065475
evaluating on huc 170103020302
test_mse: 0.0018838847754523158
test_kge: 0.9455519973038349
test_r2: 0.9360707998275757
test_mae: 0.025954050943255424
evaluating on huc 171100050705
test_mse: 0.01089632697403431
test_kge: 0.9495007473758289
test_r2: 0.909874677658081
test_mae: 0.06419063359498978
evaluating on huc 170200090108
test_mse: 0.0033077686093747616
test_kge: 0.9462949086010577
test_r2: 0.9786272644996643
test_mae: 0.0359107106924057
evaluating on huc 171100060102
test_mse: 0.011796516366302967
test_kge: 0.833414828404584
test_r2: 0.9476655125617981
test_mae: 0.0688827857375145
evaluating on huc 170602070704
test_mse: 0.001302965683862567
test_kge: 0.8110077105368415
test_r2: 0.924217164516449
test_mae: 0.022765405476093292
evaluating on huc 170200110502
test_mse: 0.0055217863991856575
test_kge: 0.8799855638972197
test_r2: 0.9371256828308105
test_mae: 0.04595160856842995
evaluating on huc 170200110403
test_mse: 0.007007590029388666
test_kge: 0.8747087876634891
test_r2: 0.9583405256271362
test_mae: 0.05300949141383171
evaluating on huc 170103040401
test_mse: 0.002883964218199253
test_kge: 0.890301296406385
test_r2: 0.9335126876831055
test_mae: 0.03199778124690056
evaluating on huc 170602070705
test_mse: 0.004091576207429171
test_kge: 0.5503914359729507
test_r2: 0.6913079023361206
test_mae: 0.036261335015296936
evaluating on huc 170602080206
test_mse: 0.00415510730817914
test_kge: 0.5961185073838056
test_r2: 0.7982935905456543
test_mae: 0.03828265517950058
evaluating on huc 170602080108
test_mse: 0.006904147565364838
test_kge: 0.44285060455635583
test_r2: 0.6666189432144165
test_mae: 0.050896480679512024
evaluating on huc 170602071107
test_mse: 0.002344914246350527
test_kge: 0.18115176364652896
test_r2: 0.38975149393081665
test_mae: 0.028029602020978928
evaluating on huc 171100060403
test_mse: 0.013870712369680405
test_kge: -0.020019711387759598
test_r2: 0.05182290077209473
test_mae: 0.06587951630353928
evaluating on huc 170200110301
test_mse: 0.008408012799918652
test_kge: 0.8789623377562139
test_r2: 0.953156054019928
test_mae: 0.05768459290266037
evaluating on huc 170602070105
test_mse: 0.0014360803179442883
test_kge: 0.9610022359613116
test_r2: 0.9664112329483032
test_mae: 0.02405579760670662
evaluating on huc 170602080302
test_mse: 0.0022917429450899363
test_kge: 0.7611182173422648
test_r2: 0.8977102041244507
test_mae: 0.025804884731769562
evaluating on huc 170200110102
test_mse: 0.009051085449755192
test_kge: 0.8505655961168881
test_r2: 0.9528586268424988
test_mae: 0.06263523548841476
evaluating on huc 170200090302
test_mse: 0.003377251559868455
test_kge: 0.4443587743848567
test_r2: 0.5856577157974243
test_mae: 0.03781449794769287
evaluating on huc 170602080505
test_mse: 0.0014674216508865356
test_kge: 0.8664698181774129
test_r2: 0.9447938203811646
test_mae: 0.02305772341787815
evaluating on huc 170602080503
test_mse: 0.002455241046845913
test_kge: 0.8258131830440836
test_r2: 0.9191315770149231
test_mae: 0.030347155407071114
evaluating on huc 170602071106
test_mse: 0.0022191370371729136
test_kge: 0.76096398604904
test_r2: 0.9247286319732666
test_mae: 0.02821899950504303
evaluating on huc 170103040601
test_mse: 0.001300039584748447
test_kge: 0.8286193526524179
test_r2: 0.8816649913787842
test_mae: 0.020102178677916527
evaluating on huc 171100050801
test_mse: 0.021816693246364594
test_kge: 0.8384473477163789
test_r2: 0.9058367609977722
test_mae: 0.10552661120891571
evaluating on huc 170103040701
test_mse: 0.0028011025860905647
test_kge: 0.8098824413498344
test_r2: 0.9316065907478333
test_mae: 0.030949747189879417
evaluating on huc 171100050402
test_mse: 0.009238441474735737
test_kge: 0.8441707714687089
test_r2: 0.9260584115982056
test_mae: 0.058369919657707214
evaluating on huc 170602070901
test_mse: 0.00808851420879364
test_kge: 0.3635902255036594
test_r2: 0.4867163896560669
test_mae: 0.053247515112161636
evaluating on huc 171100060202
test_mse: 0.004458828363567591
test_kge: 0.9380637789723548
test_r2: 0.9763582348823547
test_mae: 0.041921187192201614
evaluating on huc 170602080502
test_mse: 0.0018129913369193673
test_kge: 0.9771250077324694
test_r2: 0.977746307849884
test_mae: 0.02610199898481369
evaluating on huc 170200090202
test_mse: 0.01146533340215683
test_kge: 0.7425140307405913
test_r2: 0.8605872988700867
test_mae: 0.0657716616988182
evaluating on huc 170103020101
test_mse: 0.002244229195639491
test_kge: 0.7880737722443645
test_r2: 0.9260193109512329
test_mae: 0.02786685898900032
evaluating on huc 170200110503
test_mse: 0.0008341986685991287
test_kge: 0.8183159363889541
test_r2: 0.8643907308578491
test_mae: 0.014859984628856182
evaluating on huc 170103020102
test_mse: 0.0034241057001054287
test_kge: 0.6518737361629529
test_r2: 0.8598407506942749
test_mae: 0.036589570343494415
evaluating on huc 170200090209
test_mse: 0.019446829333901405
test_kge: 0.42004264497383637
test_r2: 0.6444326639175415
test_mae: 0.08615466207265854
evaluating on huc 170602070707
test_mse: 0.0032884685788303614
test_kge: 0.1705550507228567
test_r2: 0.3130773901939392
test_mae: 0.03335413709282875
evaluating on huc 171100060402
test_mse: 0.008406238630414009
test_kge: 0.5938595155406519
test_r2: 0.7969614863395691
test_mae: 0.05389242246747017
evaluating on huc 170200110703
test_mse: 0.011817224323749542
test_kge: 0.16565749881876568
test_r2: 0.30042827129364014
test_mae: 0.06448757648468018
evaluating on huc 170200110101
test_mse: 0.0327470637857914
test_kge: 0.6483299267169806
test_r2: 0.8508092164993286
test_mae: 0.12274813652038574
evaluating on huc 170602070701
test_mse: 0.006012927740812302
test_kge: 0.16931803025290826
test_r2: 0.3293185234069824
test_mae: 0.047691624611616135
evaluating on huc 171100051004
test_mse: 0.07274556159973145
test_kge: 0.4133177534681043
test_r2: 0.56095290184021
test_mae: 0.14778245985507965
✅ Checkpoint saved: /home/sagemaker-user/checkpoints/Exp1B_Wind_3e-4_epoch6.pth
2026/08/24 22:28:39 WARNING mlflow.utils.requirements_utils: Found torch version (2.5.1+cu121) contains a local version label (+cu121). MLflow logged a pip requirement for this package as 'torch==2.5.1' without the local version label to make it installable from PyPI. To specify pip requirements containing local version labels, please use `conda_env` or `pip_requirements`.
2026/08/24 22:28:43 WARNING mlflow.utils.requirements_utils: Found torch version (2.5.1+cu121) contains a local version label (+cu121). MLflow logged a pip requirement for this package as 'torch==2.5.1' without the local version label to make it installable from PyPI. To specify pip requirements containing local version labels, please use `conda_env` or `pip_requirements`.
2026/08/24 22:28:43 WARNING mlflow.models.model: Model logged without a signature and input example. Please set `input_example` parameter when logging the model to auto infer the model signature.
💾 Checkpoint saved: Exp1B_Wind_3e-4_epoch6.pth
Epoch 7: Pre-training on multiple HUCs
Pre-training on HUC5: 170103020103
Pre-training on HUC10: 170103040801
Pre-training on HUC15: 170200090103
Pre-training on HUC20: 171100051001
Pre-training on HUC25: 171100051006
Pre-training on HUC30: 170200110404
Pre-training on HUC35: 170602070402
Pre-training on HUC40: 171100051102
Pre-training on HUC45: 170103020303
Pre-training on HUC50: 170602070303
Pre-training on HUC55: 170200110603
Pre-training on HUC60: 170200110109
Pre-training on HUC65: 170200110602
Pre-training on HUC70: 170200110111
Pre-training on HUC75: 170200090110
Pre-training on HUC80: 171100050602
Pre-training on HUC85: 171100050902
Pre-training on HUC90: 170602070205
Pre-training on HUC95: 171100050805
Pre-training on HUC100: 171100060106
Pre-training on HUC105: 171100060304
Pre-training on HUC110: 170602080106
Pre-training on HUC115: 171100060204
Pre-training on HUC120: 170103040803
Pre-training on HUC125: 170602070706
Pre-training on HUC130: 171100050904
Pre-training on HUC135: 170602080104
Pre-training on HUC140: 170200110304
Pre-training on HUC145: 170200110107
Pre-training on HUC150: 170602070305
Pre-training on HUC155: 170602080401
Pre-training on HUC160: 170602080504
evaluating on huc 170602071106
test_mse: 0.0062494222074747086
test_kge: 0.540900416334638
test_r2: 0.7880244255065918
test_mae: 0.04951921105384827
evaluating on huc 170602070707
test_mse: 0.0011653717374429107
test_kge: 0.5799146995678324
test_r2: 0.7565674781799316
test_mae: 0.018958954140543938
evaluating on huc 171100050705
test_mse: 0.01161948498338461
test_kge: 0.8686645874140303
test_r2: 0.9038932919502258
test_mae: 0.06776215881109238
evaluating on huc 170200090302
test_mse: 0.005341592710465193
test_kge: 0.21607987436339748
test_r2: 0.3446599841117859
test_mae: 0.04831903800368309
evaluating on huc 170200090108
test_mse: 0.012717344798147678
test_kge: 0.7387470430386461
test_r2: 0.917828381061554
test_mae: 0.0790349468588829
evaluating on huc 170103020102
test_mse: 0.0010352806420996785
test_kge: 0.9623950365984064
test_r2: 0.957622766494751
test_mae: 0.018505897372961044
evaluating on huc 170602070705
test_mse: 0.0013496235478669405
test_kge: 0.907564423741493
test_r2: 0.8981766104698181
test_mae: 0.02038724161684513
evaluating on huc 170200110102
test_mse: 0.024635106325149536
test_kge: 0.6828179310106922
test_r2: 0.8716913461685181
test_mae: 0.10981559008359909
evaluating on huc 170200090202
test_mse: 0.00824999250471592
test_kge: 0.8566708590246238
test_r2: 0.8996841907501221
test_mae: 0.05506300553679466
evaluating on huc 170200110703
test_mse: 0.004760837182402611
test_kge: 0.5210943378221511
test_r2: 0.7181616425514221
test_mae: 0.03933923318982124
evaluating on huc 170602080108
test_mse: 0.0015982785262167454
test_kge: 0.8242044151036818
test_r2: 0.9228237867355347
test_mae: 0.022559747099876404
evaluating on huc 170602070105
test_mse: 0.006600318010896444
test_kge: 0.6321291789747827
test_r2: 0.8456237316131592
test_mae: 0.05335574597120285
evaluating on huc 170200110502
test_mse: 0.015278445556759834
test_kge: 0.6343231825856201
test_r2: 0.8260306119918823
test_mae: 0.08173058927059174
evaluating on huc 170200090106
test_mse: 0.016854174435138702
test_kge: 0.7716825577635416
test_r2: 0.9125827550888062
test_mae: 0.08712201565504074
evaluating on huc 170602080502
test_mse: 0.006887614727020264
test_kge: 0.7392484195126112
test_r2: 0.9154573678970337
test_mae: 0.05056873708963394
evaluating on huc 170103020302
test_mse: 0.003293756628409028
test_kge: 0.7545397456014349
test_r2: 0.8882271647453308
test_mae: 0.031140342354774475
evaluating on huc 170200090208
test_mse: 0.003597279777750373
test_kge: 0.895713830171648
test_r2: 0.9106515645980835
test_mae: 0.03585675731301308
evaluating on huc 170602080302
test_mse: 0.0014566737227141857
test_kge: 0.9081202243272184
test_r2: 0.9349827170372009
test_mae: 0.022380515933036804
evaluating on huc 171100060102
test_mse: 0.02853257954120636
test_kge: 0.6752121445573256
test_r2: 0.8734170794487
test_mae: 0.11437541991472244
evaluating on huc 170602070704
test_mse: 0.003903256496414542
test_kge: 0.5666172506203603
test_r2: 0.7729796171188354
test_mae: 0.0403895303606987
evaluating on huc 170200110503
test_mse: 0.0009232732118107378
test_kge: 0.7918714133800906
test_r2: 0.84991055727005
test_mae: 0.015805736184120178
evaluating on huc 170200110403
test_mse: 0.006786971352994442
test_kge: 0.8922094379887278
test_r2: 0.9596520662307739
test_mae: 0.04647121578454971
evaluating on huc 170602070901
test_mse: 0.002083833096548915
test_kge: 0.8077962509206669
test_r2: 0.8677634000778198
test_mae: 0.024942301213741302
evaluating on huc 171100060402
test_mse: 0.005197654012590647
test_kge: 0.8019909213243274
test_r2: 0.8744593858718872
test_mae: 0.03908237814903259
evaluating on huc 170602070902
test_mse: 0.0022684051655232906
test_kge: 0.8149483835205518
test_r2: 0.9105244874954224
test_mae: 0.027739163488149643
evaluating on huc 170200110501
test_mse: 0.002241810318082571
test_kge: 0.7056606320079837
test_r2: 0.8801225423812866
test_mae: 0.029594525694847107
evaluating on huc 170602080605
test_mse: 0.002828924683853984
test_kge: 0.6709422699011547
test_r2: 0.8676542043685913
test_mae: 0.03106784075498581
evaluating on huc 170200090209
test_mse: 0.028352728113532066
test_kge: 0.2721855090039963
test_r2: 0.48159652948379517
test_mae: 0.1050325557589531
evaluating on huc 171100060202
test_mse: 0.015186947770416737
test_kge: 0.7522535909999079
test_r2: 0.9194751381874084
test_mae: 0.08682166785001755
evaluating on huc 171100050801
test_mse: 0.04667621850967407
test_kge: 0.6753225845079707
test_r2: 0.7985402941703796
test_mae: 0.16057972609996796
evaluating on huc 170200110601
test_mse: 0.00037900253664702177
test_kge: 0.9324690525749204
test_r2: 0.9262388944625854
test_mae: 0.010305122472345829
evaluating on huc 170602080505
test_mse: 0.0012704075779765844
test_kge: 0.824221104644789
test_r2: 0.9522057175636292
test_mae: 0.02146800607442856
evaluating on huc 170602070603
test_mse: 0.0018301333766430616
test_kge: 0.7078944861612659
test_r2: 0.8918662071228027
test_mae: 0.025797951966524124
evaluating on huc 170602070701
test_mse: 0.0015925818588584661
test_kge: 0.6292681162077433
test_r2: 0.822363555431366
test_mae: 0.023527035489678383
evaluating on huc 170103040901
test_mse: 0.0015803910791873932
test_kge: 0.7029341002265761
test_r2: 0.887679398059845
test_mae: 0.02086900919675827
evaluating on huc 170103040701
test_mse: 0.005853377282619476
test_kge: 0.6133175108714382
test_r2: 0.8570803999900818
test_mae: 0.04129980504512787
evaluating on huc 170200110301
test_mse: 0.007323764730244875
test_kge: 0.8896130654009714
test_r2: 0.9591968059539795
test_mae: 0.053784288465976715
evaluating on huc 170602070904
test_mse: 0.0017781266942620277
test_kge: 0.4070575450831322
test_r2: 0.5953380465507507
test_mae: 0.024239784106612206
evaluating on huc 171100051004
test_mse: 0.07896296679973602
test_kge: 0.34543153852020514
test_r2: 0.5234284996986389
test_mae: 0.16370993852615356
evaluating on huc 170602080206
test_mse: 0.00126976880710572
test_kge: 0.941554962427397
test_r2: 0.9383600950241089
test_mae: 0.020417554304003716
evaluating on huc 170602070802
test_mse: 0.001252948073670268
test_kge: 0.7680595165688889
test_r2: 0.9224122762680054
test_mae: 0.019562439993023872
evaluating on huc 171100050402
test_mse: 0.025505464524030685
test_kge: 0.6188102228084796
test_r2: 0.7958621978759766
test_mae: 0.10363344103097916
evaluating on huc 171100090103
test_mse: 0.04225219041109085
test_kge: 0.5773619489571041
test_r2: 0.7728297710418701
test_mae: 0.13990427553653717
evaluating on huc 171100050703
test_mse: 0.009904565289616585
test_kge: 0.9309392084247547
test_r2: 0.9164552688598633
test_mae: 0.06435593217611313
evaluating on huc 170103020101
test_mse: 0.0011188554344698787
test_kge: 0.9277510467322527
test_r2: 0.9631170630455017
test_mae: 0.019636070355772972
evaluating on huc 170602080503
test_mse: 0.0013573787873610854
test_kge: 0.8466273131714831
test_r2: 0.9552919268608093
test_mae: 0.02084069512784481
evaluating on huc 170200110101
test_mse: 0.05647554621100426
test_kge: 0.515418930955894
test_r2: 0.7427057027816772
test_mae: 0.16652734577655792
evaluating on huc 171100050603
test_mse: 0.006530149839818478
test_kge: 0.8482540404978731
test_r2: 0.8937409520149231
test_mae: 0.050101008266210556
evaluating on huc 170602071107
test_mse: 0.000793042010627687
test_kge: 0.5955700626786886
test_r2: 0.7936160564422607
test_mae: 0.015775881707668304
evaluating on huc 171100060403
test_mse: 0.009314015507698059
test_kge: 0.21903435013248995
test_r2: 0.3633105754852295
test_mae: 0.051123201847076416
evaluating on huc 170103040601
test_mse: 0.0010837860172614455
test_kge: 0.9187515808369241
test_r2: 0.9013493061065674
test_mae: 0.017800739035010338
evaluating on huc 170200090105
test_mse: 0.04660419002175331
test_kge: 0.6093735954931035
test_r2: 0.8076370358467102
test_mae: 0.1543969064950943
evaluating on huc 170103040401
test_mse: 0.0028517351020127535
test_kge: 0.8663585766736153
test_r2: 0.9342556595802307
test_mae: 0.029821256175637245
evaluating on huc 170602080412
test_mse: 0.0007809315575286746
test_kge: 0.8271793067867836
test_r2: 0.9235938787460327
test_mae: 0.01605064980685711
✅ Checkpoint saved: /home/sagemaker-user/checkpoints/Exp1B_Wind_3e-4_epoch7.pth
2026/08/24 23:02:01 WARNING mlflow.utils.requirements_utils: Found torch version (2.5.1+cu121) contains a local version label (+cu121). MLflow logged a pip requirement for this package as 'torch==2.5.1' without the local version label to make it installable from PyPI. To specify pip requirements containing local version labels, please use `conda_env` or `pip_requirements`.
2026/08/24 23:02:04 WARNING mlflow.utils.requirements_utils: Found torch version (2.5.1+cu121) contains a local version label (+cu121). MLflow logged a pip requirement for this package as 'torch==2.5.1' without the local version label to make it installable from PyPI. To specify pip requirements containing local version labels, please use `conda_env` or `pip_requirements`.
2026/08/24 23:02:04 WARNING mlflow.models.model: Model logged without a signature and input example. Please set `input_example` parameter when logging the model to auto infer the model signature.
💾 Checkpoint saved: Exp1B_Wind_3e-4_epoch7.pth
Epoch 8: Pre-training on multiple HUCs
Pre-training on HUC5: 170602080303
Pre-training on HUC10: 171100050707
Pre-training on HUC15: 170200110405
Pre-training on HUC20: 171100090202
Pre-training on HUC25: 170200090203
Pre-training on HUC30: 170602070801
Pre-training on HUC35: 171100051101
Pre-training on HUC40: 170200110406
Pre-training on HUC45: 170103040803
Pre-training on HUC50: 171100090403
Pre-training on HUC55: 171100060301
Pre-training on HUC60: 171100060204
Pre-training on HUC65: 170200110106
Pre-training on HUC70: 170602070803
Pre-training on HUC75: 171100051005
Pre-training on HUC80: 170602070502
Pre-training on HUC85: 171100051102
Pre-training on HUC90: 170602070306
Pre-training on HUC95: 170602080607
Pre-training on HUC100: 170602080601
Pre-training on HUC105: 170200110404
Pre-training on HUC110: 170200110603
Pre-training on HUC115: 170602070602
Pre-training on HUC120: 171100050702
Pre-training on HUC125: 170103040703
Pre-training on HUC130: 170200110306
Pre-training on HUC135: 170103040201
Pre-training on HUC140: 170602080401
Pre-training on HUC145: 171100050502
Pre-training on HUC150: 170602070203
Pre-training on HUC155: 171100050901
Pre-training on HUC160: 170103040503
evaluating on huc 171100050603
test_mse: 0.004390420392155647
test_kge: 0.8679446631641412
test_r2: 0.9285587668418884
test_mae: 0.03978431969881058
evaluating on huc 171100051004
test_mse: 0.06261564791202545
test_kge: 0.4462511330232236
test_r2: 0.6220908164978027
test_mae: 0.14227476716041565
evaluating on huc 171100050801
test_mse: 0.020308978855609894
test_kge: 0.8158566043894065
test_r2: 0.912344217300415
test_mae: 0.10767123848199844
evaluating on huc 170602080108
test_mse: 0.008912788704037666
test_kge: 0.3260844665859697
test_r2: 0.5696274638175964
test_mae: 0.06299220770597458
evaluating on huc 170602071107
test_mse: 0.0033096533734351397
test_kge: 0.020108308394819696
test_r2: 0.1386844515800476
test_mae: 0.03455733135342598
evaluating on huc 171100060402
test_mse: 0.00877364445477724
test_kge: 0.5935833820773362
test_r2: 0.7880873680114746
test_mae: 0.05745360255241394
evaluating on huc 170602080412
test_mse: 0.001187788904644549
test_kge: 0.7331461826621284
test_r2: 0.8837870955467224
test_mae: 0.019361084327101707
evaluating on huc 170602070701
test_mse: 0.007247375790029764
test_kge: 0.11162375266454694
test_r2: 0.19162827730178833
test_mae: 0.053118474781513214
evaluating on huc 170200110403
test_mse: 0.009056915529072285
test_kge: 0.8653530891286908
test_r2: 0.9461574554443359
test_mae: 0.05954534560441971
evaluating on huc 170200110101
test_mse: 0.025024332106113434
test_kge: 0.680796236920518
test_r2: 0.8859928250312805
test_mae: 0.10917700827121735
evaluating on huc 170602070603
test_mse: 0.01008522603660822
test_kge: 0.27001831754919925
test_r2: 0.4041123390197754
test_mae: 0.06414072215557098
evaluating on huc 170200090202
test_mse: 0.006488095037639141
test_kge: 0.8906212361499662
test_r2: 0.9211080074310303
test_mae: 0.05038474127650261
evaluating on huc 170602080605
test_mse: 0.0009360990370623767
test_kge: 0.9542865985808405
test_r2: 0.9562063813209534
test_mae: 0.017683202400803566
evaluating on huc 170200090106
test_mse: 0.008990424685180187
test_kge: 0.9701573958373146
test_r2: 0.9533694982528687
test_mae: 0.061378609389066696
evaluating on huc 170103040601
test_mse: 0.00272293365560472
test_kge: 0.6403184242659226
test_r2: 0.7521472573280334
test_mae: 0.027149265632033348
evaluating on huc 170200110503
test_mse: 0.002192858373746276
test_kge: 0.6357481862269883
test_r2: 0.6435238122940063
test_mae: 0.022526035085320473
evaluating on huc 170200110703
test_mse: 0.01936846785247326
test_kge: -0.0409615819574487
test_r2: -0.14660024642944336
test_mae: 0.08145731687545776
evaluating on huc 171100050703
test_mse: 0.010488614439964294
test_kge: 0.800571464135351
test_r2: 0.9115288257598877
test_mae: 0.06319741159677505
evaluating on huc 170602071106
test_mse: 0.0012074463302269578
test_kge: 0.8378322358762468
test_r2: 0.959044337272644
test_mae: 0.02146524004638195
evaluating on huc 170602080502
test_mse: 0.002049527131021023
test_kge: 0.9460732044698409
test_r2: 0.97484290599823
test_mae: 0.028564246371388435
evaluating on huc 170200090302
test_mse: 0.003236547578126192
test_kge: 0.458703063917434
test_r2: 0.6029201149940491
test_mae: 0.03817315027117729
evaluating on huc 171100060102
test_mse: 0.012576477602124214
test_kge: 0.8055656414152342
test_r2: 0.9442052841186523
test_mae: 0.07333261519670486
evaluating on huc 170602070901
test_mse: 0.007672930136322975
test_kge: 0.37483687244491104
test_r2: 0.5130887031555176
test_mae: 0.05406501144170761
evaluating on huc 170200090208
test_mse: 0.005428131204098463
test_kge: 0.9119572499469011
test_r2: 0.86517733335495
test_mae: 0.04494546353816986
evaluating on huc 170200110502
test_mse: 0.004581782966852188
test_kge: 0.9030981444920558
test_r2: 0.9478291273117065
test_mae: 0.04381352663040161
evaluating on huc 171100060202
test_mse: 0.00446655135601759
test_kge: 0.9560832705086232
test_r2: 0.976317286491394
test_mae: 0.044048283249139786
evaluating on huc 171100050402
test_mse: 0.008435413241386414
test_kge: 0.8597490795561897
test_r2: 0.9324855804443359
test_mae: 0.057424549013376236
evaluating on huc 170103020302
test_mse: 0.0024791243486106396
test_kge: 0.881180875880226
test_r2: 0.9158715009689331
test_mae: 0.028796425089240074
evaluating on huc 171100050705
test_mse: 0.0070909601636230946
test_kge: 0.9355519155355554
test_r2: 0.941349446773529
test_mae: 0.0518936924636364
evaluating on huc 171100090103
test_mse: 0.01805061474442482
test_kge: 0.7447997673417757
test_r2: 0.9029502868652344
test_mae: 0.08753293752670288
evaluating on huc 170200110501
test_mse: 0.0028625312261283398
test_kge: 0.8866961172332235
test_r2: 0.8469304442405701
test_mae: 0.03099037893116474
evaluating on huc 170103040701
test_mse: 0.0019406431820243597
test_kge: 0.9334115166508359
test_r2: 0.9526160955429077
test_mae: 0.026404470205307007
evaluating on huc 170602070904
test_mse: 0.006071729585528374
test_kge: -0.1878313553236084
test_r2: -0.3817901611328125
test_mae: 0.046543341130018234
evaluating on huc 170602080505
test_mse: 0.0022150517906993628
test_kge: 0.7472581387430537
test_r2: 0.9166670441627502
test_mae: 0.031251344829797745
evaluating on huc 170602080503
test_mse: 0.00325410277582705
test_kge: 0.7219128273414319
test_r2: 0.8928194046020508
test_mae: 0.03755955398082733
evaluating on huc 170602070707
test_mse: 0.004846317693591118
test_kge: 0.011240634546810013
test_r2: -0.012339115142822266
test_mae: 0.0412287637591362
evaluating on huc 170602070802
test_mse: 0.001221787533722818
test_kge: 0.8319510474175875
test_r2: 0.9243418574333191
test_mae: 0.02154684253036976
evaluating on huc 170200110601
test_mse: 0.0014265768695622683
test_kge: 0.7936271423278098
test_r2: 0.7223610877990723
test_mae: 0.018607590347528458
evaluating on huc 170602080206
test_mse: 0.006531635299324989
test_kge: 0.4400980245932682
test_r2: 0.6829268932342529
test_mae: 0.05417092889547348
evaluating on huc 170200090209
test_mse: 0.020754188299179077
test_kge: 0.3934151230834432
test_r2: 0.6205288171768188
test_mae: 0.09130500257015228
evaluating on huc 170103040901
test_mse: 0.0013152764877304435
test_kge: 0.9433441372526226
test_r2: 0.9065214395523071
test_mae: 0.020510956645011902
evaluating on huc 170200090108
test_mse: 0.004366857931017876
test_kge: 0.9591299220885544
test_r2: 0.9717840552330017
test_mae: 0.04147958755493164
evaluating on huc 171100060403
test_mse: 0.013255702331662178
test_kge: -0.01320625689356758
test_r2: 0.09386390447616577
test_mae: 0.06985971331596375
evaluating on huc 170602070105
test_mse: 0.0016581398667767644
test_kge: 0.885342220253259
test_r2: 0.9612174034118652
test_mae: 0.024837328121066093
evaluating on huc 170602070902
test_mse: 0.010244413278996944
test_kge: 0.42166962994192725
test_r2: 0.5959168672561646
test_mae: 0.06779143959283829
evaluating on huc 170200110301
test_mse: 0.009560531005263329
test_kge: 0.8644882509121802
test_r2: 0.9467349648475647
test_mae: 0.06100192666053772
evaluating on huc 170602080302
test_mse: 0.003528518369421363
test_kge: 0.6374843628892517
test_r2: 0.8425078392028809
test_mae: 0.03691725432872772
evaluating on huc 170602070705
test_mse: 0.004717493895441294
test_kge: 0.5118831481478949
test_r2: 0.6440850496292114
test_mae: 0.03956601023674011
evaluating on huc 170103020101
test_mse: 0.004128169268369675
test_kge: 0.697591191328673
test_r2: 0.8639154434204102
test_mae: 0.03674294799566269
evaluating on huc 170103020102
test_mse: 0.0057304054498672485
test_kge: 0.5580427680788975
test_r2: 0.7654367685317993
test_mae: 0.04550391435623169
evaluating on huc 170200090105
test_mse: 0.015886472538113594
test_kge: 0.790372232517793
test_r2: 0.9344271421432495
test_mae: 0.08833865076303482
evaluating on huc 170602070704
test_mse: 0.0009239788632839918
test_kge: 0.8621619960315596
test_r2: 0.9462597370147705
test_mae: 0.019583363085985184
evaluating on huc 170200110102
test_mse: 0.0061009605415165424
test_kge: 0.881818476027421
test_r2: 0.9682239890098572
test_mae: 0.053503237664699554
evaluating on huc 170103040401
test_mse: 0.004480701871216297
test_kge: 0.8239484784360521
test_r2: 0.8967012166976929
test_mae: 0.03852956369519234
✅ Checkpoint saved: /home/sagemaker-user/checkpoints/Exp1B_Wind_3e-4_epoch8.pth
2026/08/24 23:35:12 WARNING mlflow.utils.requirements_utils: Found torch version (2.5.1+cu121) contains a local version label (+cu121). MLflow logged a pip requirement for this package as 'torch==2.5.1' without the local version label to make it installable from PyPI. To specify pip requirements containing local version labels, please use `conda_env` or `pip_requirements`.
2026/08/24 23:35:16 WARNING mlflow.utils.requirements_utils: Found torch version (2.5.1+cu121) contains a local version label (+cu121). MLflow logged a pip requirement for this package as 'torch==2.5.1' without the local version label to make it installable from PyPI. To specify pip requirements containing local version labels, please use `conda_env` or `pip_requirements`.
2026/08/24 23:35:16 WARNING mlflow.models.model: Model logged without a signature and input example. Please set `input_example` parameter when logging the model to auto infer the model signature.
💾 Checkpoint saved: Exp1B_Wind_3e-4_epoch8.pth
Epoch 9: Pre-training on multiple HUCs
Pre-training on HUC5: 170602070703
Pre-training on HUC10: 170200110404
Pre-training on HUC15: 170103040105
Pre-training on HUC20: 170602080204
Pre-training on HUC25: 170103040301
Pre-training on HUC30: 170602080405
Pre-training on HUC35: 170602070502
Pre-training on HUC40: 171100050803
Pre-training on HUC45: 170103040307
Pre-training on HUC50: 170602070401
Pre-training on HUC55: 171100050606
Pre-training on HUC60: 170602080608
Pre-training on HUC65: 170200090304
Pre-training on HUC70: 170602080102
Pre-training on HUC75: 170602070803
Pre-training on HUC80: 170103040302
Pre-training on HUC85: 170200110704
Pre-training on HUC90: 170200090204
Pre-training on HUC95: 171100090202
Pre-training on HUC100: 170602080104
Pre-training on HUC105: 170103040402
Pre-training on HUC110: 170200090104
Pre-training on HUC115: 171100090401
Pre-training on HUC120: 170200110304
Pre-training on HUC125: 170602080601
Pre-training on HUC130: 171100060103
Pre-training on HUC135: 171100050701
Pre-training on HUC140: 170103040801
Pre-training on HUC145: 171100050704
Pre-training on HUC150: 171100090201
Pre-training on HUC155: 171100060105
Pre-training on HUC160: 171100060104
2026/08/25 00:08:47 WARNING mlflow.utils.requirements_utils: Found torch version (2.5.1+cu121) contains a local version label (+cu121). MLflow logged a pip requirement for this package as 'torch==2.5.1' without the local version label to make it installable from PyPI. To specify pip requirements containing local version labels, please use `conda_env` or `pip_requirements`.
2026/08/25 00:08:51 WARNING mlflow.utils.requirements_utils: Found torch version (2.5.1+cu121) contains a local version label (+cu121). MLflow logged a pip requirement for this package as 'torch==2.5.1' without the local version label to make it installable from PyPI. To specify pip requirements containing local version labels, please use `conda_env` or `pip_requirements`.
2026/08/25 00:08:51 WARNING mlflow.models.model: Model logged without a signature and input example. Please set `input_example` parameter when logging the model to auto infer the model signature.
evaluating on huc 171100050703
test_mse: 0.00925650354474783
test_kge: 0.8964539801916491
test_r2: 0.9219216704368591
test_mae: 0.06119038164615631
evaluating on huc 170602080302
test_mse: 0.0026393169537186623
test_kge: 0.7514698795082126
test_r2: 0.8821965456008911
test_mae: 0.029476504772901535
evaluating on huc 170200110601
test_mse: 0.0005433999467641115
test_kge: 0.8223906858368111
test_r2: 0.8942440748214722
test_mae: 0.013138514012098312
evaluating on huc 171100060403
test_mse: 0.009349667467176914
test_kge: 0.2495309611897012
test_r2: 0.36087340116500854
test_mae: 0.04883459955453873
evaluating on huc 171100050801
test_mse: 0.03771025314927101
test_kge: 0.7251108867495983
test_r2: 0.8372383713722229
test_mae: 0.14931505918502808
evaluating on huc 170602070904
test_mse: 0.0015398068353533745
test_kge: 0.44456493798341945
test_r2: 0.649574339389801
test_mae: 0.022610118612647057
evaluating on huc 170200110102
test_mse: 0.016890110448002815
test_kge: 0.7455940266111483
test_r2: 0.9120301604270935
test_mae: 0.09530361741781235
evaluating on huc 170200090208
test_mse: 0.00384146417491138
test_kge: 0.9148031871543753
test_r2: 0.9045866131782532
test_mae: 0.03851475194096565
evaluating on huc 170200110101
test_mse: 0.04588950797915459
test_kge: 0.5613961077689118
test_r2: 0.790934145450592
test_mae: 0.15473176538944244
evaluating on huc 171100050402
test_mse: 0.025055352598428726
test_kge: 0.6243169762259737
test_r2: 0.799464762210846
test_mae: 0.10513441264629364
evaluating on huc 170103040901
test_mse: 0.0018990470562130213
test_kge: 0.6481002982298811
test_r2: 0.8650320768356323
test_mae: 0.02401779778301716
evaluating on huc 170200110301
test_mse: 0.006998473312705755
test_kge: 0.9383264861433795
test_r2: 0.9610090851783752
test_mae: 0.054884109646081924
evaluating on huc 171100060102
test_mse: 0.016882900148630142
test_kge: 0.7605597809455413
test_r2: 0.9251000881195068
test_mae: 0.09358613193035126
evaluating on huc 170103040701
test_mse: 0.00578482449054718
test_kge: 0.6090827629161837
test_r2: 0.8587542176246643
test_mae: 0.04325401037931442
evaluating on huc 170602071107
test_mse: 0.000582949141971767
test_kge: 0.6959651600789316
test_r2: 0.848291277885437
test_mae: 0.013360654003918171
evaluating on huc 170200110503
test_mse: 0.0008321162895299494
test_kge: 0.8915652969716489
test_r2: 0.8647292256355286
test_mae: 0.015095021575689316
evaluating on huc 170602070603
test_mse: 0.002383285202085972
test_kge: 0.6869685010329185
test_r2: 0.8591830730438232
test_mae: 0.026931535452604294
evaluating on huc 170602070701
test_mse: 0.0013342619640752673
test_kge: 0.6583237208648871
test_r2: 0.8511765003204346
test_mae: 0.02148730866611004
evaluating on huc 170602070802
test_mse: 0.002281437162309885
test_kge: 0.6587087318342602
test_r2: 0.8587239980697632
test_mae: 0.026109693571925163
evaluating on huc 170200090202
test_mse: 0.006736126262694597
test_kge: 0.9032617619935824
test_r2: 0.9180920720100403
test_mae: 0.053354986011981964
evaluating on huc 170103040601
test_mse: 0.000901578925549984
test_kge: 0.9077390673748091
test_r2: 0.9179345369338989
test_mae: 0.016349665820598602
evaluating on huc 170200090106
test_mse: 0.012828787788748741
test_kge: 0.8575337811185341
test_r2: 0.9334611296653748
test_mae: 0.07693013548851013
evaluating on huc 171100060202
test_mse: 0.00999525561928749
test_kge: 0.827910650036546
test_r2: 0.9470027089118958
test_mae: 0.07138802856206894
evaluating on huc 170103020101
test_mse: 0.0012956240680068731
test_kge: 0.9317059239482735
test_r2: 0.9572899341583252
test_mae: 0.020886199548840523
evaluating on huc 170602071106
test_mse: 0.007930326275527477
test_kge: 0.4768518424423157
test_r2: 0.7310094833374023
test_mae: 0.056538961827754974
evaluating on huc 170602080108
test_mse: 0.0009551894618198276
test_kge: 0.9659323771995908
test_r2: 0.9538766741752625
test_mae: 0.01822073385119438
evaluating on huc 170103040401
test_mse: 0.00285640312358737
test_kge: 0.8793510983745377
test_r2: 0.9341480731964111
test_mae: 0.03103623352944851
evaluating on huc 170602070901
test_mse: 0.0016678015235811472
test_kge: 0.8434433954306844
test_r2: 0.8941640853881836
test_mae: 0.022953327745199203
evaluating on huc 170602070902
test_mse: 0.0017828919226303697
test_kge: 0.8565365673262137
test_r2: 0.9296751618385315
test_mae: 0.02496219426393509
evaluating on huc 170602070707
test_mse: 0.0009570092661306262
test_kge: 0.6134055356797624
test_r2: 0.8000919818878174
test_mae: 0.017389528453350067
evaluating on huc 170200110501
test_mse: 0.00251678004860878
test_kge: 0.6983435993519449
test_r2: 0.8654189705848694
test_mae: 0.033529218286275864
evaluating on huc 170602080206
test_mse: 0.0017693254631012678
test_kge: 0.8359161815715126
test_r2: 0.914109468460083
test_mae: 0.022869031876325607
evaluating on huc 170200110703
test_mse: 0.006375997327268124
test_kge: 0.4227695169333274
test_r2: 0.6225452423095703
test_mae: 0.04507112875580788
evaluating on huc 170200110403
test_mse: 0.005499058403074741
test_kge: 0.9594966207075294
test_r2: 0.9673085808753967
test_mae: 0.04536708816885948
evaluating on huc 170602080605
test_mse: 0.004576101433485746
test_kge: 0.5598373956534024
test_r2: 0.7859158515930176
test_mae: 0.04048362374305725
evaluating on huc 170103020102
test_mse: 0.0011249214876443148
test_kge: 0.9532599634541437
test_r2: 0.9539535045623779
test_mae: 0.01915886625647545
evaluating on huc 170602080505
test_mse: 0.003136257641017437
test_kge: 0.7011060112356127
test_r2: 0.8820101618766785
test_mae: 0.03327878937125206
evaluating on huc 170200090209
test_mse: 0.026722006499767303
test_kge: 0.27371438964260875
test_r2: 0.5114127993583679
test_mae: 0.10622920840978622
evaluating on huc 171100050603
test_mse: 0.006229127291589975
test_kge: 0.853539164805176
test_r2: 0.8986392021179199
test_mae: 0.048376865684986115
evaluating on huc 170200090105
test_mse: 0.03212106600403786
test_kge: 0.6864661239319481
test_r2: 0.8674174547195435
test_mae: 0.13200603425502777
evaluating on huc 170602070704
test_mse: 0.004212046507745981
test_kge: 0.5419427377740835
test_r2: 0.7550197839736938
test_mae: 0.04335952550172806
evaluating on huc 170200090108
test_mse: 0.009581749327480793
test_kge: 0.8036215373003704
test_r2: 0.9380886554718018
test_mae: 0.06976696103811264
evaluating on huc 170103020302
test_mse: 0.002865799702703953
test_kge: 0.7798829576480365
test_r2: 0.90274977684021
test_mae: 0.029649654403328896
evaluating on huc 170200090302
test_mse: 0.005628629121929407
test_kge: 0.1700264021253891
test_r2: 0.3094446063041687
test_mae: 0.05182987079024315
evaluating on huc 170602080412
test_mse: 0.00106996379327029
test_kge: 0.7506859977811374
test_r2: 0.8953150510787964
test_mae: 0.018979070708155632
evaluating on huc 171100060402
test_mse: 0.006523723714053631
test_kge: 0.7460950082507017
test_r2: 0.8424304723739624
test_mae: 0.04167035222053528
evaluating on huc 170602070105
test_mse: 0.0060297464951872826
test_kge: 0.6556948928386889
test_r2: 0.85896897315979
test_mae: 0.05216362699866295
evaluating on huc 171100050705
test_mse: 0.010938829742372036
test_kge: 0.8872996194081945
test_r2: 0.9095231294631958
test_mae: 0.06731130182743073
evaluating on huc 170602080502
test_mse: 0.012524161487817764
test_kge: 0.6445099896592825
test_r2: 0.8462710976600647
test_mae: 0.07080450654029846
evaluating on huc 170602070705
test_mse: 0.0009815484518185258
test_kge: 0.9530033456475073
test_r2: 0.9259463548660278
test_mae: 0.017771994695067406
evaluating on huc 171100090103
test_mse: 0.03459279611706734
test_kge: 0.6196312396738379
test_r2: 0.814010739326477
test_mae: 0.1312851905822754
evaluating on huc 171100051004
test_mse: 0.08225461840629578
test_kge: 0.3334713301689648
test_r2: 0.5035620927810669
test_mae: 0.169721320271492
evaluating on huc 170200110502
test_mse: 0.010465700179338455
test_kge: 0.7289347336355422
test_r2: 0.8808313608169556
test_mae: 0.06873863935470581
evaluating on huc 170602080503
test_mse: 0.0033486245665699244
test_kge: 0.7304618437996043
test_r2: 0.8897061944007874
test_mae: 0.03190372511744499
✅ Checkpoint saved: /home/sagemaker-user/checkpoints/Exp1B_Wind_3e-4_epoch9.pth
💾 Checkpoint saved: Exp1B_Wind_3e-4_epoch9.pth
Epoch 10: Pre-training on multiple HUCs
Pre-training on HUC5: 170200110105
Pre-training on HUC10: 170602080607
Pre-training on HUC15: 171100051006
Pre-training on HUC20: 170602070106
Pre-training on HUC25: 170602070102
Pre-training on HUC30: 170103040105
Pre-training on HUC35: 170602070303
Pre-training on HUC40: 171100060201
Pre-training on HUC45: 170602070601
Pre-training on HUC50: 170602070403
Pre-training on HUC55: 170602070602
Pre-training on HUC60: 171100060104
Pre-training on HUC65: 170103040201
Pre-training on HUC70: 171100050904
Pre-training on HUC75: 171100090201
Pre-training on HUC80: 170200110602
Pre-training on HUC85: 170103040402
Pre-training on HUC90: 170602080102
Pre-training on HUC95: 171100060106
Pre-training on HUC100: 170103040101
Pre-training on HUC105: 171100051001
Pre-training on HUC110: 170602080604
Pre-training on HUC115: 170602080608
Pre-training on HUC120: 170602080106
Pre-training on HUC125: 171100050403
Pre-training on HUC130: 171100050805
Pre-training on HUC135: 170200110702
Pre-training on HUC140: 170103040303
Pre-training on HUC145: 170200110406
Pre-training on HUC150: 170200110304
Pre-training on HUC155: 171100050702
Pre-training on HUC160: 170602080101
evaluating on huc 170200090106
test_mse: 0.01163218542933464
test_kge: 0.9183880536910011
test_r2: 0.9396675229072571
test_mae: 0.06907225400209427
evaluating on huc 170200110301
test_mse: 0.006243840325623751
test_kge: 0.9649252035449065
test_r2: 0.965213418006897
test_mae: 0.05083625018596649
evaluating on huc 171100060402
test_mse: 0.02802191488444805
test_kge: 0.22157087352249705
test_r2: 0.3231778144836426
test_mae: 0.09239090979099274
evaluating on huc 170602070705
test_mse: 0.0037086571101099253
test_kge: 0.6112588078577108
test_r2: 0.7201975584030151
test_mae: 0.0334283784031868
evaluating on huc 170602080503
test_mse: 0.0012309033190831542
test_kge: 0.9294547744815272
test_r2: 0.9594576954841614
test_mae: 0.022483639419078827
evaluating on huc 170602080206
test_mse: 0.0021183080971240997
test_kge: 0.7819557039996841
test_r2: 0.8971683979034424
test_mae: 0.02878083474934101
evaluating on huc 171100060403
test_mse: 0.03240598365664482
test_kge: -0.5604647382974481
test_r2: -1.2152149677276611
test_mae: 0.09737679362297058
evaluating on huc 170200110703
test_mse: 0.011787564493715763
test_kge: 0.16359839006761212
test_r2: 0.3021841049194336
test_mae: 0.06753333657979965
evaluating on huc 170200110403
test_mse: 0.008455080911517143
test_kge: 0.9251865149265561
test_r2: 0.9497352838516235
test_mae: 0.058178871870040894
evaluating on huc 170200110101
test_mse: 0.02767910435795784
test_kge: 0.6568835831372632
test_r2: 0.8738980293273926
test_mae: 0.11424080282449722
evaluating on huc 170103020101
test_mse: 0.0036794471088796854
test_kge: 0.6968889896009992
test_r2: 0.8787075281143188
test_mae: 0.03600442409515381
evaluating on huc 170200110102
test_mse: 0.009414086118340492
test_kge: 0.8238526838726024
test_r2: 0.9509680271148682
test_mae: 0.06474518775939941
evaluating on huc 170200090302
test_mse: 0.003028171369805932
test_kge: 0.4306130705948382
test_r2: 0.6284849643707275
test_mae: 0.03678091615438461
evaluating on huc 170602070701
test_mse: 0.005892992485314608
test_kge: 0.19384479027283252
test_r2: 0.3426961302757263
test_mae: 0.04877516254782677
evaluating on huc 170200090202
test_mse: 0.0062655555084347725
test_kge: 0.8813766656882943
test_r2: 0.9238139986991882
test_mae: 0.04563289135694504
evaluating on huc 170602070904
test_mse: 0.005585686769336462
test_kge: -0.16363435387108116
test_r2: -0.27117764949798584
test_mae: 0.04612966254353523
evaluating on huc 170200090108
test_mse: 0.005575672723352909
test_kge: 0.9043999365246813
test_r2: 0.9639734625816345
test_mae: 0.046233609318733215
evaluating on huc 170200090105
test_mse: 0.01987561024725437
test_kge: 0.759229131866033
test_r2: 0.9179616570472717
test_mae: 0.09664033353328705
evaluating on huc 171100050801
test_mse: 0.017174361273646355
test_kge: 0.8424068845359756
test_r2: 0.9258735775947571
test_mae: 0.09560902416706085
evaluating on huc 170602080505
test_mse: 0.0008139177807606757
test_kge: 0.9438324425151962
test_r2: 0.9693794250488281
test_mae: 0.01858615130186081
evaluating on huc 170200110503
test_mse: 0.0009576370939612389
test_kge: 0.7855361765013389
test_r2: 0.8443242907524109
test_mae: 0.01614239253103733
evaluating on huc 171100060202
test_mse: 0.006063490640372038
test_kge: 0.9093113169303296
test_r2: 0.9678499102592468
test_mae: 0.05037246644496918
evaluating on huc 170602070603
test_mse: 0.006231696344912052
test_kge: 0.4346091838936672
test_r2: 0.6317989826202393
test_mae: 0.051060598343610764
evaluating on huc 170602071106
test_mse: 0.0018848041072487831
test_kge: 0.7740637034341165
test_r2: 0.9360688924789429
test_mae: 0.02611476741731167
evaluating on huc 170602080502
test_mse: 0.004502573516219854
test_kge: 0.8072421030261223
test_r2: 0.9447327852249146
test_mae: 0.041215021163225174
evaluating on huc 171100050703
test_mse: 0.011873219162225723
test_kge: 0.7546688800853492
test_r2: 0.8998497724533081
test_mae: 0.07026265561580658
evaluating on huc 170602080108
test_mse: 0.0033405297435820103
test_kge: 0.6369365825319764
test_r2: 0.8386955857276917
test_mae: 0.037214893847703934
evaluating on huc 170602070901
test_mse: 0.005086799152195454
test_kge: 0.5481707271579344
test_r2: 0.6772002577781677
test_mae: 0.041928064078092575
evaluating on huc 170103040601
test_mse: 0.001606604317203164
test_kge: 0.7209681852560169
test_r2: 0.8537601828575134
test_mae: 0.02139124646782875
evaluating on huc 170602070902
test_mse: 0.004126610700041056
test_kge: 0.6997355736669457
test_r2: 0.8372289538383484
test_mae: 0.04053664952516556
evaluating on huc 170602080302
test_mse: 0.0015485065523535013
test_kge: 0.9049617382875975
test_r2: 0.9308838248252869
test_mae: 0.02390928566455841
evaluating on huc 170602070707
test_mse: 0.004258519504219294
test_kge: 0.04866529166546263
test_r2: 0.11044514179229736
test_mae: 0.04001791775226593
evaluating on huc 170103040901
test_mse: 0.000975778151769191
test_kge: 0.9386047355658513
test_r2: 0.9306500554084778
test_mae: 0.01689143106341362
evaluating on huc 170200110501
test_mse: 0.0013024033978581429
test_kge: 0.9229755439384619
test_r2: 0.9303559064865112
test_mae: 0.021113043650984764
evaluating on huc 170103040701
test_mse: 0.001819708151742816
test_kge: 0.9054639966308587
test_r2: 0.9555689096450806
test_mae: 0.02405409887433052
evaluating on huc 171100051004
test_mse: 0.03710295259952545
test_kge: 0.6185142296124078
test_r2: 0.7760695815086365
test_mae: 0.11500050127506256
evaluating on huc 170200110502
test_mse: 0.005183877889066935
test_kge: 0.8538598902867798
test_r2: 0.9409732818603516
test_mae: 0.044014737010002136
evaluating on huc 170200090208
test_mse: 0.006228484213352203
test_kge: 0.7846542898661258
test_r2: 0.8452983498573303
test_mae: 0.043937161564826965
evaluating on huc 170602070105
test_mse: 0.004713879898190498
test_kge: 0.6918844675953908
test_r2: 0.8897460699081421
test_mae: 0.043399494141340256
evaluating on huc 171100050603
test_mse: 0.003105321666225791
test_kge: 0.898696317483016
test_r2: 0.9494699835777283
test_mae: 0.03405148163437843
evaluating on huc 170602070802
test_mse: 0.000780527014285326
test_kge: 0.9214761018808838
test_r2: 0.951666533946991
test_mae: 0.017489884048700333
evaluating on huc 170103040401
test_mse: 0.0040816087275743484
test_kge: 0.8049441683306624
test_r2: 0.9059019684791565
test_mae: 0.037569526582956314
evaluating on huc 170602070704
test_mse: 0.0012110724346712232
test_kge: 0.8385483507692346
test_r2: 0.9295618534088135
test_mae: 0.02116096392273903
evaluating on huc 171100060102
test_mse: 0.00922644417732954
test_kge: 0.8678403031677648
test_r2: 0.9590674638748169
test_mae: 0.06149385869503021
evaluating on huc 170103020102
test_mse: 0.00533218402415514
test_kge: 0.5584954662724997
test_r2: 0.781737208366394
test_mae: 0.046066831797361374
evaluating on huc 170200110601
test_mse: 0.0007679018890485168
test_kge: 0.8026409234372752
test_r2: 0.8505517244338989
test_mae: 0.014521284960210323
evaluating on huc 170602071107
test_mse: 0.0031549520790576935
test_kge: 0.022416110182102433
test_r2: 0.17894446849822998
test_mae: 0.03416958823800087
evaluating on huc 170103020302
test_mse: 0.0020127003081142902
test_kge: 0.9053913954743841
test_r2: 0.9316995143890381
test_mae: 0.025260962545871735
evaluating on huc 170200090209
test_mse: 0.018295882269740105
test_kge: 0.41242589448442946
test_r2: 0.6654766798019409
test_mae: 0.08464593440294266
evaluating on huc 170602080605
test_mse: 0.0013934011803939939
test_kge: 0.845693519636961
test_r2: 0.9348123669624329
test_mae: 0.021824991330504417
evaluating on huc 171100090103
test_mse: 0.010502730496227741
test_kge: 0.8937777361811686
test_r2: 0.9435317516326904
test_mae: 0.06566894054412842
evaluating on huc 171100050705
test_mse: 0.008642730303108692
test_kge: 0.8296076198924256
test_r2: 0.9285145401954651
test_mae: 0.057439081370830536
evaluating on huc 171100050402
test_mse: 0.012023148126900196
test_kge: 0.7604998627644661
test_r2: 0.9037704467773438
test_mae: 0.0657310038805008
evaluating on huc 170602080412
test_mse: 0.0008276462904177606
test_kge: 0.8170026344270593
test_r2: 0.919023334980011
test_mae: 0.01756160333752632
✅ Checkpoint saved: /home/sagemaker-user/checkpoints/Exp1B_Wind_3e-4_epoch10.pth
2026/08/25 00:41:55 WARNING mlflow.utils.requirements_utils: Found torch version (2.5.1+cu121) contains a local version label (+cu121). MLflow logged a pip requirement for this package as 'torch==2.5.1' without the local version label to make it installable from PyPI. To specify pip requirements containing local version labels, please use `conda_env` or `pip_requirements`.
2026/08/25 00:41:58 WARNING mlflow.utils.requirements_utils: Found torch version (2.5.1+cu121) contains a local version label (+cu121). MLflow logged a pip requirement for this package as 'torch==2.5.1' without the local version label to make it installable from PyPI. To specify pip requirements containing local version labels, please use `conda_env` or `pip_requirements`.
2026/08/25 00:41:58 WARNING mlflow.models.model: Model logged without a signature and input example. Please set `input_example` parameter when logging the model to auto infer the model signature.
2026/08/25 00:41:59 WARNING mlflow.models.model: Logging model metadata to the tracking server has failed. The model artifacts have been logged successfully under s3://dawgs-mlflow-artifacts/699/a663a8f9c1c7462ca696210999f1725b/artifacts. Set logging level to DEBUG via `logging.getLogger("mlflow").setLevel(logging.DEBUG)` to see the full traceback.
💾 Checkpoint saved: Exp1B_Wind_3e-4_epoch10.pth
Epoch 11: Pre-training on multiple HUCs
Pre-training on HUC5: 170602070601
Pre-training on HUC10: 170200090204
Pre-training on HUC15: 170200110406
Pre-training on HUC20: 170103040606
Pre-training on HUC25: 170602080101
Pre-training on HUC30: 170200110202
Pre-training on HUC35: 170200090111
Pre-training on HUC40: 171100051103
Pre-training on HUC45: 170602080405
Pre-training on HUC50: 171100050704
Pre-training on HUC55: 170103040803
Pre-training on HUC60: 170602070302
Pre-training on HUC65: 170602070306
Pre-training on HUC70: 170103040203
Pre-training on HUC75: 171100050502
Pre-training on HUC80: 171100090401
Pre-training on HUC85: 170200110111
Pre-training on HUC90: 170103040604
Pre-training on HUC95: 170602080504
Pre-training on HUC100: 170200090104
Pre-training on HUC105: 170103040305
Pre-training on HUC110: 170200110405
Pre-training on HUC115: 170200110109
Pre-training on HUC120: 171100050702
Pre-training on HUC125: 170602080104
Pre-training on HUC130: 171100050902
Pre-training on HUC135: 170602080601
Pre-training on HUC140: 170200110602
Pre-training on HUC145: 171100050805
Pre-training on HUC150: 170103040402
Pre-training on HUC155: 170200110203
Pre-training on HUC160: 170602080203
2026/08/25 01:14:40 WARNING mlflow.utils.requirements_utils: Found torch version (2.5.1+cu121) contains a local version label (+cu121). MLflow logged a pip requirement for this package as 'torch==2.5.1' without the local version label to make it installable from PyPI. To specify pip requirements containing local version labels, please use `conda_env` or `pip_requirements`.
2026/08/25 01:14:43 WARNING mlflow.utils.requirements_utils: Found torch version (2.5.1+cu121) contains a local version label (+cu121). MLflow logged a pip requirement for this package as 'torch==2.5.1' without the local version label to make it installable from PyPI. To specify pip requirements containing local version labels, please use `conda_env` or `pip_requirements`.
2026/08/25 01:14:43 WARNING mlflow.models.model: Model logged without a signature and input example. Please set `input_example` parameter when logging the model to auto infer the model signature.
2026/08/25 01:14:44 WARNING mlflow.models.model: Logging model metadata to the tracking server has failed. The model artifacts have been logged successfully under s3://dawgs-mlflow-artifacts/699/a663a8f9c1c7462ca696210999f1725b/artifacts. Set logging level to DEBUG via `logging.getLogger("mlflow").setLevel(logging.DEBUG)` to see the full traceback.
evaluating on huc 170200090106
test_mse: 0.023856641724705696
test_kge: 0.687768774126571
test_r2: 0.8762631416320801
test_mae: 0.11039385199546814
evaluating on huc 170103040701
test_mse: 0.005900612100958824
test_kge: 0.5926812128563024
test_r2: 0.8559271097183228
test_mae: 0.045285746455192566
evaluating on huc 171100060402
test_mse: 0.005460734944790602
test_kge: 0.7517285647888763
test_r2: 0.8681051731109619
test_mae: 0.03762700781226158
evaluating on huc 170602080412
test_mse: 0.0009514105622656643
test_kge: 0.8249242806528068
test_r2: 0.9069142937660217
test_mae: 0.017583174630999565
evaluating on huc 170602070904
test_mse: 0.0019951562862843275
test_kge: 0.38116269586126506
test_r2: 0.5459469556808472
test_mae: 0.024279221892356873
evaluating on huc 170602080503
test_mse: 0.0017488518496975303
test_kge: 0.8022360802835176
test_r2: 0.942397952079773
test_mae: 0.02434050664305687
evaluating on huc 170103040401
test_mse: 0.004054489079862833
test_kge: 0.7858257878753254
test_r2: 0.9065272212028503
test_mae: 0.03486837446689606
evaluating on huc 171100050703
test_mse: 0.012609043158590794
test_kge: 0.8326650625298093
test_r2: 0.8936430811882019
test_mae: 0.0732414573431015
evaluating on huc 170602070902
test_mse: 0.0021433730144053698
test_kge: 0.8838420295975947
test_r2: 0.915456235408783
test_mae: 0.025053882971405983
evaluating on huc 170602080206
test_mse: 0.001110032550059259
test_kge: 0.9696719248599511
test_r2: 0.9461143612861633
test_mae: 0.018423618748784065
evaluating on huc 170602071106
test_mse: 0.007548161316663027
test_kge: 0.4918164275789545
test_r2: 0.7439722418785095
test_mae: 0.055776722729206085
evaluating on huc 170103020101
test_mse: 0.00165818992536515
test_kge: 0.8708987631425885
test_r2: 0.9453380107879639
test_mae: 0.023713991045951843
evaluating on huc 170200110301
test_mse: 0.013053115457296371
test_kge: 0.8123814185288415
test_r2: 0.927276611328125
test_mae: 0.07467015832662582
evaluating on huc 170602070701
test_mse: 0.001684384187683463
test_kge: 0.6585540287797818
test_r2: 0.8121238946914673
test_mae: 0.02193368412554264
evaluating on huc 170103040601
test_mse: 0.000896751822438091
test_kge: 0.8431257786388715
test_r2: 0.9183739423751831
test_mae: 0.01667214371263981
evaluating on huc 170602070707
test_mse: 0.0014060655375942588
test_kge: 0.5369473139271046
test_r2: 0.7062893509864807
test_mae: 0.01940276473760605
evaluating on huc 170200090208
test_mse: 0.005594348069280386
test_kge: 0.7579581856778254
test_r2: 0.8610488772392273
test_mae: 0.0480838306248188
evaluating on huc 171100050402
test_mse: 0.02683197520673275
test_kge: 0.6017294211503879
test_r2: 0.7852451801300049
test_mae: 0.11061276495456696
evaluating on huc 171100050801
test_mse: 0.06179184466600418
test_kge: 0.5872858678404711
test_r2: 0.7332995533943176
test_mae: 0.19785577058792114
evaluating on huc 170602080108
test_mse: 0.0013833936536684632
test_kge: 0.8997569530660872
test_r2: 0.933199942111969
test_mae: 0.02003982663154602
evaluating on huc 170602070704
test_mse: 0.004084953106939793
test_kge: 0.5595957655685811
test_r2: 0.7624117732048035
test_mae: 0.04248473793268204
evaluating on huc 171100060202
test_mse: 0.0226424727588892
test_kge: 0.6855508301841402
test_r2: 0.8799440860748291
test_mae: 0.1093776673078537
evaluating on huc 170200090209
test_mse: 0.038677193224430084
test_kge: 0.1322053131633566
test_r2: 0.29282325506210327
test_mae: 0.12525419890880585
evaluating on huc 170103020302
test_mse: 0.0038072499446570873
test_kge: 0.7129424071778636
test_r2: 0.8708019256591797
test_mae: 0.03368570655584335
evaluating on huc 170200110101
test_mse: 0.07728974521160126
test_kge: 0.42707835845590947
test_r2: 0.6478792428970337
test_mae: 0.19648237526416779
evaluating on huc 170602080605
test_mse: 0.00327816023491323
test_kge: 0.6321901717959637
test_r2: 0.8466375470161438
test_mae: 0.03546737879514694
evaluating on huc 170602080505
test_mse: 0.0017383346566930413
test_kge: 0.78694769899748
test_r2: 0.9346017241477966
test_mae: 0.025434114038944244
evaluating on huc 170200090105
test_mse: 0.059599339962005615
test_kge: 0.5420181381496588
test_r2: 0.7539983987808228
test_mae: 0.18114782869815826
evaluating on huc 170200110703
test_mse: 0.0039245993830263615
test_kge: 0.6412175504664015
test_r2: 0.7676663398742676
test_mae: 0.03340188041329384
evaluating on huc 171100050705
test_mse: 0.018637796863913536
test_kge: 0.7068901670449749
test_r2: 0.8458436727523804
test_mae: 0.08708659559488297
evaluating on huc 170602080502
test_mse: 0.010041294619441032
test_kge: 0.6767061869767268
test_r2: 0.8767472505569458
test_mae: 0.06609353423118591
evaluating on huc 170200090108
test_mse: 0.017963875085115433
test_kge: 0.6858118195647215
test_r2: 0.8839285373687744
test_mae: 0.09466397017240524
evaluating on huc 170602070603
test_mse: 0.001831829664297402
test_kge: 0.770339290956825
test_r2: 0.8917659521102905
test_mae: 0.02265152893960476
evaluating on huc 171100051004
test_mse: 0.1029207780957222
test_kge: 0.21136611136447403
test_r2: 0.3788340091705322
test_mae: 0.1961551010608673
evaluating on huc 170200110102
test_mse: 0.036699630320072174
test_kge: 0.6007266865951079
test_r2: 0.8088549375534058
test_mae: 0.13853321969509125
evaluating on huc 170602070802
test_mse: 0.001564526348374784
test_kge: 0.7133672949839536
test_r2: 0.9031180739402771
test_mae: 0.02302357740700245
evaluating on huc 171100050603
test_mse: 0.00999516248703003
test_kge: 0.695664690037898
test_r2: 0.8373580574989319
test_mae: 0.061574775725603104
evaluating on huc 170602070705
test_mse: 0.0013252970529720187
test_kge: 0.9296253200817521
test_r2: 0.9000119566917419
test_mae: 0.019697772338986397
evaluating on huc 170200110601
test_mse: 0.0006542114424519241
test_kge: 0.6209014164698484
test_r2: 0.8726780414581299
test_mae: 0.013829369097948074
evaluating on huc 170602070105
test_mse: 0.008939988911151886
test_kge: 0.5794213334605998
test_r2: 0.790900707244873
test_mae: 0.06464505940675735
evaluating on huc 171100060102
test_mse: 0.050587885081768036
test_kge: 0.5397437571600624
test_r2: 0.7755701541900635
test_mae: 0.16263626515865326
evaluating on huc 170200090202
test_mse: 0.010117998346686363
test_kge: 0.8104588674525185
test_r2: 0.8769701719284058
test_mae: 0.0643998458981514
evaluating on huc 170200110403
test_mse: 0.011402451433241367
test_kge: 0.7991186668115197
test_r2: 0.9322134256362915
test_mae: 0.06398563086986542
evaluating on huc 171100060403
test_mse: 0.002371478360146284
test_kge: 0.8060970402622691
test_r2: 0.8378899693489075
test_mae: 0.025317197665572166
evaluating on huc 170103020102
test_mse: 0.001342177391052246
test_kge: 0.9642449852047609
test_r2: 0.9450604915618896
test_mae: 0.02051527611911297
evaluating on huc 170200110503
test_mse: 0.0008174465619958937
test_kge: 0.6646326908871831
test_r2: 0.8671139478683472
test_mae: 0.015291222371160984
evaluating on huc 170602080302
test_mse: 0.0021946867927908897
test_kge: 0.8400355336699346
test_r2: 0.9020422101020813
test_mae: 0.026486245915293694
evaluating on huc 170602070901
test_mse: 0.002270451746881008
test_kge: 0.8108066143316819
test_r2: 0.8559209108352661
test_mae: 0.024550428614020348
evaluating on huc 171100090103
test_mse: 0.05793806537985802
test_kge: 0.47086316048436483
test_r2: 0.6884941458702087
test_mae: 0.17212048172950745
evaluating on huc 170103040901
test_mse: 0.002430219668895006
test_kge: 0.5658940729442221
test_r2: 0.8272808790206909
test_mae: 0.027086932212114334
evaluating on huc 170200110502
test_mse: 0.018885524943470955
test_kge: 0.6074300490282786
test_r2: 0.7849582433700562
test_mae: 0.09040757268667221
evaluating on huc 170200090302
test_mse: 0.006502144038677216
test_kge: 0.10156378343510708
test_r2: 0.202276349067688
test_mae: 0.054626207798719406
evaluating on huc 170602071107
test_mse: 0.0007213510689325631
test_kge: 0.6601307491669071
test_r2: 0.8122731447219849
test_mae: 0.014490079134702682
evaluating on huc 170200110501
test_mse: 0.004229300189763308
test_kge: 0.5268742830820726
test_r2: 0.7738444805145264
test_mae: 0.04300194978713989
✅ Checkpoint saved: /home/sagemaker-user/checkpoints/Exp1B_Wind_3e-4_epoch11.pth
💾 Checkpoint saved: Exp1B_Wind_3e-4_epoch11.pth
Epoch 12: Pre-training on multiple HUCs
Pre-training on HUC5: 170200110402
Pre-training on HUC10: 170602080107
Pre-training on HUC15: 170200110603
Pre-training on HUC20: 170602070402
Pre-training on HUC25: 170602070306
Pre-training on HUC30: 171100050706
Pre-training on HUC35: 170602080102
Pre-training on HUC40: 171100051103
Pre-training on HUC45: 171100060204
Pre-training on HUC50: 170103040304
Pre-training on HUC55: 170200090113
Pre-training on HUC60: 170200110702
Pre-training on HUC65: 171100051003
Pre-training on HUC70: 171100050702
Pre-training on HUC75: 170602070303
Pre-training on HUC80: 170200110404
Pre-training on HUC85: 170602070302
Pre-training on HUC90: 170602070706
Pre-training on HUC95: 171100090201
Pre-training on HUC100: 170602080601
Pre-training on HUC105: 171100050405
Pre-training on HUC110: 170200090102
Pre-training on HUC115: 170103040203
Pre-training on HUC120: 171100050805
Pre-training on HUC125: 171100050708
Pre-training on HUC130: 171100051006
Pre-training on HUC135: 170602070205
Pre-training on HUC140: 171100050704
Pre-training on HUC145: 170602080105
Pre-training on HUC150: 170200090110
Pre-training on HUC155: 170602080402
Pre-training on HUC160: 170103040305
evaluating on huc 170602070105
test_mse: 0.00239012623205781
test_kge: 0.8718687770840017
test_r2: 0.9440968036651611
test_mae: 0.03280944749712944
evaluating on huc 170200110503
test_mse: 0.0006206228863447905
test_kge: 0.8305071633025913
test_r2: 0.8991100788116455
test_mae: 0.013811126351356506
evaluating on huc 170200090108
test_mse: 0.004762368742376566
test_kge: 0.9059806984669098
test_r2: 0.9692285060882568
test_mae: 0.045906972140073776
evaluating on huc 170602080412
test_mse: 0.0010731101501733065
test_kge: 0.8762529248582395
test_r2: 0.8950072526931763
test_mae: 0.01892995834350586
evaluating on huc 170103020302
test_mse: 0.002459228504449129
test_kge: 0.9156889432068356
test_r2: 0.9165467023849487
test_mae: 0.028424840420484543
evaluating on huc 171100060202
test_mse: 0.005878767464309931
test_kge: 0.9024822028259736
test_r2: 0.968829333782196
test_mae: 0.05124974250793457
evaluating on huc 170200110501
test_mse: 0.0026275941636413336
test_kge: 0.7229291871740076
test_r2: 0.8594933748245239
test_mae: 0.03312358632683754
evaluating on huc 171100060403
test_mse: 0.008384502492845058
test_kge: 0.27852088784498796
test_r2: 0.4268503785133362
test_mae: 0.050025150179862976
evaluating on huc 170200110101
test_mse: 0.03739938884973526
test_kge: 0.6225737694425284
test_r2: 0.8296138644218445
test_mae: 0.13303402066230774
evaluating on huc 171100050603
test_mse: 0.008402178063988686
test_kge: 0.8905292927450498
test_r2: 0.8632792234420776
test_mae: 0.054684024304151535
evaluating on huc 170103020101
test_mse: 0.002304259454831481
test_kge: 0.8185126522067421
test_r2: 0.9240403771400452
test_mae: 0.027020474895834923
evaluating on huc 170602070902
test_mse: 0.010409370064735413
test_kge: 0.4944717386986005
test_r2: 0.5894101858139038
test_mae: 0.05858175456523895
evaluating on huc 170602070701
test_mse: 0.005423899739980698
test_kge: 0.27125097538621423
test_r2: 0.39501869678497314
test_mae: 0.040872715413570404
evaluating on huc 170200110703
test_mse: 0.008715533651411533
test_kge: 0.31830272662417747
test_r2: 0.4840462803840637
test_mae: 0.05191429704427719
evaluating on huc 171100090103
test_mse: 0.024741990491747856
test_kge: 0.7246161051670181
test_r2: 0.866973876953125
test_mae: 0.1008252277970314
evaluating on huc 170602080502
test_mse: 0.0034311823546886444
test_kge: 0.9174879888830266
test_r2: 0.9578836560249329
test_mae: 0.03569328784942627
evaluating on huc 170200090209
test_mse: 0.02416028454899788
test_kge: 0.33233317920876826
test_r2: 0.5582515001296997
test_mae: 0.10002218931913376
evaluating on huc 170103020102
test_mse: 0.0038120169192552567
test_kge: 0.6916271031482739
test_r2: 0.8439623117446899
test_mae: 0.03470148891210556
evaluating on huc 171100060102
test_mse: 0.020880859345197678
test_kge: 0.7619142404399477
test_r2: 0.9073634147644043
test_mae: 0.0920075923204422
evaluating on huc 170200110403
test_mse: 0.007881405763328075
test_kge: 0.9322270801179143
test_r2: 0.9531457424163818
test_mae: 0.055631909519433975
evaluating on huc 170200110601
test_mse: 0.00044441124191507697
test_kge: 0.834360482422596
test_r2: 0.9135091304779053
test_mae: 0.011491029523313046
evaluating on huc 170602071107
test_mse: 0.0024291889276355505
test_kge: 0.21502486403881693
test_r2: 0.36781954765319824
test_mae: 0.026600301265716553
evaluating on huc 170200090208
test_mse: 0.004662252031266689
test_kge: 0.8510082483662088
test_r2: 0.8842000365257263
test_mae: 0.04069919511675835
evaluating on huc 170103040401
test_mse: 0.0030624971259385347
test_kge: 0.9392765439029176
test_r2: 0.9293967485427856
test_mae: 0.031029831618070602
evaluating on huc 170602080206
test_mse: 0.004761555697768927
test_kge: 0.6019802160586886
test_r2: 0.768854022026062
test_mae: 0.039346400648355484
evaluating on huc 170602070802
test_mse: 0.0015966743230819702
test_kge: 0.8607733915702666
test_r2: 0.9011273384094238
test_mae: 0.021028557792305946
evaluating on huc 171100050705
test_mse: 0.011507252231240273
test_kge: 0.9365516586854583
test_r2: 0.9048215746879578
test_mae: 0.06853660941123962
evaluating on huc 171100050402
test_mse: 0.013278867118060589
test_kge: 0.7502406121162264
test_r2: 0.8937200903892517
test_mae: 0.07288669049739838
evaluating on huc 171100050801
test_mse: 0.03181854635477066
test_kge: 0.7501400369496538
test_r2: 0.8626676201820374
test_mae: 0.13477832078933716
evaluating on huc 170103040601
test_mse: 0.001156360493041575
test_kge: 0.9300258498344527
test_r2: 0.8947432637214661
test_mae: 0.018385034054517746
evaluating on huc 171100050703
test_mse: 0.012302562594413757
test_kge: 0.8634429300488075
test_r2: 0.8962282538414001
test_mae: 0.07246421277523041
evaluating on huc 170602070704
test_mse: 0.0018905188189819455
test_kge: 0.7847771444572694
test_r2: 0.8900440335273743
test_mae: 0.028865106403827667
evaluating on huc 170602070705
test_mse: 0.0038864659145474434
test_kge: 0.6230707007768773
test_r2: 0.7067826390266418
test_mae: 0.033280134201049805
evaluating on huc 171100060402
test_mse: 0.007361029740422964
test_kge: 0.7894731303215218
test_r2: 0.8222067356109619
test_mae: 0.048367392271757126
evaluating on huc 170200110502
test_mse: 0.0064184777438640594
test_kge: 0.8470340047735757
test_r2: 0.9269154071807861
test_mae: 0.050845906138420105
evaluating on huc 170103040701
test_mse: 0.0031247232109308243
test_kge: 0.7467590227989886
test_r2: 0.9237048625946045
test_mae: 0.03272678330540657
evaluating on huc 170200090302
test_mse: 0.004624491091817617
test_kge: 0.2902112211326482
test_r2: 0.4326385259628296
test_mae: 0.04630782827734947
evaluating on huc 170200090202
test_mse: 0.005226789973676205
test_kge: 0.8669270101813721
test_r2: 0.9364448189735413
test_mae: 0.04474574327468872
evaluating on huc 170602080605
test_mse: 0.0013506357790902257
test_kge: 0.9648730391789507
test_r2: 0.9368131160736084
test_mae: 0.02061869017779827
evaluating on huc 170602070904
test_mse: 0.0043120295740664005
test_kge: 0.03166800835981909
test_r2: 0.01867830753326416
test_mae: 0.036468278616666794
evaluating on huc 170602071106
test_mse: 0.0021270676515996456
test_kge: 0.7815729864593148
test_r2: 0.9278514981269836
test_mae: 0.029984837397933006
evaluating on huc 170602070707
test_mse: 0.003181977430358529
test_kge: 0.2317485956548585
test_r2: 0.33532214164733887
test_mae: 0.030770452693104744
evaluating on huc 170602070901
test_mse: 0.006083056330680847
test_kge: 0.5154733598017107
test_r2: 0.6139794588088989
test_mae: 0.04279574751853943
evaluating on huc 170200090106
test_mse: 0.009612852707505226
test_kge: 0.8715797507577806
test_r2: 0.950141191482544
test_mae: 0.06673399358987808
evaluating on huc 170602080108
test_mse: 0.0065119084902107716
test_kge: 0.5151317126465638
test_r2: 0.6855589747428894
test_mae: 0.046627648174762726
evaluating on huc 170200110301
test_mse: 0.005414703860878944
test_kge: 0.9550401191229827
test_r2: 0.9698328375816345
test_mae: 0.04804038628935814
evaluating on huc 170200090105
test_mse: 0.027708137407898903
test_kge: 0.7075261871216882
test_r2: 0.8856322169303894
test_mae: 0.11956251412630081
evaluating on huc 170103040901
test_mse: 0.0017679027514532208
test_kge: 0.6894605105615146
test_r2: 0.8743526935577393
test_mae: 0.022736845538020134
evaluating on huc 170602070603
test_mse: 0.008573816157877445
test_kge: 0.35932653494256195
test_r2: 0.49341434240341187
test_mae: 0.05254574120044708
evaluating on huc 171100051004
test_mse: 0.06461723893880844
test_kge: 0.43643486589142466
test_r2: 0.6100103855133057
test_mae: 0.14662611484527588
evaluating on huc 170602080505
test_mse: 0.002207025419920683
test_kge: 0.8488113286672962
test_r2: 0.9169690012931824
test_mae: 0.025440996512770653
evaluating on huc 170602080503
test_mse: 0.0031810749787837267
test_kge: 0.8265468184439216
test_r2: 0.8952247500419617
test_mae: 0.028722094371914864
evaluating on huc 170200110102
test_mse: 0.012956538237631321
test_kge: 0.8026225734270613
test_r2: 0.9325176477432251
test_mae: 0.07596318423748016
evaluating on huc 170602080302
test_mse: 0.002640537917613983
test_kge: 0.7963782681350464
test_r2: 0.8821420669555664
test_mae: 0.029085490852594376
✅ Checkpoint saved: /home/sagemaker-user/checkpoints/Exp1B_Wind_3e-4_epoch12.pth
2026/08/25 01:47:26 WARNING mlflow.utils.requirements_utils: Found torch version (2.5.1+cu121) contains a local version label (+cu121). MLflow logged a pip requirement for this package as 'torch==2.5.1' without the local version label to make it installable from PyPI. To specify pip requirements containing local version labels, please use `conda_env` or `pip_requirements`.
2026/08/25 01:47:29 WARNING mlflow.utils.requirements_utils: Found torch version (2.5.1+cu121) contains a local version label (+cu121). MLflow logged a pip requirement for this package as 'torch==2.5.1' without the local version label to make it installable from PyPI. To specify pip requirements containing local version labels, please use `conda_env` or `pip_requirements`.
2026/08/25 01:47:29 WARNING mlflow.models.model: Model logged without a signature and input example. Please set `input_example` parameter when logging the model to auto infer the model signature.
2026/08/25 01:47:30 WARNING mlflow.models.model: Logging model metadata to the tracking server has failed. The model artifacts have been logged successfully under s3://dawgs-mlflow-artifacts/699/a663a8f9c1c7462ca696210999f1725b/artifacts. Set logging level to DEBUG via `logging.getLogger("mlflow").setLevel(logging.DEBUG)` to see the full traceback.
💾 Checkpoint saved: Exp1B_Wind_3e-4_epoch12.pth
Epoch 13: Pre-training on multiple HUCs
Pre-training on HUC5: 170103040703
Pre-training on HUC10: 171100050502
Pre-training on HUC15: 170103040307
Pre-training on HUC20: 170103040604
Pre-training on HUC25: 170103040801
Pre-training on HUC30: 171100050904
Pre-training on HUC35: 170200110602
Pre-training on HUC40: 170602080203
Pre-training on HUC45: 170200110405
Pre-training on HUC50: 170200110201
Pre-training on HUC55: 170103040602
Pre-training on HUC60: 170103040501
Pre-training on HUC65: 171100051002
Pre-training on HUC70: 170602070803
Pre-training on HUC75: 170200110304
Pre-training on HUC80: 170200110110
Pre-training on HUC85: 170103040505
Pre-training on HUC90: 170200090113
Pre-training on HUC95: 170602080603
Pre-training on HUC100: 170200090205
Pre-training on HUC105: 170200090110
Pre-training on HUC110: 170103040803
Pre-training on HUC115: 171100051005
Pre-training on HUC120: 170200110106
Pre-training on HUC125: 170103020202
Pre-training on HUC130: 171100051003
Pre-training on HUC135: 171100050405
Pre-training on HUC140: 171100051001
Pre-training on HUC145: 170602071105
Pre-training on HUC150: 170200110203
Pre-training on HUC155: 171100050702
Pre-training on HUC160: 170602070101
evaluating on huc 170200110501
test_mse: 0.0025169504806399345
test_kge: 0.6757241587701597
test_r2: 0.8654098510742188
test_mae: 0.02876005880534649
evaluating on huc 171100090103
test_mse: 0.017760416492819786
test_kge: 0.7614025684971484
test_r2: 0.9045105576515198
test_mae: 0.0833180770277977
evaluating on huc 170602080206
test_mse: 0.01061539351940155
test_kge: 0.2919289048266417
test_r2: 0.4846841096878052
test_mae: 0.06898020952939987
evaluating on huc 170200110502
test_mse: 0.009745651856064796
test_kge: 0.7417570372698028
test_r2: 0.8890302777290344
test_mae: 0.060468681156635284
evaluating on huc 170602080502
test_mse: 0.005964019801467657
test_kge: 0.8155111079221656
test_r2: 0.9267941117286682
test_mae: 0.04909341782331467
evaluating on huc 170200110301
test_mse: 0.009095746092498302
test_kge: 0.9530536017468468
test_r2: 0.9493244290351868
test_mae: 0.05994733050465584
evaluating on huc 171100050402
test_mse: 0.015471989288926125
test_kge: 0.7604148576741303
test_r2: 0.8761669993400574
test_mae: 0.07256455719470978
evaluating on huc 170602070802
test_mse: 0.003085155040025711
test_kge: 0.6208221585300908
test_r2: 0.8089544773101807
test_mae: 0.036129094660282135
evaluating on huc 171100060102
test_mse: 0.024662356823682785
test_kge: 0.7180984739077028
test_r2: 0.8905870914459229
test_mae: 0.10322393476963043
evaluating on huc 170602080505
test_mse: 0.0043170214630663395
test_kge: 0.6452079836681661
test_r2: 0.837588369846344
test_mae: 0.043953221291303635
evaluating on huc 170200090106
test_mse: 0.01605101302266121
test_kge: 0.8065304212012694
test_r2: 0.9167484641075134
test_mae: 0.0831276923418045
evaluating on huc 170602070901
test_mse: 0.008296032436192036
test_kge: 0.34094280716245373
test_r2: 0.47354769706726074
test_mae: 0.056911107152700424
evaluating on huc 170200110703
test_mse: 0.0061759017407894135
test_kge: 0.4384329093311371
test_r2: 0.6343907713890076
test_mae: 0.04856785014271736
evaluating on huc 170200090302
test_mse: 0.0039193094708025455
test_kge: 0.32679847940658857
test_r2: 0.5191546082496643
test_mae: 0.04065552353858948
evaluating on huc 170602070105
test_mse: 0.002676604315638542
test_kge: 0.8850064887298154
test_r2: 0.9373963475227356
test_mae: 0.031654879450798035
evaluating on huc 170200090208
test_mse: 0.00419540936127305
test_kge: 0.9221195532469101
test_r2: 0.8957954049110413
test_mae: 0.041240591555833817
evaluating on huc 171100050801
test_mse: 0.03060094825923443
test_kge: 0.7298760632516207
test_r2: 0.8679229021072388
test_mae: 0.12872055172920227
evaluating on huc 170200090105
test_mse: 0.036084938794374466
test_kge: 0.6558202679908074
test_r2: 0.8510562181472778
test_mae: 0.1269586980342865
evaluating on huc 170103020102
test_mse: 0.004126672632992268
test_kge: 0.6668842964850975
test_r2: 0.8310824632644653
test_mae: 0.03908970206975937
evaluating on huc 170200090108
test_mse: 0.008668476715683937
test_kge: 0.8374078436772061
test_r2: 0.9439896941184998
test_mae: 0.05829091742634773
evaluating on huc 171100051004
test_mse: 0.05661016330122948
test_kge: 0.4697733283594502
test_r2: 0.6583361625671387
test_mae: 0.1371798813343048
evaluating on huc 170200090209
test_mse: 0.030642911791801453
test_kge: 0.23845479776460776
test_r2: 0.4397226572036743
test_mae: 0.10876348614692688
evaluating on huc 171100060402
test_mse: 0.01977350190281868
test_kge: 0.38953301944766605
test_r2: 0.5224043130874634
test_mae: 0.08901865035295486
evaluating on huc 170602080108
test_mse: 0.011294214986264706
test_kge: 0.2566244343404872
test_r2: 0.4546353816986084
test_mae: 0.07134420424699783
evaluating on huc 170602070704
test_mse: 0.0011174920946359634
test_kge: 0.8467031459152213
test_r2: 0.9350046515464783
test_mae: 0.020242560654878616
evaluating on huc 170602080605
test_mse: 0.0019693286158144474
test_kge: 0.8150079645460109
test_r2: 0.9078687429428101
test_mae: 0.02773969992995262
evaluating on huc 170103040701
test_mse: 0.004082844592630863
test_kge: 0.7794265454110261
test_r2: 0.9003108143806458
test_mae: 0.037664592266082764
evaluating on huc 170602071107
test_mse: 0.0030572167597711086
test_kge: 0.047222610398905185
test_r2: 0.20437943935394287
test_mae: 0.03486530855298042
evaluating on huc 171100060403
test_mse: 0.02105817012488842
test_kge: -0.2536446400008181
test_r2: -0.4394989013671875
test_mae: 0.09086013585329056
evaluating on huc 170103040401
test_mse: 0.004028149880468845
test_kge: 0.894951793865417
test_r2: 0.9071344137191772
test_mae: 0.037345387041568756
evaluating on huc 171100050703
test_mse: 0.008098317310214043
test_kge: 0.8997445132894131
test_r2: 0.9316909313201904
test_mae: 0.05694282799959183
evaluating on huc 170602070902
test_mse: 0.021082989871501923
test_kge: 0.12933789803904894
test_r2: 0.16839730739593506
test_mae: 0.09693817049264908
evaluating on huc 171100050705
test_mse: 0.007917794398963451
test_kge: 0.9475387855291024
test_r2: 0.9345105886459351
test_mae: 0.05576590448617935
evaluating on huc 170602080412
test_mse: 0.0013807828072458506
test_kge: 0.7561153769075071
test_r2: 0.8649046421051025
test_mae: 0.021637344732880592
evaluating on huc 170200110101
test_mse: 0.046202633529901505
test_kge: 0.5662739103182838
test_r2: 0.7895075678825378
test_mae: 0.14219814538955688
evaluating on huc 170200090202
test_mse: 0.007044620346277952
test_kge: 0.9325728176174014
test_r2: 0.9143409132957458
test_mae: 0.053658172488212585
evaluating on huc 170103020101
test_mse: 0.0028260131366550922
test_kge: 0.8122812385027908
test_r2: 0.9068408608436584
test_mae: 0.03109060972929001
evaluating on huc 171100060202
test_mse: 0.011195114813745022
test_kge: 0.8232528906731791
test_r2: 0.9406408071517944
test_mae: 0.0666484385728836
evaluating on huc 170602070701
test_mse: 0.005354797933250666
test_kge: 0.2371942901301599
test_r2: 0.40272629261016846
test_mae: 0.04756007343530655
evaluating on huc 170103040601
test_mse: 0.00188452226575464
test_kge: 0.7422681037674668
test_r2: 0.8284629583358765
test_mae: 0.02612346224486828
evaluating on huc 170602080302
test_mse: 0.005430237855762243
test_kge: 0.5692715118624331
test_r2: 0.7576264142990112
test_mae: 0.04700920358300209
evaluating on huc 170602080503
test_mse: 0.005878077354282141
test_kge: 0.6079429508951893
test_r2: 0.8063934445381165
test_mae: 0.05091894418001175
evaluating on huc 171100050603
test_mse: 0.0035791993141174316
test_kge: 0.9508632902658617
test_r2: 0.9417590498924255
test_mae: 0.036963339895009995
evaluating on huc 170602070904
test_mse: 0.005329676903784275
test_kge: -0.16478494197753712
test_r2: -0.21291542053222656
test_mae: 0.04720624163746834
evaluating on huc 170602070705
test_mse: 0.004444277845323086
test_kge: 0.5207921474188417
test_r2: 0.66469806432724
test_mae: 0.03963383287191391
evaluating on huc 170602070603
test_mse: 0.00997914094477892
test_kge: 0.28062952903932736
test_r2: 0.410380482673645
test_mae: 0.06271553039550781
evaluating on huc 170103040901
test_mse: 0.0015307706780731678
test_kge: 0.8308591299387711
test_r2: 0.8912059664726257
test_mae: 0.022567128762602806
evaluating on huc 170103020302
test_mse: 0.0022137563209980726
test_kge: 0.9308469578325398
test_r2: 0.9248766899108887
test_mae: 0.02871975488960743
evaluating on huc 170602070707
test_mse: 0.0039484864100813866
test_kge: 0.06965858735119357
test_r2: 0.17520737648010254
test_mae: 0.04037290811538696
evaluating on huc 170602071106
test_mse: 0.002027345122769475
test_kge: 0.8270874426529222
test_r2: 0.9312340021133423
test_mae: 0.02533414587378502
evaluating on huc 170200110403
test_mse: 0.008894165977835655
test_kge: 0.9400839529999432
test_r2: 0.9471249580383301
test_mae: 0.06083465740084648
evaluating on huc 170200110503
test_mse: 0.0007136586355045438
test_kge: 0.8593758981306202
test_r2: 0.8839859962463379
test_mae: 0.015635641291737556
evaluating on huc 170200110102
test_mse: 0.018600011244416237
test_kge: 0.7395724538906687
test_r2: 0.9031243324279785
test_mae: 0.08772925287485123
evaluating on huc 170200110601
test_mse: 0.0007187871378846467
test_kge: 0.8586863231953138
test_r2: 0.8601104021072388
test_mae: 0.0156277883797884
✅ Checkpoint saved: /home/sagemaker-user/checkpoints/Exp1B_Wind_3e-4_epoch13.pth
2026/08/25 02:20:26 WARNING mlflow.utils.requirements_utils: Found torch version (2.5.1+cu121) contains a local version label (+cu121). MLflow logged a pip requirement for this package as 'torch==2.5.1' without the local version label to make it installable from PyPI. To specify pip requirements containing local version labels, please use `conda_env` or `pip_requirements`.
2026/08/25 02:20:30 WARNING mlflow.utils.requirements_utils: Found torch version (2.5.1+cu121) contains a local version label (+cu121). MLflow logged a pip requirement for this package as 'torch==2.5.1' without the local version label to make it installable from PyPI. To specify pip requirements containing local version labels, please use `conda_env` or `pip_requirements`.
2026/08/25 02:20:30 WARNING mlflow.models.model: Model logged without a signature and input example. Please set `input_example` parameter when logging the model to auto infer the model signature.
2026/08/25 02:20:30 WARNING mlflow.models.model: Logging model metadata to the tracking server has failed. The model artifacts have been logged successfully under s3://dawgs-mlflow-artifacts/699/a663a8f9c1c7462ca696210999f1725b/artifacts. Set logging level to DEBUG via `logging.getLogger("mlflow").setLevel(logging.DEBUG)` to see the full traceback.
💾 Checkpoint saved: Exp1B_Wind_3e-4_epoch13.pth
Epoch 14: Pre-training on multiple HUCs
Pre-training on HUC5: 170200090111
Pre-training on HUC10: 171100051005
Pre-training on HUC15: 170103040501
Pre-training on HUC20: 170103040303
Pre-training on HUC25: 170602080402
Pre-training on HUC30: 170602070801
Pre-training on HUC35: 170602080507
Pre-training on HUC40: 170602080405
Pre-training on HUC45: 171100060303
Pre-training on HUC50: 170200110111
Pre-training on HUC55: 170200110603
Pre-training on HUC60: 171100060304
Pre-training on HUC65: 171100060105
Pre-training on HUC70: 171100050606
Pre-training on HUC75: 170103040503
Pre-training on HUC80: 170602080202
Pre-training on HUC85: 170103040101
Pre-training on HUC90: 170103040201
Pre-training on HUC95: 170602070502
Pre-training on HUC100: 171100050805
Pre-training on HUC105: 170200110405
Pre-training on HUC110: 171100060204
Pre-training on HUC115: 170602070602
Pre-training on HUC120: 170602070501
Pre-training on HUC125: 170200090204
Pre-training on HUC130: 171100050803
Pre-training on HUC135: 170200110107
Pre-training on HUC140: 170602070601
Pre-training on HUC145: 170200090203
Pre-training on HUC150: 170103040604
Pre-training on HUC155: 171100060104
Pre-training on HUC160: 170602070304
evaluating on huc 170200110501
test_mse: 0.0037486390210688114
test_kge: 0.5711407309104928
test_r2: 0.7995471358299255
test_mae: 0.04070305451750755
evaluating on huc 171100060102
test_mse: 0.027500085532665253
test_kge: 0.689193834466572
test_r2: 0.8779976963996887
test_mae: 0.11389564722776413
evaluating on huc 170103040401
test_mse: 0.0027698634658008814
test_kge: 0.95396183183776
test_r2: 0.936143159866333
test_mae: 0.029754821211099625
evaluating on huc 170602080505
test_mse: 0.0019156867638230324
test_kge: 0.9349809075336885
test_r2: 0.9279295206069946
test_mae: 0.026226872578263283
evaluating on huc 170103040901
test_mse: 0.0020057284273207188
test_kge: 0.625738478398967
test_r2: 0.8574500679969788
test_mae: 0.025125475600361824
evaluating on huc 170602080605
test_mse: 0.002371915616095066
test_kge: 0.8226592246643418
test_r2: 0.8890344500541687
test_mae: 0.02684316597878933
evaluating on huc 170602071107
test_mse: 0.0016442895866930485
test_kge: 0.3863896074464045
test_r2: 0.5720844268798828
test_mae: 0.021845439448952675
evaluating on huc 171100050703
test_mse: 0.011098110117018223
test_kge: 0.8956580519379924
test_r2: 0.9063878059387207
test_mae: 0.06935333460569382
evaluating on huc 170103020102
test_mse: 0.0031558293849229813
test_kge: 0.7220295767273937
test_r2: 0.8708221316337585
test_mae: 0.030320459976792336
evaluating on huc 170200110102
test_mse: 0.014634738676249981
test_kge: 0.7689970345811978
test_r2: 0.9237769246101379
test_mae: 0.083744116127491
evaluating on huc 170200090209
test_mse: 0.03179103508591652
test_kge: 0.2240542991400345
test_r2: 0.4187302589416504
test_mae: 0.11570370197296143
evaluating on huc 171100050801
test_mse: 0.03709746152162552
test_kge: 0.7274273976532561
test_r2: 0.8398832678794861
test_mae: 0.14750894904136658
evaluating on huc 170602070904
test_mse: 0.003364830743521452
test_kge: 0.10753671144763743
test_r2: 0.2342396378517151
test_mae: 0.03435337170958519
evaluating on huc 170602080502
test_mse: 0.009817264042794704
test_kge: 0.7516031898037053
test_r2: 0.8794971704483032
test_mae: 0.05807899683713913
evaluating on huc 170602070701
test_mse: 0.0032421606592833996
test_kge: 0.42103335154733124
test_r2: 0.6383696794509888
test_mae: 0.034317415207624435
evaluating on huc 170103040701
test_mse: 0.0023903087712824345
test_kge: 0.793903489669143
test_r2: 0.9416368007659912
test_mae: 0.02688458003103733
evaluating on huc 170200090302
test_mse: 0.007046183571219444
test_kge: 0.0752762346736453
test_r2: 0.13553017377853394
test_mae: 0.05704827979207039
evaluating on huc 170200110503
test_mse: 0.0009761848486959934
test_kge: 0.6848897805798144
test_r2: 0.8413090705871582
test_mae: 0.017636988312005997
evaluating on huc 170602070705
test_mse: 0.0022293957881629467
test_kge: 0.7240288892128355
test_r2: 0.8318015336990356
test_mae: 0.02669571526348591
evaluating on huc 170200090202
test_mse: 0.005817062221467495
test_kge: 0.9211371893889025
test_r2: 0.929267406463623
test_mae: 0.04690602794289589
evaluating on huc 170602070603
test_mse: 0.0037234739866107702
test_kge: 0.5612362200078769
test_r2: 0.7799977660179138
test_mae: 0.037895895540714264
evaluating on huc 170602080302
test_mse: 0.002758560935035348
test_kge: 0.9180837711458067
test_r2: 0.8768742084503174
test_mae: 0.03247460350394249
evaluating on huc 171100050705
test_mse: 0.013623425737023354
test_kge: 0.8477398737522541
test_r2: 0.8873183727264404
test_mae: 0.07604952901601791
evaluating on huc 170602070105
test_mse: 0.005388054996728897
test_kge: 0.7172425333568128
test_r2: 0.8739776611328125
test_mae: 0.04418456181883812
evaluating on huc 170602070901
test_mse: 0.0041279918514192104
test_kge: 0.5879846482975216
test_r2: 0.7380445599555969
test_mae: 0.03714708983898163
evaluating on huc 171100050603
test_mse: 0.008227960206568241
test_kge: 0.7830049968721866
test_r2: 0.86611407995224
test_mae: 0.055611349642276764
evaluating on huc 170602080503
test_mse: 0.002142472192645073
test_kge: 0.922738641898724
test_r2: 0.929433286190033
test_mae: 0.02770543470978737
evaluating on huc 170602080108
test_mse: 0.003834807313978672
test_kge: 0.6811672345474147
test_r2: 0.8148283958435059
test_mae: 0.039053693413734436
evaluating on huc 170103020101
test_mse: 0.0021576369181275368
test_kge: 0.8456464020342827
test_r2: 0.9288737773895264
test_mae: 0.02514955960214138
evaluating on huc 171100060403
test_mse: 0.003578346921131015
test_kge: 0.8088524487838773
test_r2: 0.7553906440734863
test_mae: 0.03356572240591049
evaluating on huc 170602070707
test_mse: 0.0026569897308945656
test_kge: 0.26888012362197045
test_r2: 0.44498592615127563
test_mae: 0.02952445112168789
evaluating on huc 170602071106
test_mse: 0.0050702327862381935
test_kge: 0.6356524950909066
test_r2: 0.8280216455459595
test_mae: 0.04167712852358818
evaluating on huc 170200090208
test_mse: 0.003937019966542721
test_kge: 0.9055243826506041
test_r2: 0.9022132158279419
test_mae: 0.03811689838767052
evaluating on huc 170200110601
test_mse: 0.0009707250283099711
test_kge: 0.5584801935304797
test_r2: 0.8110784888267517
test_mae: 0.017848430201411247
evaluating on huc 171100060202
test_mse: 0.007339092902839184
test_kge: 0.8572094482376114
test_r2: 0.9610863327980042
test_mae: 0.05934150144457817
evaluating on huc 170200090108
test_mse: 0.006444293074309826
test_kge: 0.8542239924338229
test_r2: 0.9583609700202942
test_mae: 0.054423779249191284
evaluating on huc 171100090103
test_mse: 0.03523515537381172
test_kge: 0.6238181900632966
test_r2: 0.8105570673942566
test_mae: 0.12963245809078217
evaluating on huc 170200090105
test_mse: 0.03361247107386589
test_kge: 0.6690832550737992
test_r2: 0.8612615466117859
test_mae: 0.1361919343471527
evaluating on huc 170103020302
test_mse: 0.0026950668543577194
test_kge: 0.9123892816177243
test_r2: 0.908543586730957
test_mae: 0.029760731384158134
evaluating on huc 170602080206
test_mse: 0.0034441081807017326
test_kge: 0.7878444088162204
test_r2: 0.8328084945678711
test_mae: 0.03875885158777237
evaluating on huc 170602080412
test_mse: 0.0008876653155311942
test_kge: 0.9093782591791248
test_r2: 0.9131510853767395
test_mae: 0.01788792572915554
evaluating on huc 170200110301
test_mse: 0.006510366685688496
test_kge: 0.9734285126594474
test_r2: 0.9637284874916077
test_mae: 0.051201362162828445
evaluating on huc 170200110403
test_mse: 0.006914594676345587
test_kge: 0.9623021515273519
test_r2: 0.958893358707428
test_mae: 0.050653330981731415
evaluating on huc 171100060402
test_mse: 0.006256330292671919
test_kge: 0.7058830666793388
test_r2: 0.8488888740539551
test_mae: 0.045967716723680496
evaluating on huc 170602070704
test_mse: 0.002713253255933523
test_kge: 0.7078369250518814
test_r2: 0.8421922922134399
test_mae: 0.0320717878639698
evaluating on huc 171100050402
test_mse: 0.017785292118787766
test_kge: 0.7487326488140323
test_r2: 0.8576520681381226
test_mae: 0.08091578632593155
evaluating on huc 170200110502
test_mse: 0.012574557214975357
test_kge: 0.7133034241509779
test_r2: 0.856818675994873
test_mae: 0.07003484666347504
evaluating on huc 170200110101
test_mse: 0.041965801268815994
test_kge: 0.5852649627050495
test_r2: 0.8088099956512451
test_mae: 0.1436314433813095
evaluating on huc 170103040601
test_mse: 0.0010099568171426654
test_kge: 0.9341380118767456
test_r2: 0.9080694913864136
test_mae: 0.01761457696557045
evaluating on huc 170200110703
test_mse: 0.005974990781396627
test_kge: 0.44352495540168146
test_r2: 0.6462845802307129
test_mae: 0.04452443867921829
evaluating on huc 171100051004
test_mse: 0.08604788780212402
test_kge: 0.31095344357520527
test_r2: 0.480668306350708
test_mae: 0.17663875222206116
evaluating on huc 170602070802
test_mse: 0.0012782737612724304
test_kge: 0.9193072765000306
test_r2: 0.9208440184593201
test_mae: 0.020423542708158493
evaluating on huc 170200090106
test_mse: 0.014115102589130402
test_kge: 0.8241296116554179
test_r2: 0.9267894625663757
test_mae: 0.08314324170351028
evaluating on huc 170602070902
test_mse: 0.003426307812333107
test_kge: 0.7361502833628494
test_r2: 0.8648518919944763
test_mae: 0.03504863381385803
✅ Checkpoint saved: /home/sagemaker-user/checkpoints/Exp1B_Wind_3e-4_epoch14.pth
2026/08/25 02:53:07 WARNING mlflow.utils.requirements_utils: Found torch version (2.5.1+cu121) contains a local version label (+cu121). MLflow logged a pip requirement for this package as 'torch==2.5.1' without the local version label to make it installable from PyPI. To specify pip requirements containing local version labels, please use `conda_env` or `pip_requirements`.
2026/08/25 02:53:11 WARNING mlflow.utils.requirements_utils: Found torch version (2.5.1+cu121) contains a local version label (+cu121). MLflow logged a pip requirement for this package as 'torch==2.5.1' without the local version label to make it installable from PyPI. To specify pip requirements containing local version labels, please use `conda_env` or `pip_requirements`.
2026/08/25 02:53:11 WARNING mlflow.models.model: Model logged without a signature and input example. Please set `input_example` parameter when logging the model to auto infer the model signature.
2026/08/25 02:53:11 WARNING mlflow.models.model: Logging model metadata to the tracking server has failed. The model artifacts have been logged successfully under s3://dawgs-mlflow-artifacts/699/a663a8f9c1c7462ca696210999f1725b/artifacts. Set logging level to DEBUG via `logging.getLogger("mlflow").setLevel(logging.DEBUG)` to see the full traceback.
💾 Checkpoint saved: Exp1B_Wind_3e-4_epoch14.pth
Epoch 15: Pre-training on multiple HUCs
Pre-training on HUC5: 170200110108
Pre-training on HUC10: 170103040803
Pre-training on HUC15: 171100050902
Pre-training on HUC20: 171100050702
Pre-training on HUC25: 170103020103
Pre-training on HUC30: 170602080601
Pre-training on HUC35: 171100050704
Pre-training on HUC40: 171100050903
Pre-training on HUC45: 170602080107
Pre-training on HUC50: 170200110201
Pre-training on HUC55: 170200110602
Pre-training on HUC60: 170602070305
Pre-training on HUC65: 170200110406
Pre-training on HUC70: 170602080406
Pre-training on HUC75: 170602080106
Pre-training on HUC80: 170602080407
Pre-training on HUC85: 171100090501
Pre-training on HUC90: 170200110304
Pre-training on HUC95: 170602080204
Pre-training on HUC100: 170602080402
Pre-training on HUC105: 170200110306
Pre-training on HUC110: 171100060103
Pre-training on HUC115: 170602070306
Pre-training on HUC120: 170602070303
Pre-training on HUC125: 170602070302
Pre-training on HUC130: 171100090101
Pre-training on HUC135: 170602071104
Pre-training on HUC140: 170103040703
Pre-training on HUC145: 170103020202
Pre-training on HUC150: 171100060303
Pre-training on HUC155: 171100050502
Pre-training on HUC160: 171100050701
evaluating on huc 170602070904
test_mse: 0.007084574084728956
test_kge: -0.3544485603550396
test_r2: -0.6122909784317017
test_mae: 0.05414149910211563
evaluating on huc 171100050603
test_mse: 0.0037578088231384754
test_kge: 0.9093344122524597
test_r2: 0.9388526678085327
test_mae: 0.037269704043865204
evaluating on huc 171100060202
test_mse: 0.009484527632594109
test_kge: 0.811599357841496
test_r2: 0.9497107267379761
test_mae: 0.06336568295955658
evaluating on huc 170200110502
test_mse: 0.005101549439132214
test_kge: 0.8695673099153534
test_r2: 0.9419107437133789
test_mae: 0.04261003062129021
evaluating on huc 170602080505
test_mse: 0.004509178455919027
test_kge: 0.6202557824233066
test_r2: 0.8303592205047607
test_mae: 0.04712090268731117
evaluating on huc 170602080206
test_mse: 0.010220485739409924
test_kge: 0.283060776264518
test_r2: 0.5038545727729797
test_mae: 0.07059616595506668
evaluating on huc 170200090208
test_mse: 0.0033636901061981916
test_kge: 0.9363070532883945
test_r2: 0.9164534211158752
test_mae: 0.03517075628042221
evaluating on huc 170602071107
test_mse: 0.004508118145167828
test_kge: -0.20405852968084814
test_r2: -0.1732081174850464
test_mae: 0.042825449258089066
evaluating on huc 170602080108
test_mse: 0.012459933757781982
test_kge: 0.20032100202697178
test_r2: 0.3983462452888489
test_mae: 0.07805340737104416
evaluating on huc 170602080605
test_mse: 0.001952777849510312
test_kge: 0.7819645211341967
test_r2: 0.9086430072784424
test_mae: 0.02800500951707363
evaluating on huc 170103020101
test_mse: 0.0028952485881745815
test_kge: 0.7461769721786574
test_r2: 0.904558539390564
test_mae: 0.03422155976295471
evaluating on huc 170103040401
test_mse: 0.0036531644873321056
test_kge: 0.849704101327454
test_r2: 0.9157794117927551
test_mae: 0.03699430078268051
evaluating on huc 170103040901
test_mse: 0.0015778937377035618
test_kge: 0.8279901543360288
test_r2: 0.8878568410873413
test_mae: 0.022333776578307152
evaluating on huc 171100060402
test_mse: 0.005304823629558086
test_kge: 0.8371661372752808
test_r2: 0.8718708753585815
test_mae: 0.04621810093522072
evaluating on huc 170200090106
test_mse: 0.014348804019391537
test_kge: 0.7819231488330136
test_r2: 0.9255772829055786
test_mae: 0.0776105672121048
evaluating on huc 170103040601
test_mse: 0.0014767673565074801
test_kge: 0.7605388916044349
test_r2: 0.8655784726142883
test_mae: 0.02282707765698433
evaluating on huc 170200090105
test_mse: 0.0398285798728466
test_kge: 0.6222945966229474
test_r2: 0.8356039524078369
test_mae: 0.140353262424469
evaluating on huc 170602080502
test_mse: 0.0037475049030035734
test_kge: 0.8872350810730336
test_r2: 0.9540009498596191
test_mae: 0.04041260853409767
evaluating on huc 171100060403
test_mse: 0.005898682866245508
test_kge: 0.383050678661383
test_r2: 0.5967766046524048
test_mae: 0.04913918301463127
evaluating on huc 170103020102
test_mse: 0.0052234516479074955
test_kge: 0.5834150941011107
test_r2: 0.7861879467964172
test_mae: 0.04607035592198372
evaluating on huc 171100060102
test_mse: 0.03168138116598129
test_kge: 0.6362426211142427
test_r2: 0.8594475984573364
test_mae: 0.1181693971157074
evaluating on huc 170602080503
test_mse: 0.005975198000669479
test_kge: 0.6037666161981423
test_r2: 0.8031945824623108
test_mae: 0.05281958729028702
evaluating on huc 170200110601
test_mse: 0.0008195866248570383
test_kge: 0.868107734789841
test_r2: 0.8404929041862488
test_mae: 0.015558105893433094
evaluating on huc 170200110102
test_mse: 0.014179721474647522
test_kge: 0.7502929991240161
test_r2: 0.9261468648910522
test_mae: 0.07938791811466217
evaluating on huc 170602070902
test_mse: 0.015146136283874512
test_kge: 0.28287073181292555
test_r2: 0.40257203578948975
test_mae: 0.08709707856178284
evaluating on huc 170200110101
test_mse: 0.041099514812231064
test_kge: 0.5735933661117494
test_r2: 0.8127566576004028
test_mae: 0.13705553114414215
evaluating on huc 170602080302
test_mse: 0.005591922905296087
test_kge: 0.5123725339018814
test_r2: 0.750409722328186
test_mae: 0.050891004502773285
evaluating on huc 171100050801
test_mse: 0.04693968594074249
test_kge: 0.6319339914045703
test_r2: 0.79740309715271
test_mae: 0.16787733137607574
evaluating on huc 170200110403
test_mse: 0.0069923703558743
test_kge: 0.9355965082238834
test_r2: 0.9584310054779053
test_mae: 0.054318659007549286
evaluating on huc 170200090108
test_mse: 0.007132287137210369
test_kge: 0.8318777257991318
test_r2: 0.9539155960083008
test_mae: 0.053960397839546204
evaluating on huc 170602070701
test_mse: 0.007978394627571106
test_kge: 0.0360529327600565
test_r2: 0.11009049415588379
test_mae: 0.05981210246682167
evaluating on huc 170200110501
test_mse: 0.002119458746165037
test_kge: 0.7871929130496952
test_r2: 0.8866651058197021
test_mae: 0.026189342141151428
evaluating on huc 170200110301
test_mse: 0.006074697244912386
test_kge: 0.9444992127090429
test_r2: 0.9661557674407959
test_mae: 0.051121897995471954
evaluating on huc 170602070705
test_mse: 0.006545142736285925
test_kge: 0.3798318528794752
test_r2: 0.5061967372894287
test_mae: 0.04870564118027687
evaluating on huc 170602071106
test_mse: 0.0010069496929645538
test_kge: 0.9448907663232424
test_r2: 0.9658450484275818
test_mae: 0.01838730089366436
evaluating on huc 171100050705
test_mse: 0.010467389598488808
test_kge: 0.8264252835202561
test_r2: 0.9134224653244019
test_mae: 0.06439142674207687
evaluating on huc 170103020302
test_mse: 0.0022159453947097063
test_kge: 0.899448318423192
test_r2: 0.9248024225234985
test_mae: 0.02886027656495571
evaluating on huc 171100050402
test_mse: 0.01009297650307417
test_kge: 0.7826859724636237
test_r2: 0.9192189574241638
test_mae: 0.0612863190472126
evaluating on huc 170200090209
test_mse: 0.02549942396581173
test_kge: 0.3087758008447202
test_r2: 0.5337666273117065
test_mae: 0.09960910677909851
evaluating on huc 171100051004
test_mse: 0.07560984790325165
test_kge: 0.3383139174293288
test_r2: 0.5436658263206482
test_mae: 0.15697219967842102
evaluating on huc 170200110503
test_mse: 0.0006035664118826389
test_kge: 0.885509257672689
test_r2: 0.9018828272819519
test_mae: 0.013824931345880032
evaluating on huc 170602070105
test_mse: 0.0014096939703449607
test_kge: 0.953596968811432
test_r2: 0.9670283794403076
test_mae: 0.022965922951698303
evaluating on huc 170602070707
test_mse: 0.005590686108916998
test_kge: -0.12659968354391982
test_r2: -0.16782891750335693
test_mae: 0.04782425984740257
evaluating on huc 170200090302
test_mse: 0.0034437477588653564
test_kge: 0.3728031616054478
test_r2: 0.577499508857727
test_mae: 0.03799495846033096
evaluating on huc 170602070603
test_mse: 0.011447113007307053
test_kge: 0.19270184869162632
test_r2: 0.3236449956893921
test_mae: 0.07369886338710785
evaluating on huc 171100050703
test_mse: 0.007752983830869198
test_kge: 0.9232016262877629
test_r2: 0.9346038103103638
test_mae: 0.05736648663878441
evaluating on huc 170602070704
test_mse: 0.0006133098504506052
test_kge: 0.9740563736388516
test_r2: 0.9643288254737854
test_mae: 0.014798304066061974
evaluating on huc 170103040701
test_mse: 0.0028365268371999264
test_kge: 0.8418218554052562
test_r2: 0.9307416677474976
test_mae: 0.031556326895952225
evaluating on huc 170602080412
test_mse: 0.0021911703515797853
test_kge: 0.5803733137380269
test_r2: 0.7856165170669556
test_mae: 0.02792048454284668
evaluating on huc 170200090202
test_mse: 0.004603845067322254
test_kge: 0.9234934005751815
test_r2: 0.9440195560455322
test_mae: 0.04200835898518562
evaluating on huc 170602070901
test_mse: 0.010520674288272858
test_kge: 0.2522732544543931
test_r2: 0.33237558603286743
test_mae: 0.06536255031824112
evaluating on huc 171100090103
test_mse: 0.029849348589777946
test_kge: 0.6329662416238385
test_r2: 0.8395140171051025
test_mae: 0.11313334852457047
evaluating on huc 170200110703
test_mse: 0.010759643279016018
test_kge: 0.221826330887394
test_r2: 0.3630363345146179
test_mae: 0.06447891145944595
evaluating on huc 170602070802
test_mse: 0.003219397272914648
test_kge: 0.6021594100852612
test_r2: 0.800641655921936
test_mae: 0.037321146577596664
✅ Checkpoint saved: /home/sagemaker-user/checkpoints/Exp1B_Wind_3e-4_epoch15.pth
2026/08/25 03:25:54 WARNING mlflow.utils.requirements_utils: Found torch version (2.5.1+cu121) contains a local version label (+cu121). MLflow logged a pip requirement for this package as 'torch==2.5.1' without the local version label to make it installable from PyPI. To specify pip requirements containing local version labels, please use `conda_env` or `pip_requirements`.
2026/08/25 03:25:58 WARNING mlflow.utils.requirements_utils: Found torch version (2.5.1+cu121) contains a local version label (+cu121). MLflow logged a pip requirement for this package as 'torch==2.5.1' without the local version label to make it installable from PyPI. To specify pip requirements containing local version labels, please use `conda_env` or `pip_requirements`.
2026/08/25 03:25:58 WARNING mlflow.models.model: Model logged without a signature and input example. Please set `input_example` parameter when logging the model to auto infer the model signature.
2026/08/25 03:25:58 WARNING mlflow.models.model: Logging model metadata to the tracking server has failed. The model artifacts have been logged successfully under s3://dawgs-mlflow-artifacts/699/a663a8f9c1c7462ca696210999f1725b/artifacts. Set logging level to DEBUG via `logging.getLogger("mlflow").setLevel(logging.DEBUG)` to see the full traceback.
💾 Checkpoint saved: Exp1B_Wind_3e-4_epoch15.pth
Epoch 16: Pre-training on multiple HUCs
Pre-training on HUC5: 170200090110
Pre-training on HUC10: 170103040804
Pre-training on HUC15: 171100090501
Pre-training on HUC20: 170602080603
Pre-training on HUC25: 170602080104
Pre-training on HUC30: 171100051103
Pre-training on HUC35: 170103040101
Pre-training on HUC40: 171100050504
Pre-training on HUC45: 170602080107
Pre-training on HUC50: 170103040304
Pre-training on HUC55: 171100050804
Pre-training on HUC60: 171100090403
Pre-training on HUC65: 170602070403
Pre-training on HUC70: 170602080204
Pre-training on HUC75: 170602080106
Pre-training on HUC80: 171100051005
Pre-training on HUC85: 170602070305
Pre-training on HUC90: 170200090102
Pre-training on HUC95: 170602080507
Pre-training on HUC100: 171100050904
Pre-training on HUC105: 170200090304
Pre-training on HUC110: 171100060101
Pre-training on HUC115: 170200090201
Pre-training on HUC120: 170602080406
Pre-training on HUC125: 171100050601
Pre-training on HUC130: 170602070201
Pre-training on HUC135: 171100060304
Pre-training on HUC140: 170103040306
Pre-training on HUC145: 170200110201
Pre-training on HUC150: 170103040303
Pre-training on HUC155: 170602080407
Pre-training on HUC160: 171100090101
evaluating on huc 170103020102
test_mse: 0.002220196882262826
test_kge: 0.9124221901342573
test_r2: 0.9091204404830933
test_mae: 0.0260336771607399
evaluating on huc 170103040601
test_mse: 0.0010883572977036238
test_kge: 0.9389618241989808
test_r2: 0.9009332060813904
test_mae: 0.017034828662872314
evaluating on huc 170200110301
test_mse: 0.009159989655017853
test_kge: 0.9053151521456144
test_r2: 0.9489665031433105
test_mae: 0.05924438685178757
evaluating on huc 170200090105
test_mse: 0.02798306569457054
test_kge: 0.7367121188103003
test_r2: 0.8844974040985107
test_mae: 0.1162157952785492
evaluating on huc 170200110102
test_mse: 0.011826417408883572
test_kge: 0.832955716820834
test_r2: 0.9384037256240845
test_mae: 0.07438676059246063
evaluating on huc 171100051004
test_mse: 0.051107726991176605
test_kge: 0.5200944224444464
test_r2: 0.6915454864501953
test_mae: 0.13248930871486664
evaluating on huc 170200110502
test_mse: 0.01427956111729145
test_kge: 0.7095666859917685
test_r2: 0.8374044895172119
test_mae: 0.07653544843196869
evaluating on huc 170103020302
test_mse: 0.004445259924978018
test_kge: 0.763827910274465
test_r2: 0.8491511940956116
test_mae: 0.03731977939605713
evaluating on huc 170602070904
test_mse: 0.0005545212770812213
test_kge: 0.7302624633142472
test_r2: 0.8738033175468445
test_mae: 0.01231519877910614
evaluating on huc 170200090302
test_mse: 0.004329289775341749
test_kge: 0.3256752174108344
test_r2: 0.46885567903518677
test_mae: 0.04378578066825867
evaluating on huc 170200110503
test_mse: 0.0010540131479501724
test_kge: 0.7672032028081164
test_r2: 0.8286571502685547
test_mae: 0.01597806066274643
evaluating on huc 170602080108
test_mse: 0.00419654231518507
test_kge: 0.6313078086553341
test_r2: 0.7973612546920776
test_mae: 0.03747763857245445
evaluating on huc 170200090202
test_mse: 0.012347911484539509
test_kge: 0.869983901103853
test_r2: 0.8498555421829224
test_mae: 0.06717478483915329
evaluating on huc 170602070603
test_mse: 0.0006340520922094584
test_kge: 0.9376960766317096
test_r2: 0.9625369310379028
test_mae: 0.015516831539571285
evaluating on huc 170103020101
test_mse: 0.0026779964100569487
test_kge: 0.9080533189237692
test_r2: 0.9117202162742615
test_mae: 0.02891947142779827
evaluating on huc 170103040701
test_mse: 0.004879259970039129
test_kge: 0.6538480204376091
test_r2: 0.8808650374412537
test_mae: 0.04057414457201958
evaluating on huc 171100050703
test_mse: 0.01654285565018654
test_kge: 0.7488540469384319
test_r2: 0.8604614734649658
test_mae: 0.08260796219110489
evaluating on huc 170200110403
test_mse: 0.007450656965374947
test_kge: 0.9055909707341887
test_r2: 0.9557065367698669
test_mae: 0.052447594702243805
evaluating on huc 170200110601
test_mse: 0.0005264708306640387
test_kge: 0.8932889758205094
test_r2: 0.8975387811660767
test_mae: 0.011810644529759884
evaluating on huc 170602080412
test_mse: 0.002883397974073887
test_kge: 0.4835511186135547
test_r2: 0.7178891897201538
test_mae: 0.032969601452350616
evaluating on huc 171100050705
test_mse: 0.011620224453508854
test_kge: 0.8367760951019123
test_r2: 0.903887152671814
test_mae: 0.06644443422555923
evaluating on huc 171100050603
test_mse: 0.007561639882624149
test_kge: 0.8523218325315425
test_r2: 0.8769564628601074
test_mae: 0.04998868703842163
evaluating on huc 170602080503
test_mse: 0.010607659816741943
test_kge: 0.4221677156851812
test_r2: 0.6506149172782898
test_mae: 0.06314334273338318
evaluating on huc 170602070105
test_mse: 0.02023746445775032
test_kge: 0.3410307660517965
test_r2: 0.5266616344451904
test_mae: 0.09517012536525726
evaluating on huc 170200110703
test_mse: 0.0072007435373961926
test_kge: 0.4131024581612688
test_r2: 0.5737208127975464
test_mae: 0.044704023748636246
evaluating on huc 170602080605
test_mse: 0.011764461174607277
test_kge: 0.2551363471476056
test_r2: 0.44962215423583984
test_mae: 0.06833118945360184
evaluating on huc 170200090208
test_mse: 0.0043253120966255665
test_kge: 0.8297746450825048
test_r2: 0.8925688862800598
test_mae: 0.03963681310415268
evaluating on huc 171100050402
test_mse: 0.03157581016421318
test_kge: 0.6307177285503661
test_r2: 0.747277021408081
test_mae: 0.11083019524812698
evaluating on huc 170602070704
test_mse: 0.008008487522602081
test_kge: 0.35711205679732605
test_r2: 0.5342119932174683
test_mae: 0.05976015329360962
evaluating on huc 170103040401
test_mse: 0.0043707918375730515
test_kge: 0.9175444362586299
test_r2: 0.8992351293563843
test_mae: 0.036762237548828125
evaluating on huc 170200090108
test_mse: 0.008907965384423733
test_kge: 0.8601666962129655
test_r2: 0.9424422383308411
test_mae: 0.06168995052576065
evaluating on huc 171100090103
test_mse: 0.012754089199006557
test_kge: 0.8344236809056991
test_r2: 0.9314272403717041
test_mae: 0.07338172942399979
evaluating on huc 170200110501
test_mse: 0.0023179149720817804
test_kge: 0.7365864285227697
test_r2: 0.876052975654602
test_mae: 0.031192723661661148
evaluating on huc 170103040901
test_mse: 0.0015825395239517093
test_kge: 0.7233493624805746
test_r2: 0.8875266909599304
test_mae: 0.02099897898733616
evaluating on huc 170602070705
test_mse: 0.0016397811705246568
test_kge: 0.7089876294834178
test_r2: 0.8762854337692261
test_mae: 0.024048935621976852
evaluating on huc 170602080505
test_mse: 0.010034632869064808
test_kge: 0.39518434457403084
test_r2: 0.6224849224090576
test_mae: 0.06374599039554596
evaluating on huc 170602080206
test_mse: 0.006601077504456043
test_kge: 0.4942387406487704
test_r2: 0.6795558929443359
test_mae: 0.04626714065670967
evaluating on huc 170602080502
test_mse: 0.0287927333265543
test_kge: 0.45055987185466506
test_r2: 0.6465811729431152
test_mae: 0.11037356406450272
evaluating on huc 171100060402
test_mse: 0.030772343277931213
test_kge: 0.13369264265583947
test_r2: 0.2567458748817444
test_mae: 0.10372435301542282
evaluating on huc 170602070902
test_mse: 0.0030841848347336054
test_kge: 0.7169205972824295
test_r2: 0.8783466219902039
test_mae: 0.03379635140299797
evaluating on huc 170200090106
test_mse: 0.009235844947397709
test_kge: 0.9057910024613821
test_r2: 0.9520965814590454
test_mae: 0.06408831477165222
evaluating on huc 171100060102
test_mse: 0.009953506290912628
test_kge: 0.8559773713347618
test_r2: 0.9558418989181519
test_mae: 0.06503865122795105
evaluating on huc 170200090209
test_mse: 0.0267652440816164
test_kge: 0.2997477348634172
test_r2: 0.5106222629547119
test_mae: 0.1033506765961647
evaluating on huc 170602070802
test_mse: 0.00774562731385231
test_kge: 0.29913798364264454
test_r2: 0.5203588008880615
test_mae: 0.053372617810964584
evaluating on huc 171100060403
test_mse: 0.034039150923490524
test_kge: -0.6657001425511291
test_r2: -1.3268554210662842
test_mae: 0.10796380788087845
evaluating on huc 170200110101
test_mse: 0.037295423448085785
test_kge: 0.6301162905092085
test_r2: 0.8300875425338745
test_mae: 0.13415123522281647
evaluating on huc 170602070707
test_mse: 0.0004207861493341625
test_kge: 0.8446160626829722
test_r2: 0.9121026992797852
test_mae: 0.011357939802110195
evaluating on huc 171100060202
test_mse: 0.007264989893883467
test_kge: 0.9003465109421914
test_r2: 0.9614792466163635
test_mae: 0.05637984722852707
evaluating on huc 170602070901
test_mse: 0.0014131864299997687
test_kge: 0.797603709266746
test_r2: 0.9103215336799622
test_mae: 0.02266150712966919
evaluating on huc 170602071107
test_mse: 0.0004656040982808918
test_kge: 0.8690222921121786
test_r2: 0.8788295984268188
test_mae: 0.012223784811794758
evaluating on huc 171100050801
test_mse: 0.02598968893289566
test_kge: 0.8093170488558069
test_r2: 0.887825608253479
test_mae: 0.11573515832424164
evaluating on huc 170602070701
test_mse: 0.0006023789173923433
test_kge: 0.896740082805337
test_r2: 0.9328107237815857
test_mae: 0.014759940095245838
evaluating on huc 170602071106
test_mse: 0.013039044104516506
test_kge: 0.3385060491027706
test_r2: 0.5577257871627808
test_mae: 0.07261695712804794
evaluating on huc 170602080302
test_mse: 0.008687224239110947
test_kge: 0.43396146465376706
test_r2: 0.6122537851333618
test_mae: 0.05701693147420883
✅ Checkpoint saved: /home/sagemaker-user/checkpoints/Exp1B_Wind_3e-4_epoch16.pth
2026/08/25 03:58:49 WARNING mlflow.utils.requirements_utils: Found torch version (2.5.1+cu121) contains a local version label (+cu121). MLflow logged a pip requirement for this package as 'torch==2.5.1' without the local version label to make it installable from PyPI. To specify pip requirements containing local version labels, please use `conda_env` or `pip_requirements`.
2026/08/25 03:58:52 WARNING mlflow.utils.requirements_utils: Found torch version (2.5.1+cu121) contains a local version label (+cu121). MLflow logged a pip requirement for this package as 'torch==2.5.1' without the local version label to make it installable from PyPI. To specify pip requirements containing local version labels, please use `conda_env` or `pip_requirements`.
2026/08/25 03:58:52 WARNING mlflow.models.model: Model logged without a signature and input example. Please set `input_example` parameter when logging the model to auto infer the model signature.
2026/08/25 03:58:53 WARNING mlflow.models.model: Logging model metadata to the tracking server has failed. The model artifacts have been logged successfully under s3://dawgs-mlflow-artifacts/699/a663a8f9c1c7462ca696210999f1725b/artifacts. Set logging level to DEBUG via `logging.getLogger("mlflow").setLevel(logging.DEBUG)` to see the full traceback.
💾 Checkpoint saved: Exp1B_Wind_3e-4_epoch16.pth
Epoch 17: Pre-training on multiple HUCs
Pre-training on HUC5: 170103040101
Pre-training on HUC10: 171100090201
Pre-training on HUC15: 171100050405
Pre-training on HUC20: 171100060304
Pre-training on HUC25: 170200110406
Pre-training on HUC30: 171100051102
Pre-training on HUC35: 170200110304
Pre-training on HUC40: 170200090111
Pre-training on HUC45: 171100051103
Pre-training on HUC50: 170602071104
Pre-training on HUC55: 170602080107
Pre-training on HUC60: 170200110108
Pre-training on HUC65: 171100060105
Pre-training on HUC70: 170103040402
Pre-training on HUC75: 170602070803
Pre-training on HUC80: 170103040604
Pre-training on HUC85: 170200110306
Pre-training on HUC90: 171100050706
Pre-training on HUC95: 171100051005
Pre-training on HUC100: 171100050708
Pre-training on HUC105: 171100050502
Pre-training on HUC110: 170602080504
Pre-training on HUC115: 171100051002
Pre-training on HUC120: 170602070801
Pre-training on HUC125: 171100050805
Pre-training on HUC130: 170602080601
Pre-training on HUC135: 170200110704
Pre-training on HUC140: 171100090501
Pre-training on HUC145: 170602070106
Pre-training on HUC150: 171100050701
Pre-training on HUC155: 170602080402
Pre-training on HUC160: 171100050904
2026/08/25 04:31:54 WARNING mlflow.utils.requirements_utils: Found torch version (2.5.1+cu121) contains a local version label (+cu121). MLflow logged a pip requirement for this package as 'torch==2.5.1' without the local version label to make it installable from PyPI. To specify pip requirements containing local version labels, please use `conda_env` or `pip_requirements`.
2026/08/25 04:31:58 WARNING mlflow.utils.requirements_utils: Found torch version (2.5.1+cu121) contains a local version label (+cu121). MLflow logged a pip requirement for this package as 'torch==2.5.1' without the local version label to make it installable from PyPI. To specify pip requirements containing local version labels, please use `conda_env` or `pip_requirements`.
2026/08/25 04:31:58 WARNING mlflow.models.model: Model logged without a signature and input example. Please set `input_example` parameter when logging the model to auto infer the model signature.
2026/08/25 04:31:58 WARNING mlflow.models.model: Logging model metadata to the tracking server has failed. The model artifacts have been logged successfully under s3://dawgs-mlflow-artifacts/699/a663a8f9c1c7462ca696210999f1725b/artifacts. Set logging level to DEBUG via `logging.getLogger("mlflow").setLevel(logging.DEBUG)` to see the full traceback.
evaluating on huc 170200090105
test_mse: 0.023854920640587807
test_kge: 0.9030459984161685
test_r2: 0.9015367031097412
test_mae: 0.10337414592504501
evaluating on huc 170602080503
test_mse: 0.028224823996424675
test_kge: 0.140799482040459
test_r2: 0.07035744190216064
test_mae: 0.10366757214069366
evaluating on huc 170200110703
test_mse: 0.14007961750030518
test_kge: -2.080610872648415
test_r2: -7.292618751525879
test_mae: 0.26686891913414
evaluating on huc 170602080206
test_mse: 0.026730580255389214
test_kge: -0.06763982089871301
test_r2: -0.2976149320602417
test_mae: 0.09915555268526077
evaluating on huc 171100060402
test_mse: 0.2610713839530945
test_kge: -2.01532054725083
test_r2: -5.305739879608154
test_mae: 0.37753671407699585
evaluating on huc 170200090202
test_mse: 0.03236045688390732
test_kge: 0.5361240850187785
test_r2: 0.6065130233764648
test_mae: 0.11480952799320221
evaluating on huc 170602080605
test_mse: 0.01004751306027174
test_kge: 0.5552169079121692
test_r2: 0.5299463272094727
test_mae: 0.0596734993159771
evaluating on huc 170602070707
test_mse: 0.05006876587867737
test_kge: -2.4861262928015453
test_r2: -9.458779335021973
test_mae: 0.14667856693267822
evaluating on huc 170200090106
test_mse: 0.04621710628271103
test_kge: 0.7241915252323912
test_r2: 0.7602865099906921
test_mae: 0.14252012968063354
evaluating on huc 170602070704
test_mse: 0.023891279473900795
test_kge: -0.0073269779406814894
test_r2: -0.38955962657928467
test_mae: 0.0944266989827156
evaluating on huc 170200090302
test_mse: 0.013270707800984383
test_kge: 0.035189607676956336
test_r2: -0.6281334161758423
test_mae: 0.0684882178902626
evaluating on huc 170103040701
test_mse: 0.12361976504325867
test_kge: -0.9469649623969867
test_r2: -2.0183751583099365
test_mae: 0.2607625126838684
evaluating on huc 170200110102
test_mse: 0.04041917994618416
test_kge: 0.7157256178999286
test_r2: 0.7894821763038635
test_mae: 0.1460992842912674
evaluating on huc 171100090103
test_mse: 0.07080861181020737
test_kge: 0.5207457584330322
test_r2: 0.6192952394485474
test_mae: 0.1940331906080246
evaluating on huc 171100050703
test_mse: 0.07385187596082687
test_kge: 0.31185501465962406
test_r2: 0.3770616054534912
test_mae: 0.2000287026166916
evaluating on huc 170602070603
test_mse: 0.05544496327638626
test_kge: -0.6589523008246139
test_r2: -2.2759768962860107
test_mae: 0.14595302939414978
evaluating on huc 170602080505
test_mse: 0.023773398250341415
test_kge: 0.17024093397506235
test_r2: 0.10561585426330566
test_mae: 0.09514521807432175
evaluating on huc 170602071107
test_mse: 0.07168673723936081
test_kge: -3.9503536623242637
test_r2: -17.656002044677734
test_mae: 0.17766274511814117
evaluating on huc 170602070705
test_mse: 0.024424122646450996
test_kge: -0.09525341077546323
test_r2: -0.8426964282989502
test_mae: 0.08891049027442932
evaluating on huc 170602070902
test_mse: 0.03327115997672081
test_kge: 0.08636674732952321
test_r2: -0.3123558759689331
test_mae: 0.10877276211977005
evaluating on huc 170200090209
test_mse: 0.018706349655985832
test_kge: 0.7242203816673901
test_r2: 0.6579716801643372
test_mae: 0.08297895640134811
evaluating on huc 170602080502
test_mse: 0.02394765429198742
test_kge: 0.627689025787799
test_r2: 0.7060524821281433
test_mae: 0.09419290721416473
evaluating on huc 170200110501
test_mse: 0.03857894986867905
test_kge: -0.2777211192552147
test_r2: -1.0629513263702393
test_mae: 0.11778948456048965
evaluating on huc 170103020101
test_mse: 0.13608799874782562
test_kge: -1.273943307808079
test_r2: -3.4861226081848145
test_mae: 0.27623501420021057
evaluating on huc 170103040401
test_mse: 0.14324410259723663
test_kge: -0.9559535032482454
test_r2: -2.302370548248291
test_mae: 0.2833731174468994
evaluating on huc 170200090208
test_mse: 0.04621749743819237
test_kge: 0.13814741660553942
test_r2: -0.14793944358825684
test_mae: 0.12842503190040588
evaluating on huc 171100050603
test_mse: 0.11411956697702408
test_kge: -0.34781656838177333
test_r2: -0.8569611310958862
test_mae: 0.25280076265335083
evaluating on huc 171100051004
test_mse: 0.06934025138616562
test_kge: 0.575414251250042
test_r2: 0.5815052390098572
test_mae: 0.18307144939899445
evaluating on huc 170602070901
test_mse: 0.026570484042167664
test_kge: -0.0018180919277330787
test_r2: -0.686118483543396
test_mae: 0.09203190356492996
evaluating on huc 170200090108
test_mse: 0.04830183461308479
test_kge: 0.5906982617397298
test_r2: 0.6879034042358398
test_mae: 0.1532476842403412
evaluating on huc 170200110601
test_mse: 0.05148891732096672
test_kge: -2.665425864682596
test_r2: -9.020719528198242
test_mae: 0.1420816034078598
evaluating on huc 170602070802
test_mse: 0.010738945566117764
test_kge: 0.393819877175671
test_r2: 0.335000216960907
test_mae: 0.060340266674757004
evaluating on huc 170200110301
test_mse: 0.06060921773314476
test_kge: 0.5762299568931133
test_r2: 0.6623251438140869
test_mae: 0.1802099049091339
evaluating on huc 170103040901
test_mse: 0.10069839656352997
test_kge: -2.25718902202192
test_r2: -6.1567769050598145
test_mae: 0.22968612611293793
evaluating on huc 170200110503
test_mse: 0.07652298361063004
test_kge: -3.235856235059299
test_r2: -11.4397554397583
test_mae: 0.18921814858913422
evaluating on huc 170103020102
test_mse: 0.1551448255777359
test_kge: -1.782257371957145
test_r2: -5.350558280944824
test_mae: 0.29611945152282715
evaluating on huc 170602071106
test_mse: 0.03118366003036499
test_kge: 0.08147269015451042
test_r2: -0.05772554874420166
test_mae: 0.10819743573665619
evaluating on huc 170602070701
test_mse: 0.05051252990961075
test_kge: -1.3609820080746506
test_r2: -4.6341633796691895
test_mae: 0.1455625593662262
evaluating on huc 171100060202
test_mse: 0.048176899552345276
test_kge: 0.6695573062010468
test_r2: 0.7445544004440308
test_mae: 0.1573021113872528
evaluating on huc 170200110101
test_mse: 0.03224266320466995
test_kge: 0.8587775997584236
test_r2: 0.8531071543693542
test_mae: 0.12171503901481628
evaluating on huc 171100050705
test_mse: 0.10225730389356613
test_kge: 0.17320347894636456
test_r2: 0.1542125940322876
test_mae: 0.2348654717206955
evaluating on huc 170602070904
test_mse: 0.05410077050328255
test_kge: -2.866023927703099
test_r2: -11.312128067016602
test_mae: 0.15176266431808472
evaluating on huc 170602070105
test_mse: 0.015149123035371304
test_kge: 0.7266347058910159
test_r2: 0.6456739902496338
test_mae: 0.07891609519720078
evaluating on huc 171100060102
test_mse: 0.03972133621573448
test_kge: 0.7814958548441275
test_r2: 0.8237788677215576
test_mae: 0.14222483336925507
evaluating on huc 170602080108
test_mse: 0.035217806696891785
test_kge: -0.2544532776344688
test_r2: -0.7005648612976074
test_mae: 0.11685290187597275
evaluating on huc 171100060403
test_mse: 0.2573394477367401
test_kge: -4.127701802955864
test_r2: -16.591264724731445
test_mae: 0.37483397126197815
evaluating on huc 170200110403
test_mse: 0.07616784423589706
test_kge: 0.4438211097479906
test_r2: 0.5471889972686768
test_mae: 0.20144586265087128
evaluating on huc 170602080302
test_mse: 0.02245112508535385
test_kge: 0.10835341554574185
test_r2: -0.002085089683532715
test_mae: 0.09064343571662903
evaluating on huc 170103020302
test_mse: 0.14617465436458588
test_kge: -1.513577417330418
test_r2: -3.9604010581970215
test_mae: 0.2915956974029541
evaluating on huc 170200110502
test_mse: 0.022293537855148315
test_kge: 0.6789666708834636
test_r2: 0.7461526393890381
test_mae: 0.09343201667070389
evaluating on huc 170103040601
test_mse: 0.13294878602027893
test_kge: -3.3434638607079004
test_r2: -11.101551055908203
test_mae: 0.2703208923339844
evaluating on huc 170602080412
test_mse: 0.03621872514486313
test_kge: -0.9871031927356468
test_r2: -2.5436291694641113
test_mae: 0.12447630614042282
evaluating on huc 171100050801
test_mse: 0.029302923008799553
test_kge: 0.9181224067020888
test_r2: 0.8735253810882568
test_mae: 0.12408146262168884
evaluating on huc 171100050402
test_mse: 0.04664531350135803
test_kge: 0.5428704668916494
test_r2: 0.6266654133796692
test_mae: 0.15490871667861938
✅ Checkpoint saved: /home/sagemaker-user/checkpoints/Exp1B_Wind_3e-4_epoch17.pth
💾 Checkpoint saved: Exp1B_Wind_3e-4_epoch17.pth
Epoch 18: Pre-training on multiple HUCs
Pre-training on HUC5: 170602080105
Pre-training on HUC10: 170103040402
Pre-training on HUC15: 170103040101
Pre-training on HUC20: 170103040105
Pre-training on HUC25: 171100050604
Pre-training on HUC30: 171100060201
Pre-training on HUC35: 170200110402
Pre-training on HUC40: 170602070106
Pre-training on HUC45: 171100050901
Pre-training on HUC50: 170200090204
Pre-training on HUC55: 170602071105
Pre-training on HUC60: 170602080406
Pre-training on HUC65: 170200110202
Pre-training on HUC70: 171100051103
Pre-training on HUC75: 170103040607
Pre-training on HUC80: 171100060205
Pre-training on HUC85: 170103040501
Pre-training on HUC90: 170200090304
Pre-training on HUC95: 170602071102
Pre-training on HUC100: 170103040306
Pre-training on HUC105: 171100060301
Pre-training on HUC110: 170103020303
Pre-training on HUC115: 170602080604
Pre-training on HUC120: 170103040502
Pre-training on HUC125: 170200110109
Pre-training on HUC130: 171100060204
Pre-training on HUC135: 170602080402
Pre-training on HUC140: 170602070306
Pre-training on HUC145: 170103040801
Pre-training on HUC150: 170200090111
Pre-training on HUC155: 171100051001
Pre-training on HUC160: 171100060104
2026/08/25 05:04:37 WARNING mlflow.utils.requirements_utils: Found torch version (2.5.1+cu121) contains a local version label (+cu121). MLflow logged a pip requirement for this package as 'torch==2.5.1' without the local version label to make it installable from PyPI. To specify pip requirements containing local version labels, please use `conda_env` or `pip_requirements`.
2026/08/25 05:04:41 WARNING mlflow.utils.requirements_utils: Found torch version (2.5.1+cu121) contains a local version label (+cu121). MLflow logged a pip requirement for this package as 'torch==2.5.1' without the local version label to make it installable from PyPI. To specify pip requirements containing local version labels, please use `conda_env` or `pip_requirements`.
2026/08/25 05:04:41 WARNING mlflow.models.model: Model logged without a signature and input example. Please set `input_example` parameter when logging the model to auto infer the model signature.
2026/08/25 05:04:41 WARNING mlflow.models.model: Logging model metadata to the tracking server has failed. The model artifacts have been logged successfully under s3://dawgs-mlflow-artifacts/699/a663a8f9c1c7462ca696210999f1725b/artifacts. Set logging level to DEBUG via `logging.getLogger("mlflow").setLevel(logging.DEBUG)` to see the full traceback.
evaluating on huc 171100060402
test_mse: 0.2990458905696869
test_kge: -2.3852033203543668
test_r2: -6.222949981689453
test_mae: 0.4538743793964386
evaluating on huc 170103020101
test_mse: 0.049179382622241974
test_kge: -0.22741885647599958
test_r2: -0.6211918592453003
test_mae: 0.15072190761566162
evaluating on huc 170602070707
test_mse: 0.026716109365224838
test_kge: -1.534136693500693
test_r2: -4.580682277679443
test_mae: 0.10918280482292175
evaluating on huc 170200090302
test_mse: 0.008240840397775173
test_kge: 0.30506671944133756
test_r2: -0.011037826538085938
test_mae: 0.05460313335061073
evaluating on huc 170103040901
test_mse: 0.04203541949391365
test_kge: -0.9371422270622738
test_r2: -1.9875166416168213
test_mae: 0.138823464512825
evaluating on huc 170200110301
test_mse: 0.038438089191913605
test_kge: 0.8582240263134431
test_r2: 0.7858481407165527
test_mae: 0.13394203782081604
evaluating on huc 171100060202
test_mse: 0.04801034927368164
test_kge: 0.7909754039897015
test_r2: 0.745437502861023
test_mae: 0.1475074291229248
evaluating on huc 170200110101
test_mse: 0.06569769978523254
test_kge: 0.6662752657328077
test_r2: 0.7006909251213074
test_mae: 0.1650504618883133
evaluating on huc 170200110102
test_mse: 0.04423786699771881
test_kge: 0.800504439726368
test_r2: 0.7695930600166321
test_mae: 0.1413256824016571
evaluating on huc 170103040701
test_mse: 0.045901525765657425
test_kge: -0.006421959883596173
test_r2: -0.12075960636138916
test_mae: 0.14166259765625
evaluating on huc 170602071107
test_mse: 0.02170148678123951
test_kge: -1.5963966319150007
test_r2: -4.647669315338135
test_mae: 0.09309972822666168
evaluating on huc 170200110503
test_mse: 0.04592839255928993
test_kge: -2.1578681127597465
test_r2: -6.466226577758789
test_mae: 0.1402517706155777
evaluating on huc 170602080505
test_mse: 0.009767902083694935
test_kge: 0.6240680033152763
test_r2: 0.6325196027755737
test_mae: 0.06171306222677231
evaluating on huc 170602070105
test_mse: 0.012557013891637325
test_kge: 0.6663573748054245
test_r2: 0.7063013315200806
test_mae: 0.07086113840341568
evaluating on huc 170200110501
test_mse: 0.011851726099848747
test_kge: 0.4149521748027115
test_r2: 0.36624675989151
test_mae: 0.06597509980201721
evaluating on huc 170602071106
test_mse: 0.007809494622051716
test_kge: 0.8653112731991327
test_r2: 0.7351080179214478
test_mae: 0.05366731435060501
evaluating on huc 171100050402
test_mse: 0.022175857797265053
test_kge: 0.8909298633516463
test_r2: 0.8225113153457642
test_mae: 0.0978534147143364
evaluating on huc 170103020102
test_mse: 0.055621497333049774
test_kge: -0.5285448281848775
test_r2: -1.2767603397369385
test_mae: 0.16293905675411224
evaluating on huc 170200090208
test_mse: 0.01295037567615509
test_kge: 0.7895630008670338
test_r2: 0.6783415675163269
test_mae: 0.07225260138511658
evaluating on huc 171100090103
test_mse: 0.08340968191623688
test_kge: 0.6781625517563636
test_r2: 0.5515451431274414
test_mae: 0.20851075649261475
evaluating on huc 170103040401
test_mse: 0.05448263883590698
test_kge: -0.014939972278273705
test_r2: -0.25605082511901855
test_mae: 0.15767352283000946
evaluating on huc 171100060403
test_mse: 0.28535929322242737
test_kge: -4.64546550219208
test_r2: -18.506650924682617
test_mae: 0.4372764229774475
evaluating on huc 171100050603
test_mse: 0.06614101678133011
test_kge: 0.1410997575225048
test_r2: -0.07625102996826172
test_mae: 0.17644751071929932
evaluating on huc 170200090202
test_mse: 0.02245658077299595
test_kge: 0.7842593056720923
test_r2: 0.7269392013549805
test_mae: 0.09702210873365402
evaluating on huc 171100050705
test_mse: 0.07045264542102814
test_kge: 0.5112698952889311
test_r2: 0.4172742962837219
test_mae: 0.18752828240394592
evaluating on huc 170103020302
test_mse: 0.06245296075940132
test_kge: -0.42516410613035105
test_r2: -1.119325876235962
test_mae: 0.16778624057769775
evaluating on huc 170200090105
test_mse: 0.06984514743089676
test_kge: 0.6311829734852756
test_r2: 0.7117079496383667
test_mae: 0.17834080755710602
evaluating on huc 170602070603
test_mse: 0.012174702249467373
test_kge: 0.3309427012603263
test_r2: 0.28065526485443115
test_mae: 0.06835194677114487
evaluating on huc 170200090209
test_mse: 0.013564093969762325
test_kge: 0.8291098620444908
test_r2: 0.7519930601119995
test_mae: 0.07044977694749832
evaluating on huc 170602080605
test_mse: 0.006572176702320576
test_kge: 0.7576432437983532
test_r2: 0.6925332546234131
test_mae: 0.050969649106264114
evaluating on huc 171100060102
test_mse: 0.07534348964691162
test_kge: 0.7254639444577443
test_r2: 0.6657435297966003
test_mae: 0.18796490132808685
evaluating on huc 170602070802
test_mse: 0.007034527603536844
test_kge: 0.584912366851217
test_r2: 0.5643930435180664
test_mae: 0.0522165447473526
evaluating on huc 170200110403
test_mse: 0.03367322310805321
test_kge: 0.881249632485411
test_r2: 0.7998157143592834
test_mae: 0.11519201844930649
evaluating on huc 170602070901
test_mse: 0.015762895345687866
test_kge: 0.14795872826690115
test_r2: -0.00028693675994873047
test_mae: 0.08014804869890213
evaluating on huc 170602080206
test_mse: 0.013079646043479443
test_kge: 0.3877643180584539
test_r2: 0.3650588393211365
test_mae: 0.06983732432126999
evaluating on huc 171100050801
test_mse: 0.07808489352464676
test_kge: 0.6530804944192652
test_r2: 0.6629769802093506
test_mae: 0.20743535459041595
evaluating on huc 170602070704
test_mse: 0.007522454485297203
test_kge: 0.606823378968838
test_r2: 0.5624805688858032
test_mae: 0.054793160408735275
evaluating on huc 170200090106
test_mse: 0.04544130340218544
test_kge: 0.7638587159090195
test_r2: 0.764310359954834
test_mae: 0.14231742918491364
evaluating on huc 170602080502
test_mse: 0.0177643783390522
test_kge: 0.7108381303284208
test_r2: 0.7819496393203735
test_mae: 0.08433128148317337
evaluating on huc 170200110502
test_mse: 0.02656637690961361
test_kge: 0.6837015175261737
test_r2: 0.6974995136260986
test_mae: 0.09966164082288742
evaluating on huc 170200110703
test_mse: 0.0634777620434761
test_kge: -0.9797275038325124
test_r2: -2.757840633392334
test_mae: 0.1646791398525238
evaluating on huc 171100051004
test_mse: 0.08505776524543762
test_kge: 0.5721535103843021
test_r2: 0.48664408922195435
test_mae: 0.2151786834001541
evaluating on huc 170602070701
test_mse: 0.01827133633196354
test_kge: -0.3890123880266738
test_r2: -1.0379834175109863
test_mae: 0.08838893473148346
evaluating on huc 170602070705
test_mse: 0.014508029446005821
test_kge: 0.084241158710464
test_r2: -0.09456932544708252
test_mae: 0.07566798478364944
evaluating on huc 170602080412
test_mse: 0.022323232144117355
test_kge: -0.4646427303575793
test_r2: -1.184098482131958
test_mae: 0.09206252545118332
evaluating on huc 170103040601
test_mse: 0.06242012605071068
test_kge: -1.806908261260883
test_r2: -4.681739807128906
test_mae: 0.17181198298931122
evaluating on huc 170602070904
test_mse: 0.028987234458327293
test_kge: -1.848410364988963
test_r2: -5.5968475341796875
test_mae: 0.11456982791423798
evaluating on huc 170602080108
test_mse: 0.016980117186903954
test_kge: 0.2584486804227589
test_r2: 0.18007975816726685
test_mae: 0.08043171465396881
evaluating on huc 170200110601
test_mse: 0.02396261692047119
test_kge: -1.3811403373138695
test_r2: -3.6635799407958984
test_mae: 0.09472420066595078
evaluating on huc 170200090108
test_mse: 0.030704135075211525
test_kge: 0.8388216901260723
test_r2: 0.8016089200973511
test_mae: 0.11436677724123001
evaluating on huc 170602080302
test_mse: 0.012068597599864006
test_kge: 0.5004269212584629
test_r2: 0.4613293409347534
test_mae: 0.06768449395895004
evaluating on huc 170602080503
test_mse: 0.009170478209853172
test_kge: 0.71242211332714
test_r2: 0.6979514360427856
test_mae: 0.05957862362265587
evaluating on huc 171100050703
test_mse: 0.04549894854426384
test_kge: 0.7035472716882971
test_r2: 0.6162177324295044
test_mae: 0.14418406784534454
evaluating on huc 170602070902
test_mse: 0.01172243244946003
test_kge: 0.5957173366475905
test_r2: 0.5376174449920654
test_mae: 0.06706845760345459
✅ Checkpoint saved: /home/sagemaker-user/checkpoints/Exp1B_Wind_3e-4_epoch18.pth
💾 Checkpoint saved: Exp1B_Wind_3e-4_epoch18.pth
Epoch 19: Pre-training on multiple HUCs
Pre-training on HUC5: 170103040606
Pre-training on HUC10: 170602070203
Pre-training on HUC15: 170103040302
Pre-training on HUC20: 170602080402
Pre-training on HUC25: 171100050804
Pre-training on HUC30: 170602080406
Pre-training on HUC35: 171100060204
Pre-training on HUC40: 170602070803
Pre-training on HUC45: 171100051101
Pre-training on HUC50: 170602070903
Pre-training on HUC55: 171100090402
Pre-training on HUC60: 171100090401
Pre-training on HUC65: 171100050903
Pre-training on HUC70: 171100050708
Pre-training on HUC75: 170602071105
Pre-training on HUC80: 170602080202
Pre-training on HUC85: 170103040503
Pre-training on HUC90: 171100051103
Pre-training on HUC95: 170103040801
Pre-training on HUC100: 170602080303
Pre-training on HUC105: 170602071102
Pre-training on HUC110: 171100051003
Pre-training on HUC115: 170602080601
Pre-training on HUC120: 171100050502
Pre-training on HUC125: 170602070102
Pre-training on HUC130: 171100050606
Pre-training on HUC135: 171100090202
Pre-training on HUC140: 170103040304
Pre-training on HUC145: 170200090111
Pre-training on HUC150: 170103040306
Pre-training on HUC155: 170602080105
Pre-training on HUC160: 170602070601
evaluating on huc 171100050402
test_mse: 0.04908081516623497
test_kge: 0.6386611889939963
test_r2: 0.607172429561615
test_mae: 0.14141319692134857
evaluating on huc 170103040901
test_mse: 0.013611197471618652
test_kge: 0.31884468727783044
test_r2: 0.03263300657272339
test_mae: 0.06631867587566376
evaluating on huc 170200110601
test_mse: 0.00599063141271472
test_kge: 0.438149519254441
test_r2: -0.16589057445526123
test_mae: 0.03851683810353279
evaluating on huc 170200090208
test_mse: 0.015129854902625084
test_kge: 0.7885819414369357
test_r2: 0.6242081522941589
test_mae: 0.07858620584011078
evaluating on huc 170200110502
test_mse: 0.029895387589931488
test_kge: 0.6693119262725484
test_r2: 0.6595934629440308
test_mae: 0.10188594460487366
evaluating on huc 170602080206
test_mse: 0.023594971746206284
test_kge: 0.07026716421471269
test_r2: -0.1453993320465088
test_mae: 0.09276414662599564
evaluating on huc 170602080503
test_mse: 0.01578708179295063
test_kge: 0.4472892277463718
test_r2: 0.4800199866294861
test_mae: 0.07881584763526917
evaluating on huc 170200110403
test_mse: 0.06150432676076889
test_kge: 0.5659112256345435
test_r2: 0.6343623399734497
test_mae: 0.15330097079277039
evaluating on huc 170602071106
test_mse: 0.009453565813601017
test_kge: 0.8107002707020013
test_r2: 0.6793423891067505
test_mae: 0.05884730815887451
evaluating on huc 170200090302
test_mse: 0.008490790612995625
test_kge: 0.1676045476850041
test_r2: -0.04170334339141846
test_mae: 0.059435125440359116
evaluating on huc 170103040701
test_mse: 0.016269735991954803
test_kge: 0.7601506038563167
test_r2: 0.6027482748031616
test_mae: 0.0791362002491951
evaluating on huc 170103020302
test_mse: 0.017322078347206116
test_kge: 0.5982216709136763
test_r2: 0.41217947006225586
test_mae: 0.0819491595029831
evaluating on huc 171100060402
test_mse: 0.02565855160355568
test_kge: 0.5583076655564383
test_r2: 0.3802608847618103
test_mae: 0.10191544890403748
evaluating on huc 170103040401
test_mse: 0.01870671473443508
test_kge: 0.7350084366126021
test_r2: 0.5687326192855835
test_mae: 0.08590754121541977
evaluating on huc 171100050801
test_mse: 0.1622139811515808
test_kge: 0.3310625771057034
test_r2: 0.2998664975166321
test_mae: 0.2840054929256439
evaluating on huc 170602070802
test_mse: 0.012017952278256416
test_kge: 0.34661369681716203
test_r2: 0.255798876285553
test_mae: 0.06386395543813705
evaluating on huc 170602070704
test_mse: 0.008655830286443233
test_kge: 0.6028597283589716
test_r2: 0.49656134843826294
test_mae: 0.057042673230171204
evaluating on huc 171100051004
test_mse: 0.0963812842965126
test_kge: 0.33334211001965586
test_r2: 0.41830235719680786
test_mae: 0.18283161520957947
evaluating on huc 170602071107
test_mse: 0.014759272336959839
test_kge: -0.9170896358306746
test_r2: -2.841003656387329
test_mae: 0.06621682643890381
evaluating on huc 170602070105
test_mse: 0.010793575085699558
test_kge: 0.8158038175782081
test_r2: 0.7475467920303345
test_mae: 0.06894177198410034
evaluating on huc 170200090209
test_mse: 0.03713175281882286
test_kge: 0.2767473020173101
test_r2: 0.32108020782470703
test_mae: 0.11596638709306717
evaluating on huc 170200110301
test_mse: 0.06494546681642532
test_kge: 0.5949076387276278
test_r2: 0.6381663084030151
test_mae: 0.17152738571166992
evaluating on huc 170602070904
test_mse: 0.02172316238284111
test_kge: -1.3343782778729922
test_r2: -3.94370698928833
test_mae: 0.08898327499628067
evaluating on huc 171100050703
test_mse: 0.05058756843209267
test_kge: 0.5794328316674355
test_r2: 0.5732953548431396
test_mae: 0.142103374004364
evaluating on huc 170103020102
test_mse: 0.020805854350328445
test_kge: 0.34141645483500893
test_r2: 0.14835190773010254
test_mae: 0.0915738120675087
evaluating on huc 171100060102
test_mse: 0.11783204227685928
test_kge: 0.3642566493273046
test_r2: 0.47724586725234985
test_mae: 0.2191043198108673
evaluating on huc 170602080412
test_mse: 0.015138895250856876
test_kge: -0.11258074183775646
test_r2: -0.4811849594116211
test_mae: 0.07115235179662704
evaluating on huc 170200090106
test_mse: 0.08010178059339523
test_kge: 0.5034397306625379
test_r2: 0.5845375061035156
test_mae: 0.18238908052444458
evaluating on huc 170103040601
test_mse: 0.016810672357678413
test_kge: -0.045655133642876766
test_r2: -0.5301773548126221
test_mae: 0.07610435783863068
evaluating on huc 170200090108
test_mse: 0.059580788016319275
test_kge: 0.5367411740482986
test_r2: 0.6150258183479309
test_mae: 0.15452809631824493
evaluating on huc 170602070705
test_mse: 0.013597054407000542
test_kge: 0.17980182650007515
test_r2: -0.025840163230895996
test_mae: 0.069815993309021
evaluating on huc 171100090103
test_mse: 0.09303025156259537
test_kge: 0.39784009230350104
test_r2: 0.49981987476348877
test_mae: 0.19286249577999115
evaluating on huc 170200110703
test_mse: 0.020596574991941452
test_kge: 0.08253861502110793
test_r2: -0.21930336952209473
test_mae: 0.08944620192050934
evaluating on huc 170200110501
test_mse: 0.010604054667055607
test_kge: 0.6928986247062474
test_r2: 0.4329640865325928
test_mae: 0.059726085513830185
evaluating on huc 171100050603
test_mse: 0.02121322602033615
test_kge: 0.7215382230753291
test_r2: 0.6548169851303101
test_mae: 0.09153546392917633
evaluating on huc 171100060202
test_mse: 0.08280818164348602
test_kge: 0.48783626546745273
test_r2: 0.5609309077262878
test_mae: 0.1866721659898758
evaluating on huc 170103020101
test_mse: 0.017018510028719902
test_kge: 0.5848775048644598
test_r2: 0.4389870762825012
test_mae: 0.0817747488617897
evaluating on huc 170200090105
test_mse: 0.14229422807693481
test_kge: 0.3506051965234006
test_r2: 0.4126679301261902
test_mae: 0.24816516041755676
evaluating on huc 170602080108
test_mse: 0.02523164078593254
test_kge: -0.0009599518005940499
test_r2: -0.21836209297180176
test_mae: 0.09646865725517273
evaluating on huc 170602070707
test_mse: 0.020884472876787186
test_kge: -1.1392583682635569
test_r2: -3.3625221252441406
test_mae: 0.08624745160341263
evaluating on huc 171100050705
test_mse: 0.054012592881917953
test_kge: 0.5102881441795986
test_r2: 0.5532527565956116
test_mae: 0.1436738669872284
evaluating on huc 170602080605
test_mse: 0.012868418358266354
test_kge: 0.461563186507969
test_r2: 0.3979756832122803
test_mae: 0.06782233715057373
evaluating on huc 170602070603
test_mse: 0.0284147746860981
test_kge: -0.19991696356123945
test_r2: -0.6788927316665649
test_mae: 0.10546421259641647
evaluating on huc 170602080502
test_mse: 0.015908224508166313
test_kge: 0.8909826655932505
test_r2: 0.804733157157898
test_mae: 0.07894132286310196
evaluating on huc 170602080302
test_mse: 0.019374903291463852
test_kge: 0.25516633032411506
test_r2: 0.13521915674209595
test_mae: 0.08378064632415771
evaluating on huc 170200090202
test_mse: 0.023733260110020638
test_kge: 0.8448963797641958
test_r2: 0.7114154100418091
test_mae: 0.09953495860099792
evaluating on huc 171100060403
test_mse: 0.024415357038378716
test_kge: -0.11167803612176908
test_r2: -0.6689902544021606
test_mae: 0.09581661969423294
evaluating on huc 170602080505
test_mse: 0.017308851704001427
test_kge: 0.3670486485305037
test_r2: 0.34881991147994995
test_mae: 0.08206261694431305
evaluating on huc 170602070701
test_mse: 0.026773415505886078
test_kge: -0.6863943713731484
test_r2: -1.986304759979248
test_mae: 0.10133571922779083
evaluating on huc 170200110102
test_mse: 0.09046377241611481
test_kge: 0.4537777877249016
test_r2: 0.5288317203521729
test_mae: 0.194589301943779
evaluating on huc 170602070902
test_mse: 0.018269669264554977
test_kge: 0.3524138234633668
test_r2: 0.2793666124343872
test_mae: 0.08498692512512207
evaluating on huc 170200110503
test_mse: 0.010893103666603565
test_kge: -0.02749155753755983
test_r2: -0.7708083391189575
test_mae: 0.05485541746020317
evaluating on huc 170602070901
test_mse: 0.013530571013689041
test_kge: 0.2787506793208826
test_r2: 0.14137262105941772
test_mae: 0.07128184288740158
evaluating on huc 170200110101
test_mse: 0.12388935685157776
test_kge: 0.3331432797430528
test_r2: 0.43557828664779663
test_mae: 0.22286149859428406
✅ Checkpoint saved: /home/sagemaker-user/checkpoints/Exp1B_Wind_3e-4_epoch19.pth
2026/08/25 05:37:51 WARNING mlflow.utils.requirements_utils: Found torch version (2.5.1+cu121) contains a local version label (+cu121). MLflow logged a pip requirement for this package as 'torch==2.5.1' without the local version label to make it installable from PyPI. To specify pip requirements containing local version labels, please use `conda_env` or `pip_requirements`.
2026/08/25 05:37:56 WARNING mlflow.utils.requirements_utils: Found torch version (2.5.1+cu121) contains a local version label (+cu121). MLflow logged a pip requirement for this package as 'torch==2.5.1' without the local version label to make it installable from PyPI. To specify pip requirements containing local version labels, please use `conda_env` or `pip_requirements`.
2026/08/25 05:37:56 WARNING mlflow.models.model: Model logged without a signature and input example. Please set `input_example` parameter when logging the model to auto infer the model signature.
2026/08/25 05:37:56 WARNING mlflow.models.model: Logging model metadata to the tracking server has failed. The model artifacts have been logged successfully under s3://dawgs-mlflow-artifacts/699/a663a8f9c1c7462ca696210999f1725b/artifacts. Set logging level to DEBUG via `logging.getLogger("mlflow").setLevel(logging.DEBUG)` to see the full traceback.
💾 Checkpoint saved: Exp1B_Wind_3e-4_epoch19.pth
Epoch 20: Pre-training on multiple HUCs
Pre-training on HUC5: 170602080607
Pre-training on HUC10: 170602080504
Pre-training on HUC15: 170602080202
Pre-training on HUC20: 170602080601
Pre-training on HUC25: 170602080403
Pre-training on HUC30: 170602080101
Pre-training on HUC35: 170602070601
Pre-training on HUC40: 170602071102
Pre-training on HUC45: 171100050805
Pre-training on HUC50: 170103040307
Pre-training on HUC55: 170602080303
Pre-training on HUC60: 171100060205
Pre-training on HUC65: 170200110111
Pre-training on HUC70: 171100060201
Pre-training on HUC75: 170200090111
Pre-training on HUC80: 170602070201
Pre-training on HUC85: 171100060105
Pre-training on HUC90: 170200110202
Pre-training on HUC95: 171100050701
Pre-training on HUC100: 170103040501
Pre-training on HUC105: 170200110105
Pre-training on HUC110: 170200110406
Pre-training on HUC115: 170200110404
Pre-training on HUC120: 171100090302
Pre-training on HUC125: 171100050502
Pre-training on HUC130: 171100050403
Pre-training on HUC135: 170200110108
Pre-training on HUC140: 170103040103
Pre-training on HUC145: 170103040801
Pre-training on HUC150: 171100051101
Pre-training on HUC155: 170602070102
Pre-training on HUC160: 171100060203
evaluating on huc 171100060403
test_mse: 0.005374274216592312
test_kge: 0.6517600580757703
test_r2: 0.6326242089271545
test_mae: 0.03644799441099167
evaluating on huc 170103020101
test_mse: 0.0017883478431031108
test_kge: 0.8816446498227761
test_r2: 0.9410473704338074
test_mae: 0.025753220543265343
evaluating on huc 170602071106
test_mse: 0.009279433637857437
test_kge: 0.4245184394993664
test_r2: 0.685248851776123
test_mae: 0.06335531920194626
evaluating on huc 170602070802
test_mse: 0.00238442188128829
test_kge: 0.6247572705763246
test_r2: 0.8523467779159546
test_mae: 0.029551224783062935
evaluating on huc 171100060402
test_mse: 0.008637896738946438
test_kge: 0.8948900803178332
test_r2: 0.7913661599159241
test_mae: 0.049672193825244904
evaluating on huc 170602070701
test_mse: 0.0009931155946105719
test_kge: 0.8097534674995057
test_r2: 0.8892279863357544
test_mae: 0.018960624933242798
evaluating on huc 171100050705
test_mse: 0.013090170919895172
test_kge: 0.8983838372192415
test_r2: 0.8917289972305298
test_mae: 0.07373330742120743
evaluating on huc 170602070902
test_mse: 0.001289641484618187
test_kge: 0.9731199679551464
test_r2: 0.9491310715675354
test_mae: 0.022627023980021477
evaluating on huc 171100050801
test_mse: 0.036393072456121445
test_kge: 0.7359833619892537
test_r2: 0.8429234623908997
test_mae: 0.14137670397758484
evaluating on huc 170602071107
test_mse: 0.0006227652193047106
test_kge: 0.8294834529950613
test_r2: 0.8379294276237488
test_mae: 0.01443512737751007
evaluating on huc 170602080206
test_mse: 0.0015424441080540419
test_kge: 0.9345861737690169
test_r2: 0.9251232743263245
test_mae: 0.02259550802409649
evaluating on huc 170200090202
test_mse: 0.011493477039039135
test_kge: 0.7729537984582114
test_r2: 0.8602450489997864
test_mae: 0.06848497688770294
evaluating on huc 170602080302
test_mse: 0.0025547395925968885
test_kge: 0.7924739554655235
test_r2: 0.8859715461730957
test_mae: 0.029794486239552498
evaluating on huc 170200090209
test_mse: 0.03217516094446182
test_kge: 0.20279185880478945
test_r2: 0.4117068648338318
test_mae: 0.11787529289722443
evaluating on huc 171100050402
test_mse: 0.026089899241924286
test_kge: 0.6220084768058565
test_r2: 0.7911845445632935
test_mae: 0.10752606391906738
evaluating on huc 170602070904
test_mse: 0.001371850143186748
test_kge: 0.6156964152472468
test_r2: 0.6877975463867188
test_mae: 0.02019476518034935
evaluating on huc 170200110301
test_mse: 0.007494592107832432
test_kge: 0.9338875996385023
test_r2: 0.958245038986206
test_mae: 0.056680090725421906
evaluating on huc 171100060102
test_mse: 0.022502489387989044
test_kge: 0.7380703823215331
test_r2: 0.9001691937446594
test_mae: 0.10259058326482773
evaluating on huc 170602070704
test_mse: 0.005717186722904444
test_kge: 0.4441725335446366
test_r2: 0.6674781441688538
test_mae: 0.05271729454398155
evaluating on huc 170103040901
test_mse: 0.0029510371387004852
test_kge: 0.5449377618386493
test_r2: 0.7902656197547913
test_mae: 0.031048228964209557
evaluating on huc 170200110101
test_mse: 0.052488889545202255
test_kge: 0.5323380139740205
test_r2: 0.7608683109283447
test_mae: 0.1627814620733261
evaluating on huc 170200110501
test_mse: 0.0045187994837760925
test_kge: 0.5467028113832268
test_r2: 0.7583639621734619
test_mae: 0.043641477823257446
evaluating on huc 170200090302
test_mse: 0.006602441426366568
test_kge: 0.09946572974084722
test_r2: 0.1899712085723877
test_mae: 0.05638996511697769
evaluating on huc 170103020102
test_mse: 0.0015356566291302443
test_kge: 0.9586281058288718
test_r2: 0.9371408224105835
test_mae: 0.023578068241477013
evaluating on huc 171100051004
test_mse: 0.07801767438650131
test_kge: 0.34893794555760227
test_r2: 0.529133677482605
test_mae: 0.17132189869880676
evaluating on huc 170200110102
test_mse: 0.019534068182110786
test_kge: 0.7343380322981515
test_r2: 0.8982594609260559
test_mae: 0.0990801677107811
evaluating on huc 170103040701
test_mse: 0.008553396910429
test_kge: 0.5178829021621845
test_r2: 0.7911550998687744
test_mae: 0.05454428493976593
evaluating on huc 170602070105
test_mse: 0.013621911406517029
test_kge: 0.4686942915579354
test_r2: 0.6813942193984985
test_mae: 0.07783026248216629
evaluating on huc 170200110503
test_mse: 0.0010749028297141194
test_kge: 0.8282007542168994
test_r2: 0.8252612948417664
test_mae: 0.018502123653888702
evaluating on huc 170200090108
test_mse: 0.011755120009183884
test_kge: 0.7687258664865879
test_r2: 0.9240456819534302
test_mae: 0.0756831243634224
evaluating on huc 170602080605
test_mse: 0.004697035998106003
test_kge: 0.5462753579162628
test_r2: 0.7802581787109375
test_mae: 0.042684465646743774
evaluating on huc 170602080502
test_mse: 0.010424931533634663
test_kge: 0.6692041511475832
test_r2: 0.8720383048057556
test_mae: 0.06625871360301971
evaluating on huc 170200110403
test_mse: 0.009678445756435394
test_kge: 0.9501683908878561
test_r2: 0.9424625039100647
test_mae: 0.06003196910023689
evaluating on huc 170602070705
test_mse: 0.001317590824328363
test_kge: 0.8655422400021222
test_r2: 0.9005933403968811
test_mae: 0.022660790011286736
evaluating on huc 170602080503
test_mse: 0.0024589444510638714
test_kge: 0.7413105147503745
test_r2: 0.9190096259117126
test_mae: 0.0300750769674778
evaluating on huc 170602080412
test_mse: 0.0016480919439345598
test_kge: 0.6233141304260128
test_r2: 0.8387511968612671
test_mae: 0.02579161338508129
evaluating on huc 170200090106
test_mse: 0.019251905381679535
test_kge: 0.7993748141879821
test_r2: 0.900146484375
test_mae: 0.09299273043870926
evaluating on huc 170200090208
test_mse: 0.006411910057067871
test_kge: 0.6892074373254358
test_r2: 0.8407424688339233
test_mae: 0.04994383081793785
evaluating on huc 170200110703
test_mse: 0.005020936951041222
test_kge: 0.5977951427602399
test_r2: 0.7027639150619507
test_mae: 0.03807371109724045
evaluating on huc 170602080108
test_mse: 0.0014299909817054868
test_kge: 0.9487490863684724
test_r2: 0.9309499263763428
test_mae: 0.02208605594933033
evaluating on huc 170200110502
test_mse: 0.018158523365855217
test_kge: 0.6120088595663211
test_r2: 0.7932363152503967
test_mae: 0.0894642248749733
evaluating on huc 171100050703
test_mse: 0.012485907413065434
test_kge: 0.8883427985874593
test_r2: 0.8946817517280579
test_mae: 0.07348110526800156
evaluating on huc 170602070603
test_mse: 0.0008435558993369341
test_kge: 0.8991540159895209
test_r2: 0.9501583576202393
test_mae: 0.017699843272566795
evaluating on huc 171100090103
test_mse: 0.035692013800144196
test_kge: 0.6244406677822079
test_r2: 0.8081007599830627
test_mae: 0.12882184982299805
evaluating on huc 170103040401
test_mse: 0.004006437957286835
test_kge: 0.8008854971303783
test_r2: 0.907634973526001
test_mae: 0.03599245846271515
evaluating on huc 170602070901
test_mse: 0.0014799691271036863
test_kge: 0.9527453015327542
test_r2: 0.9060836434364319
test_mae: 0.02299010381102562
evaluating on huc 170200110601
test_mse: 0.0010700771817937493
test_kge: 0.6510814274322161
test_r2: 0.7917426824569702
test_mae: 0.019214270636439323
evaluating on huc 170103040601
test_mse: 0.0015708315186202526
test_kge: 0.7484837335369642
test_r2: 0.857016384601593
test_mae: 0.02214225009083748
evaluating on huc 170602080505
test_mse: 0.002560570603236556
test_kge: 0.7204275751135016
test_r2: 0.903668224811554
test_mae: 0.031131522729992867
evaluating on huc 171100050603
test_mse: 0.008326220326125622
test_kge: 0.7942896933710129
test_r2: 0.8645151853561401
test_mae: 0.05783695727586746
evaluating on huc 170103020302
test_mse: 0.004477044101804495
test_kge: 0.6885870218218344
test_r2: 0.8480725884437561
test_mae: 0.037350911647081375
evaluating on huc 171100060202
test_mse: 0.011158138513565063
test_kge: 0.8083030909612632
test_r2: 0.9408368468284607
test_mae: 0.07399269938468933
evaluating on huc 170200090105
test_mse: 0.03818444535136223
test_kge: 0.6589678278520303
test_r2: 0.8423902988433838
test_mae: 0.14093099534511566
evaluating on huc 170602070707
test_mse: 0.0008627614588476717
test_kge: 0.7704587144679691
test_r2: 0.8197792172431946
test_mae: 0.017070181667804718
✅ Checkpoint saved: /home/sagemaker-user/checkpoints/Exp1B_Wind_3e-4_epoch20.pth
2026/08/25 06:10:59 WARNING mlflow.utils.requirements_utils: Found torch version (2.5.1+cu121) contains a local version label (+cu121). MLflow logged a pip requirement for this package as 'torch==2.5.1' without the local version label to make it installable from PyPI. To specify pip requirements containing local version labels, please use `conda_env` or `pip_requirements`.
2026/08/25 06:11:03 WARNING mlflow.utils.requirements_utils: Found torch version (2.5.1+cu121) contains a local version label (+cu121). MLflow logged a pip requirement for this package as 'torch==2.5.1' without the local version label to make it installable from PyPI. To specify pip requirements containing local version labels, please use `conda_env` or `pip_requirements`.
2026/08/25 06:11:03 WARNING mlflow.models.model: Model logged without a signature and input example. Please set `input_example` parameter when logging the model to auto infer the model signature.
2026/08/25 06:11:03 WARNING mlflow.models.model: Logging model metadata to the tracking server has failed. The model artifacts have been logged successfully under s3://dawgs-mlflow-artifacts/699/a663a8f9c1c7462ca696210999f1725b/artifacts. Set logging level to DEBUG via `logging.getLogger("mlflow").setLevel(logging.DEBUG)` to see the full traceback.
💾 Checkpoint saved: Exp1B_Wind_3e-4_epoch20.pth
Epoch 21: Pre-training on multiple HUCs
Pre-training on HUC5: 171100050604
Pre-training on HUC10: 170200090111
Pre-training on HUC15: 170103040502
Pre-training on HUC20: 171100050602
Pre-training on HUC25: 170602080101
Pre-training on HUC30: 170602080606
Pre-training on HUC35: 170103040304
Pre-training on HUC40: 171100060301
Pre-training on HUC45: 170200110107
Pre-training on HUC50: 170602080203
Pre-training on HUC55: 170200110405
Pre-training on HUC60: 170200110306
Pre-training on HUC65: 170602080104
Pre-training on HUC70: 171100050804
Pre-training on HUC75: 170602070203
Pre-training on HUC80: 170103040804
Pre-training on HUC85: 170602080202
Pre-training on HUC90: 170602080105
Pre-training on HUC95: 171100050601
Pre-training on HUC100: 170602070304
Pre-training on HUC105: 171100090201
Pre-training on HUC110: 171100050707
Pre-training on HUC115: 170103040402
Pre-training on HUC120: 170602080406
Pre-training on HUC125: 171100050708
Pre-training on HUC130: 170602080607
Pre-training on HUC135: 170103040201
Pre-training on HUC140: 170200110111
Pre-training on HUC145: 170103020202
Pre-training on HUC150: 171100060205
Pre-training on HUC155: 170103040803
Pre-training on HUC160: 170602070104
2026/08/25 06:44:04 WARNING mlflow.utils.requirements_utils: Found torch version (2.5.1+cu121) contains a local version label (+cu121). MLflow logged a pip requirement for this package as 'torch==2.5.1' without the local version label to make it installable from PyPI. To specify pip requirements containing local version labels, please use `conda_env` or `pip_requirements`.
2026/08/25 06:44:07 WARNING mlflow.utils.requirements_utils: Found torch version (2.5.1+cu121) contains a local version label (+cu121). MLflow logged a pip requirement for this package as 'torch==2.5.1' without the local version label to make it installable from PyPI. To specify pip requirements containing local version labels, please use `conda_env` or `pip_requirements`.
2026/08/25 06:44:07 WARNING mlflow.models.model: Model logged without a signature and input example. Please set `input_example` parameter when logging the model to auto infer the model signature.
2026/08/25 06:44:07 WARNING mlflow.models.model: Logging model metadata to the tracking server has failed. The model artifacts have been logged successfully under s3://dawgs-mlflow-artifacts/699/a663a8f9c1c7462ca696210999f1725b/artifacts. Set logging level to DEBUG via `logging.getLogger("mlflow").setLevel(logging.DEBUG)` to see the full traceback.
evaluating on huc 170602080502
test_mse: 0.02892441861331463
test_kge: 0.6528924883437484
test_r2: 0.6449647545814514
test_mae: 0.1062614768743515
evaluating on huc 170200090105
test_mse: 0.1064750924706459
test_kge: 0.6296038028373026
test_r2: 0.5605145692825317
test_mae: 0.2347056269645691
evaluating on huc 170602080206
test_mse: 0.011290006339550018
test_kge: 0.3476475119487157
test_r2: 0.4519355297088623
test_mae: 0.0670047327876091
evaluating on huc 170200090209
test_mse: 0.03707835450768471
test_kge: 0.4107472362276793
test_r2: 0.32205653190612793
test_mae: 0.16033494472503662
evaluating on huc 170103040701
test_mse: 0.04910854622721672
test_kge: -0.049370727315466656
test_r2: -0.19906413555145264
test_mae: 0.17165790498256683
evaluating on huc 171100051004
test_mse: 0.1082950159907341
test_kge: 0.3850123944538394
test_r2: 0.34639841318130493
test_mae: 0.2602408826351166
evaluating on huc 170602070901
test_mse: 0.032353147864341736
test_kge: -0.5119281339474595
test_r2: -1.0530767440795898
test_mae: 0.13047198951244354
evaluating on huc 170602070707
test_mse: 0.03807907924056053
test_kge: -2.3038390863502305
test_r2: -6.9542741775512695
test_mae: 0.15225176513195038
evaluating on huc 170200110301
test_mse: 0.07293764501810074
test_kge: 0.7287143523441278
test_r2: 0.5936391353607178
test_mae: 0.19784678518772125
evaluating on huc 171100090103
test_mse: 0.10740584880113602
test_kge: 0.5002645471051216
test_r2: 0.4225289821624756
test_mae: 0.2564680278301239
evaluating on huc 170602080302
test_mse: 0.013665973208844662
test_kge: 0.3331693878801937
test_r2: 0.39003199338912964
test_mae: 0.07316084206104279
evaluating on huc 170602070902
test_mse: 0.03844670578837395
test_kge: -0.20708121169311688
test_r2: -0.5165014266967773
test_mae: 0.1308198720216751
evaluating on huc 171100060402
test_mse: 0.10515297949314117
test_kge: -0.8506793788044269
test_r2: -1.5397932529449463
test_mae: 0.28153419494628906
evaluating on huc 170602080505
test_mse: 0.010428541339933872
test_kge: 0.45752025347676417
test_r2: 0.6076655387878418
test_mae: 0.06898656487464905
evaluating on huc 170103020101
test_mse: 0.05906188488006592
test_kge: -0.3571832562003219
test_r2: -0.9469672441482544
test_mae: 0.18285997211933136
evaluating on huc 170602070105
test_mse: 0.00899115763604641
test_kge: 0.7850888790294523
test_r2: 0.789703905582428
test_mae: 0.055390167981386185
evaluating on huc 170103020302
test_mse: 0.0581781268119812
test_kge: -0.3894977944932072
test_r2: -0.9742604494094849
test_mae: 0.18211543560028076
evaluating on huc 170602070705
test_mse: 0.031095944344997406
test_kge: -0.6363603849543795
test_r2: -1.3460571765899658
test_mae: 0.1260746717453003
evaluating on huc 170200090106
test_mse: 0.06709453463554382
test_kge: 0.7352028133690645
test_r2: 0.6520019173622131
test_mae: 0.19165143370628357
evaluating on huc 170200110102
test_mse: 0.08246191591024399
test_kge: 0.6756520279853491
test_r2: 0.5705082416534424
test_mae: 0.21224451065063477
evaluating on huc 170200110601
test_mse: 0.07532348483800888
test_kge: -4.465178648669893
test_r2: -13.659379005432129
test_mae: 0.23477260768413544
evaluating on huc 171100050705
test_mse: 0.09315160661935806
test_kge: 0.4292343996884742
test_r2: 0.22952735424041748
test_mae: 0.24694526195526123
evaluating on huc 170200090208
test_mse: 0.057120852172374725
test_kge: -0.07229699912468979
test_r2: -0.4187544584274292
test_mae: 0.17730210721492767
evaluating on huc 170200110502
test_mse: 0.04316054284572601
test_kge: 0.7098390819191501
test_r2: 0.5085485577583313
test_mae: 0.14674386382102966
evaluating on huc 170103020102
test_mse: 0.06418804824352264
test_kge: -0.679288679416562
test_r2: -1.627415657043457
test_mae: 0.19199104607105255
evaluating on huc 170103040601
test_mse: 0.052727110683918
test_kge: -1.7896876486741364
test_r2: -3.799441337585449
test_mae: 0.18891043961048126
evaluating on huc 170200090302
test_mse: 0.03578401356935501
test_kge: -1.094504745054429
test_r2: -3.390206813812256
test_mae: 0.15268687903881073
evaluating on huc 170602070704
test_mse: 0.02096475102007389
test_kge: 0.062033761880256666
test_r2: -0.21934759616851807
test_mae: 0.0998135581612587
evaluating on huc 170602080108
test_mse: 0.028297003358602524
test_kge: -0.15318582962358596
test_r2: -0.36637961864471436
test_mae: 0.10742881894111633
evaluating on huc 170602070603
test_mse: 0.04258638992905617
test_kge: -0.6310983029574881
test_r2: -1.5162255764007568
test_mae: 0.14846055209636688
evaluating on huc 170200090202
test_mse: 0.07808934152126312
test_kge: 0.35779063277851575
test_r2: 0.05047255754470825
test_mae: 0.19341915845870972
evaluating on huc 170602070802
test_mse: 0.0069335694424808025
test_kge: 0.4669270793660688
test_r2: 0.5706448554992676
test_mae: 0.05485498905181885
evaluating on huc 170602080412
test_mse: 0.02529565617442131
test_kge: -0.6651753731777119
test_r2: -1.4749195575714111
test_mae: 0.10871870070695877
evaluating on huc 170200110403
test_mse: 0.0778575986623764
test_kge: 0.677162482262019
test_r2: 0.5371435880661011
test_mae: 0.2019074261188507
evaluating on huc 170200090108
test_mse: 0.06370845437049866
test_kge: 0.7333333279806113
test_r2: 0.5883554220199585
test_mae: 0.1811460256576538
evaluating on huc 170602080503
test_mse: 0.011532016098499298
test_kge: 0.475080455168275
test_r2: 0.6201693415641785
test_mae: 0.07287377864122391
evaluating on huc 170602071107
test_mse: 0.0372900664806366
test_kge: -2.7204943585401056
test_r2: -8.704495429992676
test_mae: 0.14175522327423096
evaluating on huc 170200110503
test_mse: 0.05795881524682045
test_kge: -3.2607084108752193
test_r2: -8.421919822692871
test_mae: 0.21268230676651
evaluating on huc 170602070701
test_mse: 0.041487548500299454
test_kge: -1.3089565259172828
test_r2: -3.6275181770324707
test_mae: 0.15082190930843353
evaluating on huc 171100060202
test_mse: 0.08566541224718094
test_kge: 0.670323954433413
test_r2: 0.5457811951637268
test_mae: 0.21448007225990295
evaluating on huc 170200110703
test_mse: 0.06622499227523804
test_kge: -1.138468587715734
test_r2: -2.9204750061035156
test_mae: 0.205399751663208
evaluating on huc 170602070904
test_mse: 0.041577622294425964
test_kge: -2.7184746554909593
test_r2: -8.462139129638672
test_mae: 0.15875184535980225
evaluating on huc 170602071106
test_mse: 0.021883100271224976
test_kge: 0.371279566667577
test_r2: 0.2577422857284546
test_mae: 0.09456025809049606
evaluating on huc 171100050801
test_mse: 0.1072567030787468
test_kge: 0.6346683154386978
test_r2: 0.537068247795105
test_mae: 0.24287176132202148
evaluating on huc 171100050603
test_mse: 0.06886561959981918
test_kge: 0.23910427815215995
test_r2: -0.12058603763580322
test_mae: 0.21249866485595703
evaluating on huc 170103040901
test_mse: 0.04580710083246231
test_kge: -1.2698850470243221
test_r2: -2.255575180053711
test_mae: 0.1800917685031891
evaluating on huc 170103040401
test_mse: 0.06706425547599792
test_kge: -0.1408226343808323
test_r2: -0.5461093187332153
test_mae: 0.19665706157684326
evaluating on huc 171100060102
test_mse: 0.12708763778209686
test_kge: 0.5103162986401198
test_r2: 0.43618398904800415
test_mae: 0.2676478326320648
evaluating on huc 170200110501
test_mse: 0.03119727596640587
test_kge: -0.33330766970117076
test_r2: -0.6682274341583252
test_mae: 0.14529193937778473
evaluating on huc 171100060403
test_mse: 0.1048748567700386
test_kge: -2.448628888261634
test_r2: -6.169057369232178
test_mae: 0.28625375032424927
evaluating on huc 171100050703
test_mse: 0.08494783937931061
test_kge: 0.5162830257492892
test_r2: 0.28346747159957886
test_mae: 0.23103852570056915
evaluating on huc 170200110101
test_mse: 0.10464996844530106
test_kge: 0.5789511354604908
test_r2: 0.5232300758361816
test_mae: 0.2277657389640808
evaluating on huc 170602080605
test_mse: 0.006629707291722298
test_kge: 0.625949155298119
test_r2: 0.6898418664932251
test_mae: 0.053483154624700546
evaluating on huc 171100050402
test_mse: 0.06438861042261124
test_kge: 0.6864405054684652
test_r2: 0.4846535921096802
test_mae: 0.1842024326324463
✅ Checkpoint saved: /home/sagemaker-user/checkpoints/Exp1B_Wind_3e-4_epoch21.pth
💾 Checkpoint saved: Exp1B_Wind_3e-4_epoch21.pth
Epoch 22: Pre-training on multiple HUCs
Pre-training on HUC5: 171100051005
Pre-training on HUC10: 170103040804
Pre-training on HUC15: 171100060205
Pre-training on HUC20: 170200110405
Pre-training on HUC25: 171100060105
Pre-training on HUC30: 170200090110
Pre-training on HUC35: 170200110704
Pre-training on HUC40: 170200110603
Pre-training on HUC45: 171100050902
Pre-training on HUC50: 170602070402
Pre-training on HUC55: 170200110306
Pre-training on HUC60: 170602070305
Pre-training on HUC65: 170200090104
Pre-training on HUC70: 171100050804
Pre-training on HUC75: 171100050701
Pre-training on HUC80: 170200110107
Pre-training on HUC85: 170602080106
Pre-training on HUC90: 170602080102
Pre-training on HUC95: 170103020202
Pre-training on HUC100: 171100051006
Pre-training on HUC105: 170103040502
Pre-training on HUC110: 170200110105
Pre-training on HUC115: 170602080303
Pre-training on HUC120: 171100050604
Pre-training on HUC125: 170200110109
Pre-training on HUC130: 171100060203
Pre-training on HUC135: 170103040101
Pre-training on HUC140: 170200090205
Pre-training on HUC145: 170602080402
Pre-training on HUC150: 170103040105
Pre-training on HUC155: 171100090401
Pre-training on HUC160: 170602070703
2026/08/25 07:17:12 WARNING mlflow.utils.requirements_utils: Found torch version (2.5.1+cu121) contains a local version label (+cu121). MLflow logged a pip requirement for this package as 'torch==2.5.1' without the local version label to make it installable from PyPI. To specify pip requirements containing local version labels, please use `conda_env` or `pip_requirements`.
2026/08/25 07:17:16 WARNING mlflow.utils.requirements_utils: Found torch version (2.5.1+cu121) contains a local version label (+cu121). MLflow logged a pip requirement for this package as 'torch==2.5.1' without the local version label to make it installable from PyPI. To specify pip requirements containing local version labels, please use `conda_env` or `pip_requirements`.
2026/08/25 07:17:16 WARNING mlflow.models.model: Model logged without a signature and input example. Please set `input_example` parameter when logging the model to auto infer the model signature.
2026/08/25 07:17:16 WARNING mlflow.models.model: Logging model metadata to the tracking server has failed. The model artifacts have been logged successfully under s3://dawgs-mlflow-artifacts/699/a663a8f9c1c7462ca696210999f1725b/artifacts. Set logging level to DEBUG via `logging.getLogger("mlflow").setLevel(logging.DEBUG)` to see the full traceback.
evaluating on huc 170200110501
test_mse: 0.03734603524208069
test_kge: -0.6075241251404482
test_r2: -0.9970231056213379
test_mae: 0.17206348478794098
evaluating on huc 170200090302
test_mse: 0.054363980889320374
test_kge: -1.7356097376632569
test_r2: -5.669713020324707
test_mae: 0.20530498027801514
evaluating on huc 171100060202
test_mse: 0.0706527903676033
test_kge: 0.5501502348943158
test_r2: 0.6253817081451416
test_mae: 0.18102820217609406
evaluating on huc 170602080412
test_mse: 0.04084482416510582
test_kge: -1.1663808535151095
test_r2: -2.9962451457977295
test_mae: 0.14169123768806458
evaluating on huc 170602070105
test_mse: 0.013194984756410122
test_kge: 0.6979086640861907
test_r2: 0.6913796663284302
test_mae: 0.07495865225791931
evaluating on huc 171100060402
test_mse: 0.0727909654378891
test_kge: -0.6676508186526866
test_r2: -0.7581433057785034
test_mae: 0.24723012745380402
evaluating on huc 171100050801
test_mse: 0.13659444451332092
test_kge: 0.37673475070406415
test_r2: 0.4104433059692383
test_mae: 0.2732398211956024
evaluating on huc 170200090108
test_mse: 0.05587799847126007
test_kge: 0.569904420612829
test_r2: 0.6389509439468384
test_mae: 0.16107170283794403
evaluating on huc 171100060403
test_mse: 0.10178907960653305
test_kge: -2.5782656987012116
test_r2: -5.9581193923950195
test_mae: 0.29858532547950745
evaluating on huc 170200090208
test_mse: 0.050637755542993546
test_kge: 0.11236975228814261
test_r2: -0.25772881507873535
test_mae: 0.14773128926753998
evaluating on huc 170602070705
test_mse: 0.04023734852671623
test_kge: -0.8953007662185672
test_r2: -2.0357372760772705
test_mae: 0.15093979239463806
evaluating on huc 170103040701
test_mse: 0.03515565022826195
test_kge: 0.11121421207847226
test_r2: 0.1416182518005371
test_mae: 0.1513119786977768
evaluating on huc 171100050402
test_mse: 0.03916552662849426
test_kge: 0.6948063475732593
test_r2: 0.6865313053131104
test_mae: 0.1359451413154602
evaluating on huc 170602070701
test_mse: 0.050538282841444016
test_kge: -1.5852382569043684
test_r2: -4.637035846710205
test_mae: 0.17340800166130066
evaluating on huc 170200090106
test_mse: 0.061225712299346924
test_kge: 0.5836707248851725
test_r2: 0.6824415922164917
test_mae: 0.18099071085453033
evaluating on huc 170200110301
test_mse: 0.06431978195905685
test_kge: 0.5827291653964095
test_r2: 0.6416522264480591
test_mae: 0.17211681604385376
evaluating on huc 170602070704
test_mse: 0.030542626976966858
test_kge: -0.24874208526886998
test_r2: -0.7764139175415039
test_mae: 0.12711738049983978
evaluating on huc 170602071106
test_mse: 0.016525981947779655
test_kge: 0.5262892122135312
test_r2: 0.43945151567459106
test_mae: 0.0863027274608612
evaluating on huc 170200110503
test_mse: 0.09795627743005753
test_kge: -4.821802092228257
test_r2: -14.924001693725586
test_mae: 0.2926059365272522
evaluating on huc 170103040901
test_mse: 0.06187235936522484
test_kge: -1.9317579578609094
test_r2: -3.397355556488037
test_mae: 0.22739450633525848
evaluating on huc 170602070707
test_mse: 0.07528448849916458
test_kge: -3.7054049966471876
test_r2: -14.726048469543457
test_mae: 0.21571284532546997
evaluating on huc 171100090103
test_mse: 0.11421091109514236
test_kge: 0.3223195222806169
test_r2: 0.38594138622283936
test_mae: 0.2536724805831909
evaluating on huc 171100050705
test_mse: 0.053978126496076584
test_kge: 0.5192950300457602
test_r2: 0.5535378456115723
test_mae: 0.19082728028297424
evaluating on huc 170602071107
test_mse: 0.058243077248334885
test_kge: -3.748351662237165
test_r2: -14.157378196716309
test_mae: 0.18163146078586578
evaluating on huc 171100050703
test_mse: 0.040239427238702774
test_kge: 0.6353648744445648
test_r2: 0.6605815887451172
test_mae: 0.16630621254444122
evaluating on huc 170103040601
test_mse: 0.06998037546873093
test_kge: -2.433548241501219
test_r2: -5.3699049949646
test_mae: 0.23333792388439178
evaluating on huc 170103020302
test_mse: 0.03847753629088402
test_kge: -0.17895469278978227
test_r2: -0.3057258129119873
test_mae: 0.15758773684501648
evaluating on huc 170602070603
test_mse: 0.028977330774068832
test_kge: -0.2896391476841307
test_r2: -0.7121313810348511
test_mae: 0.1266552358865738
evaluating on huc 170103020102
test_mse: 0.043852753937244415
test_kge: -0.3922781281287455
test_r2: -0.7950291633605957
test_mae: 0.1644868105649948
evaluating on huc 170602080108
test_mse: 0.01345512829720974
test_kge: 0.47395705992608295
test_r2: 0.3502911925315857
test_mae: 0.07706407457590103
evaluating on huc 170200110403
test_mse: 0.05021832883358002
test_kge: 0.6280139405546978
test_r2: 0.7014565467834473
test_mae: 0.1553984135389328
evaluating on huc 170200090202
test_mse: 0.028229255229234695
test_kge: 0.7604077885930179
test_r2: 0.6567463874816895
test_mae: 0.11397482454776764
evaluating on huc 170200110101
test_mse: 0.10485529899597168
test_kge: 0.44854855088241286
test_r2: 0.5222946405410767
test_mae: 0.2151886373758316
evaluating on huc 170602080302
test_mse: 0.010369386523962021
test_kge: 0.7097832877763534
test_r2: 0.5371720790863037
test_mae: 0.06665246933698654
evaluating on huc 170103020101
test_mse: 0.036334291100502014
test_kge: -0.07097797285778373
test_r2: -0.19775521755218506
test_mae: 0.15025390684604645
evaluating on huc 171100050603
test_mse: 0.043967992067337036
test_kge: 0.3243222917358015
test_r2: 0.28454989194869995
test_mae: 0.1786155104637146
evaluating on huc 170200110102
test_mse: 0.06758414953947067
test_kge: 0.5769568822022481
test_r2: 0.6479971408843994
test_mae: 0.1807110756635666
evaluating on huc 170602080605
test_mse: 0.010333677753806114
test_kge: 0.5841474007884239
test_r2: 0.5165586471557617
test_mae: 0.0686841756105423
evaluating on huc 170602080206
test_mse: 0.010414518415927887
test_kge: 0.7268196368865243
test_r2: 0.4944353699684143
test_mae: 0.06565909087657928
evaluating on huc 170200110502
test_mse: 0.0253901407122612
test_kge: 0.7513435043572056
test_r2: 0.7108928561210632
test_mae: 0.10898541659116745
evaluating on huc 171100051004
test_mse: 0.10178139805793762
test_kge: 0.320683338643143
test_r2: 0.38571059703826904
test_mae: 0.2458958923816681
evaluating on huc 170602080503
test_mse: 0.011649705469608307
test_kge: 0.7516094937336304
test_r2: 0.6162929534912109
test_mae: 0.07232742011547089
evaluating on huc 170602070901
test_mse: 0.03507876396179199
test_kge: -0.5444504710441247
test_r2: -1.2260396480560303
test_mae: 0.1395639181137085
evaluating on huc 170200090105
test_mse: 0.1248595118522644
test_kge: 0.3937878456061761
test_r2: 0.4846312403678894
test_mae: 0.24907217919826508
evaluating on huc 170103040401
test_mse: 0.03365745022892952
test_kge: 0.18573176981153217
test_r2: 0.22405612468719482
test_mae: 0.14703162014484406
evaluating on huc 170200090209
test_mse: 0.04149487242102623
test_kge: 0.2573311465280881
test_r2: 0.24130463600158691
test_mae: 0.17601525783538818
evaluating on huc 170602070904
test_mse: 0.07920678704977036
test_kge: -4.2062562619712205
test_r2: -17.02569580078125
test_mae: 0.22312015295028687
evaluating on huc 170602070802
test_mse: 0.011420834809541702
test_kge: 0.3744659590464038
test_r2: 0.29277485609054565
test_mae: 0.07195844501256943
evaluating on huc 170602080502
test_mse: 0.03761639446020126
test_kge: 0.504233795315578
test_r2: 0.538274347782135
test_mae: 0.124005988240242
evaluating on huc 170602080505
test_mse: 0.012276609428226948
test_kge: 0.6622208483825118
test_r2: 0.5381389856338501
test_mae: 0.07453017681837082
evaluating on huc 170602070902
test_mse: 0.013273781165480614
test_kge: 0.5000005546209552
test_r2: 0.4764256477355957
test_mae: 0.08070073276758194
evaluating on huc 170200110601
test_mse: 0.08861105144023895
test_kge: -5.2349828162759495
test_r2: -16.245391845703125
test_mae: 0.2741050124168396
evaluating on huc 171100060102
test_mse: 0.10034705698490143
test_kge: 0.4601374298886207
test_r2: 0.5548168420791626
test_mae: 0.23689797520637512
evaluating on huc 170200110703
test_mse: 0.08430857956409454
test_kge: -1.5157142312777112
test_r2: -3.991011142730713
test_mae: 0.24227264523506165
✅ Checkpoint saved: /home/sagemaker-user/checkpoints/Exp1B_Wind_3e-4_epoch22.pth
💾 Checkpoint saved: Exp1B_Wind_3e-4_epoch22.pth
Epoch 23: Pre-training on multiple HUCs
Pre-training on HUC5: 170602080606
Pre-training on HUC10: 171100050706
Pre-training on HUC15: 170602080409
Pre-training on HUC20: 170103040402
Pre-training on HUC25: 171100051001
Pre-training on HUC30: 171100090302
Pre-training on HUC35: 171100050606
Pre-training on HUC40: 171100050602
Pre-training on HUC45: 170200110402
Pre-training on HUC50: 170602070301
Pre-training on HUC55: 170103040307
Pre-training on HUC60: 170200110201
Pre-training on HUC65: 170602070403
Pre-training on HUC70: 170602070102
Pre-training on HUC75: 171100060301
Pre-training on HUC80: 170200110105
Pre-training on HUC85: 171100051102
Pre-training on HUC90: 170602070101
Pre-training on HUC95: 170602080407
Pre-training on HUC100: 170103040703
Pre-training on HUC105: 171100090501
Pre-training on HUC110: 170200110110
Pre-training on HUC115: 171100060204
Pre-training on HUC120: 170602080603
Pre-training on HUC125: 170602070602
Pre-training on HUC130: 170602080402
Pre-training on HUC135: 171100090402
Pre-training on HUC140: 170602070104
Pre-training on HUC145: 170602070205
Pre-training on HUC150: 171100050702
Pre-training on HUC155: 170200090201
Pre-training on HUC160: 170200090103
2026/08/25 07:50:23 WARNING mlflow.utils.requirements_utils: Found torch version (2.5.1+cu121) contains a local version label (+cu121). MLflow logged a pip requirement for this package as 'torch==2.5.1' without the local version label to make it installable from PyPI. To specify pip requirements containing local version labels, please use `conda_env` or `pip_requirements`.
2026/08/25 07:50:27 WARNING mlflow.utils.requirements_utils: Found torch version (2.5.1+cu121) contains a local version label (+cu121). MLflow logged a pip requirement for this package as 'torch==2.5.1' without the local version label to make it installable from PyPI. To specify pip requirements containing local version labels, please use `conda_env` or `pip_requirements`.
2026/08/25 07:50:27 WARNING mlflow.models.model: Model logged without a signature and input example. Please set `input_example` parameter when logging the model to auto infer the model signature.
2026/08/25 07:50:27 WARNING mlflow.models.model: Logging model metadata to the tracking server has failed. The model artifacts have been logged successfully under s3://dawgs-mlflow-artifacts/699/a663a8f9c1c7462ca696210999f1725b/artifacts. Set logging level to DEBUG via `logging.getLogger("mlflow").setLevel(logging.DEBUG)` to see the full traceback.
evaluating on huc 170200090302
test_mse: 0.014623650349676609
test_kge: -0.08108969351960393
test_r2: -0.7941209077835083
test_mae: 0.0909576490521431
evaluating on huc 171100060402
test_mse: 0.06723736971616745
test_kge: -0.5114267828247343
test_r2: -0.6240054368972778
test_mae: 0.21832451224327087
evaluating on huc 170602070901
test_mse: 0.01644320599734783
test_kge: 0.13726543000068314
test_r2: -0.04345834255218506
test_mae: 0.07759346812963486
evaluating on huc 170103040701
test_mse: 0.02645908296108246
test_kge: 0.31041899950542684
test_r2: 0.35395896434783936
test_mae: 0.11966202408075333
evaluating on huc 170103020101
test_mse: 0.03172178193926811
test_kge: 0.010449497037083089
test_r2: -0.04570436477661133
test_mae: 0.13144123554229736
evaluating on huc 170602070603
test_mse: 0.011858112178742886
test_kge: 0.3493059755325557
test_r2: 0.29936105012893677
test_mae: 0.06728918850421906
evaluating on huc 171100050603
test_mse: 0.03235015273094177
test_kge: 0.4481451636668332
test_r2: 0.47359615564346313
test_mae: 0.1408752053976059
evaluating on huc 170200090208
test_mse: 0.014755004085600376
test_kge: 0.8152427586390829
test_r2: 0.633518636226654
test_mae: 0.07606685906648636
evaluating on huc 170200090106
test_mse: 0.0495903380215168
test_kge: 0.7708801349996883
test_r2: 0.7427906394004822
test_mae: 0.14906829595565796
evaluating on huc 170602070704
test_mse: 0.008506000973284245
test_kge: 0.5469091801610257
test_r2: 0.5052757263183594
test_mae: 0.06121734529733658
evaluating on huc 170602080412
test_mse: 0.01804574951529503
test_kge: -0.24005688766246136
test_r2: -0.7655906677246094
test_mae: 0.08331656455993652
evaluating on huc 170103020302
test_mse: 0.027395285665988922
test_kge: 0.07312142591056014
test_r2: 0.07034766674041748
test_mae: 0.12468326091766357
evaluating on huc 170602080108
test_mse: 0.02393677458167076
test_kge: 0.04926367253010211
test_r2: -0.155836820602417
test_mae: 0.09612898528575897
evaluating on huc 170200110101
test_mse: 0.057835355401039124
test_kge: 0.6194050196493066
test_r2: 0.7365106344223022
test_mae: 0.15592990815639496
evaluating on huc 171100051004
test_mse: 0.08058970421552658
test_kge: 0.5140748824150528
test_r2: 0.5136105418205261
test_mae: 0.20402288436889648
evaluating on huc 170103040901
test_mse: 0.027649451047182083
test_kge: -0.7060795330284089
test_r2: -0.9650853872299194
test_mae: 0.13338856399059296
evaluating on huc 170602070707
test_mse: 0.02617214247584343
test_kge: -1.5921872991826418
test_r2: -4.46705436706543
test_mae: 0.11513880640268326
evaluating on huc 170602080502
test_mse: 0.015662439167499542
test_kge: 0.8828567764171601
test_r2: 0.8077500462532043
test_mae: 0.07708467543125153
evaluating on huc 170103020102
test_mse: 0.03565356507897377
test_kge: -0.21935379762232388
test_r2: -0.45941102504730225
test_mae: 0.13809266686439514
evaluating on huc 170602070701
test_mse: 0.019031578674912453
test_kge: -0.4477505841935341
test_r2: -1.1227807998657227
test_mae: 0.0923834964632988
evaluating on huc 170200110503
test_mse: 0.04440615698695183
test_kge: -2.711458235283611
test_r2: -6.21876859664917
test_mae: 0.1861265003681183
evaluating on huc 170602070902
test_mse: 0.010091761127114296
test_kge: 0.6321401010862873
test_r2: 0.6019380688667297
test_mae: 0.06091500073671341
evaluating on huc 170200110301
test_mse: 0.03504085913300514
test_kge: 0.8482969191075659
test_r2: 0.8047752380371094
test_mae: 0.12037792056798935
evaluating on huc 170602071107
test_mse: 0.023577792569994926
test_kge: -1.8329737969257773
test_r2: -5.135965824127197
test_mae: 0.10645947605371475
evaluating on huc 171100090103
test_mse: 0.0627814382314682
test_kge: 0.6202297297936468
test_r2: 0.6624535322189331
test_mae: 0.17907093465328217
evaluating on huc 171100060202
test_mse: 0.04097064584493637
test_kge: 0.7562977071710413
test_r2: 0.782763659954071
test_mae: 0.12903431057929993
evaluating on huc 171100060403
test_mse: 0.09607743471860886
test_kge: -2.2614482673278493
test_r2: -5.567681312561035
test_mae: 0.2618447542190552
evaluating on huc 170200110501
test_mse: 0.01403524074703455
test_kge: 0.28436270414606213
test_r2: 0.24948656558990479
test_mae: 0.09227032959461212
evaluating on huc 170602080302
test_mse: 0.015058399178087711
test_kge: 0.3666154523064604
test_r2: 0.3278823494911194
test_mae: 0.07542142271995544
evaluating on huc 170200090209
test_mse: 0.027516892179846764
test_kge: 0.5318933183336321
test_r2: 0.49687904119491577
test_mae: 0.12485528737306595
evaluating on huc 171100050801
test_mse: 0.10063719749450684
test_kge: 0.5766766648306216
test_r2: 0.5656387209892273
test_mae: 0.22096851468086243
evaluating on huc 170602080505
test_mse: 0.013223825953900814
test_kge: 0.4920472179369648
test_r2: 0.5025035738945007
test_mae: 0.07297082245349884
evaluating on huc 170602080206
test_mse: 0.019319597631692886
test_kge: 0.2105896147819012
test_r2: 0.062145352363586426
test_mae: 0.08623120933771133
evaluating on huc 170602070705
test_mse: 0.014860579743981361
test_kge: 0.08959591286390045
test_r2: -0.12116777896881104
test_mae: 0.07421669363975525
evaluating on huc 171100050705
test_mse: 0.048214141279459
test_kge: 0.6656081707256579
test_r2: 0.601212739944458
test_mae: 0.16601994633674622
evaluating on huc 170200090108
test_mse: 0.028489787131547928
test_kge: 0.7999689346139045
test_r2: 0.8159166574478149
test_mae: 0.10714539140462875
evaluating on huc 170602080503
test_mse: 0.013169527985155582
test_kge: 0.5520576764764749
test_r2: 0.5662344694137573
test_mae: 0.07209619134664536
evaluating on huc 170200110502
test_mse: 0.020395582541823387
test_kge: 0.7772102352297222
test_r2: 0.7677638530731201
test_mae: 0.09144861251115799
evaluating on huc 170602070105
test_mse: 0.019845396280288696
test_kge: 0.4760960962397234
test_r2: 0.5358318090438843
test_mae: 0.09140770137310028
evaluating on huc 171100050703
test_mse: 0.04214660823345184
test_kge: 0.7445030799859514
test_r2: 0.6444946527481079
test_mae: 0.15570960938930511
evaluating on huc 170200110601
test_mse: 0.027492554858326912
test_kge: -2.1354420500819042
test_r2: -4.35057258605957
test_mae: 0.1392267942428589
evaluating on huc 171100050402
test_mse: 0.018241677433252335
test_kge: 0.906298601026774
test_r2: 0.8539992570877075
test_mae: 0.0871754065155983
evaluating on huc 170103040401
test_mse: 0.035939786583185196
test_kge: 0.16114816157370881
test_r2: 0.1714388132095337
test_mae: 0.1403098702430725
evaluating on huc 170200090202
test_mse: 0.023705782368779182
test_kge: 0.7801662234021385
test_r2: 0.7117495536804199
test_mae: 0.09778972715139389
evaluating on huc 170200110403
test_mse: 0.032610099762678146
test_kge: 0.8505647690722713
test_r2: 0.806135892868042
test_mae: 0.11585189402103424
evaluating on huc 170602070904
test_mse: 0.028491711243987083
test_kge: -1.915764713711798
test_r2: -5.484077453613281
test_mae: 0.12046487629413605
evaluating on huc 170200090105
test_mse: 0.08135335147380829
test_kge: 0.6112572468881639
test_r2: 0.6642067432403564
test_mae: 0.18976357579231262
evaluating on huc 170602070802
test_mse: 0.007672279607504606
test_kge: 0.5773426522227891
test_r2: 0.5249007940292358
test_mae: 0.053541120141744614
evaluating on huc 170200110703
test_mse: 0.05551333725452423
test_kge: -0.936049765033172
test_r2: -2.2863521575927734
test_mae: 0.18230673670768738
evaluating on huc 171100060102
test_mse: 0.0728653147816658
test_kge: 0.6219314411323398
test_r2: 0.6767377853393555
test_mae: 0.18807882070541382
evaluating on huc 170200110102
test_mse: 0.0397285632789135
test_kge: 0.7682111123359585
test_r2: 0.793079137802124
test_mae: 0.12856528162956238
evaluating on huc 170103040601
test_mse: 0.037658195942640305
test_kge: -1.293395625272617
test_r2: -2.4278059005737305
test_mae: 0.15543845295906067
evaluating on huc 170602071106
test_mse: 0.007861226797103882
test_kge: 0.8222145223200406
test_r2: 0.733353316783905
test_mae: 0.05654030293226242
evaluating on huc 170602080605
test_mse: 0.008946512825787067
test_kge: 0.6264927199505479
test_r2: 0.5814545154571533
test_mae: 0.05815229192376137
✅ Checkpoint saved: /home/sagemaker-user/checkpoints/Exp1B_Wind_3e-4_epoch23.pth
💾 Checkpoint saved: Exp1B_Wind_3e-4_epoch23.pth
Epoch 24: Pre-training on multiple HUCs
Pre-training on HUC5: 170602070104
Pre-training on HUC10: 170103040801
Pre-training on HUC15: 171100050704
Pre-training on HUC20: 170602080107
Pre-training on HUC25: 170200110306
Pre-training on HUC30: 171100090201
Pre-training on HUC35: 170103040607
Pre-training on HUC40: 170103040305
Pre-training on HUC45: 170200090201
Pre-training on HUC50: 170200110405
Pre-training on HUC55: 170602070801
Pre-training on HUC60: 171100050604
Pre-training on HUC65: 171100051005
Pre-training on HUC70: 170602080102
Pre-training on HUC75: 171100060103
Pre-training on HUC80: 170103040606
Pre-training on HUC85: 170103040304
Pre-training on HUC90: 171100090202
Pre-training on HUC95: 170103040402
Pre-training on HUC100: 170602070703
Pre-training on HUC105: 170602070401
Pre-training on HUC110: 170602080405
Pre-training on HUC115: 170200090104
Pre-training on HUC120: 170103040303
Pre-training on HUC125: 170200090204
Pre-training on HUC130: 171100060101
Pre-training on HUC135: 170200090103
Pre-training on HUC140: 170602080402
Pre-training on HUC145: 170602080202
Pre-training on HUC150: 170602071105
Pre-training on HUC155: 170103040201
Pre-training on HUC160: 170200110107
evaluating on huc 170200110503
test_mse: 0.0028221458196640015
test_kge: 0.7167216495765545
test_r2: 0.5412253737449646
test_mae: 0.029643027111887932
evaluating on huc 170200110101
test_mse: 0.15394991636276245
test_kge: 0.20126864052727833
test_r2: 0.29862678050994873
test_mae: 0.2670724391937256
evaluating on huc 171100060202
test_mse: 0.09317440539598465
test_kge: 0.3743868394969525
test_r2: 0.5059666633605957
test_mae: 0.20582668483257294
evaluating on huc 171100060402
test_mse: 0.022799711674451828
test_kge: 0.3882667372072284
test_r2: 0.4493113160133362
test_mae: 0.08104672282934189
evaluating on huc 170200090202
test_mse: 0.06690207123756409
test_kge: 0.21734767697066282
test_r2: 0.18650418519973755
test_mae: 0.18088698387145996
evaluating on huc 170200110301
test_mse: 0.07256860285997391
test_kge: 0.4746904937102552
test_r2: 0.5956951975822449
test_mae: 0.18229682743549347
evaluating on huc 170200110501
test_mse: 0.013770977035164833
test_kge: 0.16453769623662695
test_r2: 0.26361769437789917
test_mae: 0.07190916687250137
evaluating on huc 170200090208
test_mse: 0.03690887615084648
test_kge: 0.13077428155029702
test_r2: 0.08326590061187744
test_mae: 0.12901033461093903
evaluating on huc 170103020101
test_mse: 0.00945076160132885
test_kge: 0.7221728980976718
test_r2: 0.6884568929672241
test_mae: 0.058058299124240875
evaluating on huc 170200110502
test_mse: 0.07319024950265884
test_kge: 0.1505821786102114
test_r2: 0.1666126251220703
test_mae: 0.18480677902698517
evaluating on huc 170103040601
test_mse: 0.005521839018911123
test_kge: 0.7334309904481509
test_r2: 0.49737924337387085
test_mae: 0.042382121086120605
evaluating on huc 170602080502
test_mse: 0.06607427448034286
test_kge: 0.20901041011743604
test_r2: 0.18896567821502686
test_mae: 0.17220115661621094
evaluating on huc 170602071107
test_mse: 0.0034952708519995213
test_kge: 0.526816947078624
test_r2: 0.09037870168685913
test_mae: 0.032460637390613556
evaluating on huc 170602070707
test_mse: 0.005165494978427887
test_kge: 0.4274333419512588
test_r2: -0.07901144027709961
test_mae: 0.041727010160684586
evaluating on huc 171100060102
test_mse: 0.18727920949459076
test_kge: 0.11276444313136857
test_r2: 0.16914808750152588
test_mae: 0.29127323627471924
evaluating on huc 170103040401
test_mse: 0.011910743080079556
test_kge: 0.7012334750877325
test_r2: 0.7254079580307007
test_mae: 0.06367449462413788
evaluating on huc 170602071106
test_mse: 0.02746255323290825
test_kge: 0.0977327176490077
test_r2: 0.06849157810211182
test_mae: 0.10480824112892151
evaluating on huc 170602080505
test_mse: 0.028960952535271645
test_kge: 0.10125256836987329
test_r2: -0.08954620361328125
test_mae: 0.10965335369110107
evaluating on huc 170602070902
test_mse: 0.029245879501104355
test_kge: 0.2012981918093235
test_r2: -0.15358173847198486
test_mae: 0.11114774644374847
evaluating on huc 170200110102
test_mse: 0.10595182329416275
test_kge: 0.33131008997633205
test_r2: 0.44816428422927856
test_mae: 0.22461861371994019
evaluating on huc 170602070701
test_mse: 0.010181576013565063
test_kge: 0.3226299935087359
test_r2: -0.13565218448638916
test_mae: 0.06253594160079956
evaluating on huc 170200110703
test_mse: 0.008178495801985264
test_kge: 0.7609617476038547
test_r2: 0.5158385634422302
test_mae: 0.05396018177270889
evaluating on huc 170602070704
test_mse: 0.01927492767572403
test_kge: 0.04132381129259144
test_r2: -0.12106430530548096
test_mae: 0.09152863919734955
evaluating on huc 170200090302
test_mse: 0.007382928393781185
test_kge: 0.11928197071003599
test_r2: 0.0942162275314331
test_mae: 0.05648920312523842
evaluating on huc 170103020102
test_mse: 0.00939250085502863
test_kge: 0.7648663625717543
test_r2: 0.6155358552932739
test_mae: 0.05662577971816063
evaluating on huc 171100051004
test_mse: 0.13198138773441315
test_kge: 0.10666012080059095
test_r2: 0.20344221591949463
test_mae: 0.21221321821212769
evaluating on huc 171100050603
test_mse: 0.019220011308789253
test_kge: 0.5714830374766382
test_r2: 0.6872506737709045
test_mae: 0.08682619780302048
evaluating on huc 170602070105
test_mse: 0.05590679869055748
test_kge: -0.10803802992316203
test_r2: -0.30761587619781494
test_mae: 0.16018487513065338
evaluating on huc 171100050705
test_mse: 0.06415890157222748
test_kge: 0.36092995012733586
test_r2: 0.46933090686798096
test_mae: 0.15776894986629486
evaluating on huc 170602080206
test_mse: 0.023261725902557373
test_kge: 0.033332454401817535
test_r2: -0.12922227382659912
test_mae: 0.09576891362667084
evaluating on huc 170103040901
test_mse: 0.005359655246138573
test_kge: 0.7256621068825548
test_r2: 0.6190817356109619
test_mae: 0.04135952889919281
evaluating on huc 170200090105
test_mse: 0.18034766614437103
test_kge: 0.21015360581928755
test_r2: 0.25559890270233154
test_mae: 0.3011067509651184
evaluating on huc 170200110403
test_mse: 0.0695856511592865
test_kge: 0.4331861052560473
test_r2: 0.5863195657730103
test_mae: 0.16981501877307892
evaluating on huc 170602080412
test_mse: 0.009468154981732368
test_kge: 0.18433011295512458
test_r2: 0.07363861799240112
test_mae: 0.059075240045785904
evaluating on huc 170200090209
test_mse: 0.05393002927303314
test_kge: -0.029631310221683194
test_r2: 0.013939261436462402
test_mae: 0.1489512324333191
evaluating on huc 171100050703
test_mse: 0.06640009582042694
test_kge: 0.36196376659654095
test_r2: 0.4399171471595764
test_mae: 0.16785942018032074
evaluating on huc 171100050402
test_mse: 0.062003228813409805
test_kge: 0.40347872826786624
test_r2: 0.503745436668396
test_mae: 0.17235411703586578
evaluating on huc 170602080503
test_mse: 0.030954813584685326
test_kge: 0.1350281983178081
test_r2: -0.01956045627593994
test_mae: 0.11226984858512878
evaluating on huc 170602080605
test_mse: 0.02718374691903591
test_kge: -0.1065064752776883
test_r2: -0.2717396020889282
test_mae: 0.10572624951601028
evaluating on huc 170200090108
test_mse: 0.07075344026088715
test_kge: 0.39978796042266773
test_r2: 0.5428351163864136
test_mae: 0.17855636775493622
evaluating on huc 170602080108
test_mse: 0.021095916628837585
test_kge: 0.24323567165555726
test_r2: -0.01866006851196289
test_mae: 0.09093059599399567
evaluating on huc 170602080302
test_mse: 0.025636615231633186
test_kge: 0.05953723668647459
test_r2: -0.14426648616790771
test_mae: 0.10220268368721008
evaluating on huc 170602070901
test_mse: 0.019841959699988365
test_kge: 0.14907255217396864
test_r2: -0.25913751125335693
test_mae: 0.08992455154657364
evaluating on huc 170200110601
test_mse: 0.002527918666601181
test_kge: 0.5352438388410683
test_r2: 0.5080190896987915
test_mae: 0.027650844305753708
evaluating on huc 171100050801
test_mse: 0.21350379288196564
test_kge: 0.1785705539722281
test_r2: 0.07849401235580444
test_mae: 0.3461833596229553
evaluating on huc 170602070904
test_mse: 0.005562706384807825
test_kge: 0.4036004405972362
test_r2: -0.2659478187561035
test_mae: 0.042367711663246155
evaluating on huc 170103020302
test_mse: 0.009063192643225193
test_kge: 0.6732937234885311
test_r2: 0.692442774772644
test_mae: 0.05465465039014816
evaluating on huc 170602070802
test_mse: 0.02096167951822281
test_kge: -0.15627570241804722
test_r2: -0.29803359508514404
test_mae: 0.09087006747722626
evaluating on huc 171100090103
test_mse: 0.13212214410305023
test_kge: 0.21208005180630007
test_r2: 0.2896410822868347
test_mae: 0.24004660546779633
evaluating on huc 170200090106
test_mse: 0.12481217086315155
test_kge: 0.2649418979567658
test_r2: 0.352638840675354
test_mae: 0.24561560153961182
evaluating on huc 171100060403
test_mse: 0.0065758549608290195
test_kge: 0.7574413757062581
test_r2: 0.5504863262176514
test_mae: 0.04737892374396324
evaluating on huc 170103040701
test_mse: 0.013358700089156628
test_kge: 0.5811029461117498
test_r2: 0.6738258600234985
test_mae: 0.06631840020418167
evaluating on huc 170602070705
test_mse: 0.016025042161345482
test_kge: 0.09616907151546605
test_r2: -0.2090214490890503
test_mae: 0.07929005473852158
evaluating on huc 170602070603
test_mse: 0.01913699507713318
test_kge: 0.24964011064320868
test_r2: -0.13071322441101074
test_mae: 0.08963064849376678
✅ Checkpoint saved: /home/sagemaker-user/checkpoints/Exp1B_Wind_3e-4_epoch24.pth
2026/08/25 08:23:35 WARNING mlflow.utils.requirements_utils: Found torch version (2.5.1+cu121) contains a local version label (+cu121). MLflow logged a pip requirement for this package as 'torch==2.5.1' without the local version label to make it installable from PyPI. To specify pip requirements containing local version labels, please use `conda_env` or `pip_requirements`.
2026/08/25 08:23:38 WARNING mlflow.utils.requirements_utils: Found torch version (2.5.1+cu121) contains a local version label (+cu121). MLflow logged a pip requirement for this package as 'torch==2.5.1' without the local version label to make it installable from PyPI. To specify pip requirements containing local version labels, please use `conda_env` or `pip_requirements`.
2026/08/25 08:23:38 WARNING mlflow.models.model: Model logged without a signature and input example. Please set `input_example` parameter when logging the model to auto infer the model signature.
2026/08/25 08:23:39 WARNING mlflow.models.model: Logging model metadata to the tracking server has failed. The model artifacts have been logged successfully under s3://dawgs-mlflow-artifacts/699/a663a8f9c1c7462ca696210999f1725b/artifacts. Set logging level to DEBUG via `logging.getLogger("mlflow").setLevel(logging.DEBUG)` to see the full traceback.
💾 Checkpoint saved: Exp1B_Wind_3e-4_epoch24.pth
Epoch 25: Pre-training on multiple HUCs
Pre-training on HUC5: 170602070601
Pre-training on HUC10: 170103040801
Pre-training on HUC15: 170602080407
Pre-training on HUC20: 170103020202
Pre-training on HUC25: 170602071104
Pre-training on HUC30: 171100050502
Pre-training on HUC35: 171100050606
Pre-training on HUC40: 170602080601
Pre-training on HUC45: 171100090101
Pre-training on HUC50: 170200110109
Pre-training on HUC55: 170602080102
Pre-training on HUC60: 170602070502
Pre-training on HUC65: 170103040203
Pre-training on HUC70: 171100050805
Pre-training on HUC75: 171100051103
Pre-training on HUC80: 170103040304
Pre-training on HUC85: 171100050903
Pre-training on HUC90: 171100050803
Pre-training on HUC95: 170103040105
Pre-training on HUC100: 170103040607
Pre-training on HUC105: 171100051102
Pre-training on HUC110: 170602070201
Pre-training on HUC115: 170602070304
Pre-training on HUC120: 171100051101
Pre-training on HUC125: 171100090403
Pre-training on HUC130: 170602070703
Pre-training on HUC135: 170200090103
Pre-training on HUC140: 171100060201
Pre-training on HUC145: 170200110111
Pre-training on HUC150: 171100060203
Pre-training on HUC155: 171100050405
Pre-training on HUC160: 170200110406
2026/08/25 08:56:37 WARNING mlflow.utils.requirements_utils: Found torch version (2.5.1+cu121) contains a local version label (+cu121). MLflow logged a pip requirement for this package as 'torch==2.5.1' without the local version label to make it installable from PyPI. To specify pip requirements containing local version labels, please use `conda_env` or `pip_requirements`.
2026/08/25 08:56:41 WARNING mlflow.utils.requirements_utils: Found torch version (2.5.1+cu121) contains a local version label (+cu121). MLflow logged a pip requirement for this package as 'torch==2.5.1' without the local version label to make it installable from PyPI. To specify pip requirements containing local version labels, please use `conda_env` or `pip_requirements`.
2026/08/25 08:56:41 WARNING mlflow.models.model: Model logged without a signature and input example. Please set `input_example` parameter when logging the model to auto infer the model signature.
2026/08/25 08:56:41 WARNING mlflow.models.model: Logging model metadata to the tracking server has failed. The model artifacts have been logged successfully under s3://dawgs-mlflow-artifacts/699/a663a8f9c1c7462ca696210999f1725b/artifacts. Set logging level to DEBUG via `logging.getLogger("mlflow").setLevel(logging.DEBUG)` to see the full traceback.
evaluating on huc 171100050703
test_mse: 0.04879545047879219
test_kge: 0.59926190591793
test_r2: 0.588411808013916
test_mae: 0.14919647574424744
evaluating on huc 170602080503
test_mse: 0.1418447345495224
test_kge: -0.8831545349419769
test_r2: -3.671947956085205
test_mae: 0.1853892207145691
evaluating on huc 170103040701
test_mse: 0.0177952628582716
test_kge: 0.7474351375351828
test_r2: 0.565500020980835
test_mae: 0.08199411630630493
evaluating on huc 170602080605
test_mse: 0.05337940901517868
test_kge: -0.17888944563860498
test_r2: -1.497253656387329
test_mae: 0.1199740618467331
evaluating on huc 170602070701
test_mse: 0.015543987974524498
test_kge: 0.0036130297025053215
test_r2: -0.7337751388549805
test_mae: 0.07398712635040283
evaluating on huc 170103040601
test_mse: 0.01820303313434124
test_kge: -0.17191277461420107
test_r2: -0.6569157838821411
test_mae: 0.08687392622232437
evaluating on huc 170103020101
test_mse: 0.016306307166814804
test_kge: 0.6424980655446622
test_r2: 0.46246474981307983
test_mae: 0.07678873836994171
evaluating on huc 170200110601
test_mse: 0.025449169799685478
test_kge: -1.7138312868107088
test_r2: -3.9528908729553223
test_mae: 0.11457772552967072
evaluating on huc 170200090108
test_mse: 0.0483105294406414
test_kge: 0.756357403040061
test_r2: 0.6878472566604614
test_mae: 0.14382317662239075
evaluating on huc 171100060402
test_mse: 0.027178814634680748
test_kge: 0.4049470206498619
test_r2: 0.3435414433479309
test_mae: 0.12312471121549606
evaluating on huc 170200110403
test_mse: 0.04686647653579712
test_kge: 0.8157286316027847
test_r2: 0.7213829755783081
test_mae: 0.13711382448673248
evaluating on huc 170200090106
test_mse: 0.0830477625131607
test_kge: 0.5056570729193852
test_r2: 0.5692575573921204
test_mae: 0.19670237600803375
evaluating on huc 170103020102
test_mse: 0.019182944670319557
test_kge: 0.4481405314412893
test_r2: 0.21478259563446045
test_mae: 0.081893689930439
evaluating on huc 171100090103
test_mse: 0.1010231301188469
test_kge: 0.3763585456943124
test_r2: 0.45684587955474854
test_mae: 0.21834796667099
evaluating on huc 170602070603
test_mse: 0.01504951249808073
test_kge: 0.36805729947366317
test_r2: 0.11079651117324829
test_mae: 0.07321340590715408
evaluating on huc 170602071106
test_mse: 0.016652461141347885
test_kge: 0.6972635784574535
test_r2: 0.43516141176223755
test_mae: 0.07690657675266266
evaluating on huc 171100050603
test_mse: 0.017899952828884125
test_kge: 0.8135609142294669
test_r2: 0.7087307572364807
test_mae: 0.09171689301729202
evaluating on huc 170602070105
test_mse: 0.021190529689192772
test_kge: 0.5909517262261907
test_r2: 0.5043702125549316
test_mae: 0.0901658833026886
evaluating on huc 170602070707
test_mse: 0.015780150890350342
test_kge: -0.5641766269074568
test_r2: -2.2962887287139893
test_mae: 0.07481354475021362
evaluating on huc 170602080108
test_mse: 0.17162582278251648
test_kge: -1.6813591802752779
test_r2: -7.287309646606445
test_mae: 0.2037515640258789
evaluating on huc 170602070705
test_mse: 0.02166096679866314
test_kge: 0.1385971148277112
test_r2: -0.6342281103134155
test_mae: 0.08445819467306137
evaluating on huc 170602070901
test_mse: 0.031241552904248238
test_kge: -0.0627765717688018
test_r2: -0.9825366735458374
test_mae: 0.09911607950925827
evaluating on huc 170103020302
test_mse: 0.013817359693348408
test_kge: 0.7057749413609988
test_r2: 0.5311112403869629
test_mae: 0.07268594205379486
evaluating on huc 170200110102
test_mse: 0.06678000092506409
test_kge: 0.6169798976693948
test_r2: 0.6521853804588318
test_mae: 0.17497380077838898
evaluating on huc 170200110503
test_mse: 0.03275070711970329
test_kge: -1.8268879420033302
test_r2: -4.324031352996826
test_mae: 0.13942277431488037
evaluating on huc 171100060202
test_mse: 0.060723673552274704
test_kge: 0.7230555976407207
test_r2: 0.6780283451080322
test_mae: 0.16298577189445496
evaluating on huc 170602070802
test_mse: 0.03904664143919945
test_kge: -0.11418205259224834
test_r2: -1.41792893409729
test_mae: 0.10177595168352127
evaluating on huc 170602080206
test_mse: 0.16744990646839142
test_kge: -1.5428315610447898
test_r2: -7.128724098205566
test_mae: 0.18879593908786774
evaluating on huc 170200090302
test_mse: 0.01023381482809782
test_kge: 0.14708504131497013
test_r2: -0.255548357963562
test_mae: 0.0681167021393776
evaluating on huc 170602071107
test_mse: 0.012294767424464226
test_kge: -0.5730337786591999
test_r2: -2.199632406234741
test_mae: 0.06562768667936325
evaluating on huc 170200090105
test_mse: 0.12678050994873047
test_kge: 0.4176953430676571
test_r2: 0.47670215368270874
test_mae: 0.2492484301328659
evaluating on huc 170602070904
test_mse: 0.017113110050559044
test_kge: -0.7663304912660065
test_r2: -2.894561767578125
test_mae: 0.07799861580133438
evaluating on huc 171100051004
test_mse: 0.10593860596418381
test_kge: 0.3057743122335227
test_r2: 0.36062026023864746
test_mae: 0.19114384055137634
evaluating on huc 171100050801
test_mse: 0.14443810284137726
test_kge: 0.4317098369508039
test_r2: 0.37658917903900146
test_mae: 0.2772216498851776
evaluating on huc 170200090208
test_mse: 0.015833405777812004
test_kge: 0.5968355248681292
test_r2: 0.6067335605621338
test_mae: 0.07828159630298615
evaluating on huc 170602080302
test_mse: 0.1210685595870018
test_kge: -1.0291633800754223
test_r2: -4.403782844543457
test_mae: 0.16734808683395386
evaluating on huc 170200110301
test_mse: 0.07435277849435806
test_kge: 0.701995129045762
test_r2: 0.5857549905776978
test_mae: 0.17455299198627472
evaluating on huc 170200090202
test_mse: 0.033782899379730225
test_kge: 0.6527746343908851
test_r2: 0.5892168283462524
test_mae: 0.11664724349975586
evaluating on huc 171100050402
test_mse: 0.06286805868148804
test_kge: 0.6301981951734188
test_r2: 0.49682360887527466
test_mae: 0.15187367796897888
evaluating on huc 170200110703
test_mse: 0.0232537854462862
test_kge: 0.1121182400195273
test_r2: -0.37660837173461914
test_mae: 0.09560723602771759
evaluating on huc 170200110502
test_mse: 0.037888094782829285
test_kge: 0.5637714634885994
test_r2: 0.5685837864875793
test_mae: 0.1234169751405716
evaluating on huc 170602080412
test_mse: 0.021424908190965652
test_kge: 0.01140605952203122
test_r2: -1.0962066650390625
test_mae: 0.0774606317281723
evaluating on huc 170103040401
test_mse: 0.01832534931600094
test_kge: 0.7700606861693776
test_r2: 0.5775246620178223
test_mae: 0.08199568092823029
evaluating on huc 170602080505
test_mse: 0.12783248722553253
test_kge: -0.8896321469197914
test_r2: -3.8092141151428223
test_mae: 0.1759711652994156
evaluating on huc 170200090209
test_mse: 0.023126762360334396
test_kge: 0.5202680105333741
test_r2: 0.5771484971046448
test_mae: 0.09529335796833038
evaluating on huc 170602070704
test_mse: 0.012273326516151428
test_kge: 0.6575685886980727
test_r2: 0.2861613631248474
test_mae: 0.06932621449232101
evaluating on huc 170602070902
test_mse: 0.07078053802251816
test_kge: -0.4045855383096091
test_r2: -1.7918848991394043
test_mae: 0.14217522740364075
evaluating on huc 170103040901
test_mse: 0.01749318465590477
test_kge: 0.03933970538906906
test_r2: -0.2432652711868286
test_mae: 0.08608965575695038
evaluating on huc 171100060102
test_mse: 0.13246284425258636
test_kge: 0.3218224463659972
test_r2: 0.4123372435569763
test_mae: 0.24456386268138885
evaluating on huc 170602080502
test_mse: 0.2570480704307556
test_kge: -0.5616525504633125
test_r2: -2.155158281326294
test_mae: 0.2676617205142975
evaluating on huc 170200110101
test_mse: 0.10109882801771164
test_kge: 0.44239077160297957
test_r2: 0.5394085645675659
test_mae: 0.21199412643909454
evaluating on huc 171100060403
test_mse: 0.029064778238534927
test_kge: -0.5653815038803407
test_r2: -0.9868161678314209
test_mae: 0.1357283592224121
evaluating on huc 170200110501
test_mse: 0.011621318757534027
test_kge: 0.5758137140300447
test_r2: 0.3785673975944519
test_mae: 0.07055908441543579
evaluating on huc 171100050705
test_mse: 0.04447384178638458
test_kge: 0.6132434781504963
test_r2: 0.632149338722229
test_mae: 0.14242500066757202
✅ Checkpoint saved: /home/sagemaker-user/checkpoints/Exp1B_Wind_3e-4_epoch25.pth
💾 Checkpoint saved: Exp1B_Wind_3e-4_epoch25.pth
Epoch 26: Pre-training on multiple HUCs
Pre-training on HUC5: 170103040503
Pre-training on HUC10: 171100051005
Pre-training on HUC15: 170602071105
Pre-training on HUC20: 171100051006
Pre-training on HUC25: 170200110107
Pre-training on HUC30: 170602080401
Pre-training on HUC35: 170200090204
Pre-training on HUC40: 170200110404
Pre-training on HUC45: 170103040105
Pre-training on HUC50: 171100051001
Pre-training on HUC55: 171100060301
Pre-training on HUC60: 170602071102
Pre-training on HUC65: 170103040302
Pre-training on HUC70: 170602070104
Pre-training on HUC75: 170602080204
Pre-training on HUC80: 170602080504
Pre-training on HUC85: 171100060103
Pre-training on HUC90: 170602070301
Pre-training on HUC95: 171100051103
Pre-training on HUC100: 171100090201
Pre-training on HUC105: 170200110704
Pre-training on HUC110: 171100051102
Pre-training on HUC115: 170103040201
Pre-training on HUC120: 170602080303
Pre-training on HUC125: 170103040606
Pre-training on HUC130: 171100051003
Pre-training on HUC135: 170602070303
Pre-training on HUC140: 170103040301
Pre-training on HUC145: 170602070101
Pre-training on HUC150: 170602070502
Pre-training on HUC155: 171100060201
Pre-training on HUC160: 171100060106
2026/08/25 09:29:47 WARNING mlflow.utils.requirements_utils: Found torch version (2.5.1+cu121) contains a local version label (+cu121). MLflow logged a pip requirement for this package as 'torch==2.5.1' without the local version label to make it installable from PyPI. To specify pip requirements containing local version labels, please use `conda_env` or `pip_requirements`.
2026/08/25 09:29:50 WARNING mlflow.utils.requirements_utils: Found torch version (2.5.1+cu121) contains a local version label (+cu121). MLflow logged a pip requirement for this package as 'torch==2.5.1' without the local version label to make it installable from PyPI. To specify pip requirements containing local version labels, please use `conda_env` or `pip_requirements`.
2026/08/25 09:29:50 WARNING mlflow.models.model: Model logged without a signature and input example. Please set `input_example` parameter when logging the model to auto infer the model signature.
2026/08/25 09:29:50 WARNING mlflow.models.model: Logging model metadata to the tracking server has failed. The model artifacts have been logged successfully under s3://dawgs-mlflow-artifacts/699/a663a8f9c1c7462ca696210999f1725b/artifacts. Set logging level to DEBUG via `logging.getLogger("mlflow").setLevel(logging.DEBUG)` to see the full traceback.
evaluating on huc 170103040401
test_mse: 0.012945749796926975
test_kge: 0.8045689420092004
test_r2: 0.7015467882156372
test_mae: 0.0718270093202591
evaluating on huc 171100060202
test_mse: 0.10754210501909256
test_kge: 0.36877521671728153
test_r2: 0.4297856092453003
test_mae: 0.22079217433929443
evaluating on huc 170602080503
test_mse: 0.01723429374396801
test_kge: 0.55057914309802
test_r2: 0.432353138923645
test_mae: 0.08121106028556824
evaluating on huc 170103020102
test_mse: 0.010440482757985592
test_kge: 0.7081797459987709
test_r2: 0.5726386904716492
test_mae: 0.06438545882701874
evaluating on huc 170602080206
test_mse: 0.014194401912391186
test_kge: 0.5039737883728876
test_r2: 0.3109439015388489
test_mae: 0.07193133980035782
evaluating on huc 170602070707
test_mse: 0.006687908433377743
test_kge: 0.05082450630571145
test_r2: -0.39702582359313965
test_mae: 0.050385791808366776
evaluating on huc 170200110301
test_mse: 0.08453802764415741
test_kge: 0.4714689009089198
test_r2: 0.5290094017982483
test_mae: 0.19503256678581238
evaluating on huc 170103040901
test_mse: 0.011861277744174004
test_kge: 0.15813379532063765
test_r2: 0.1570022702217102
test_mae: 0.06915923953056335
evaluating on huc 170103020101
test_mse: 0.00894281454384327
test_kge: 0.8362162520355284
test_r2: 0.705201268196106
test_mae: 0.06008760258555412
evaluating on huc 170200110703
test_mse: 0.014987143687903881
test_kge: 0.21476690984645508
test_r2: 0.11277115345001221
test_mae: 0.08019509166479111
evaluating on huc 170200090105
test_mse: 0.20423175394535065
test_kge: 0.17137527873571368
test_r2: 0.15701520442962646
test_mae: 0.313629150390625
evaluating on huc 170200090202
test_mse: 0.059575315564870834
test_kge: 0.2682227928108908
test_r2: 0.27559393644332886
test_mae: 0.16228918731212616
evaluating on huc 170200090108
test_mse: 0.08685007691383362
test_kge: 0.3618509732868338
test_r2: 0.43882858753204346
test_mae: 0.1958783119916916
evaluating on huc 170602070705
test_mse: 0.007123722229152918
test_kge: 0.7003459846645943
test_r2: 0.46254539489746094
test_mae: 0.05367450788617134
evaluating on huc 171100050705
test_mse: 0.06254152208566666
test_kge: 0.48495340189220126
test_r2: 0.48270851373672485
test_mae: 0.1638725847005844
evaluating on huc 170602071106
test_mse: 0.01560104452073574
test_kge: 0.4225462938276253
test_r2: 0.4708247184753418
test_mae: 0.07654202729463577
evaluating on huc 170602070704
test_mse: 0.008349883370101452
test_kge: 0.5788294188515442
test_r2: 0.5143557786941528
test_mae: 0.05942293256521225
evaluating on huc 170200090302
test_mse: 0.004695289768278599
test_kge: 0.5697429506804139
test_r2: 0.42395251989364624
test_mae: 0.047201402485370636
evaluating on huc 171100050703
test_mse: 0.06927944719791412
test_kge: 0.4264939039218999
test_r2: 0.41562992334365845
test_mae: 0.17405888438224792
evaluating on huc 170200110503
test_mse: 0.01809445023536682
test_kge: -0.9625456852326
test_r2: -1.9414761066436768
test_mae: 0.09115827828645706
evaluating on huc 170200110501
test_mse: 0.006397868972271681
test_kge: 0.7823832300184412
test_r2: 0.6578835248947144
test_mae: 0.05256552994251251
evaluating on huc 170200110403
test_mse: 0.07993395626544952
test_kge: 0.4249725791384581
test_r2: 0.5247998237609863
test_mae: 0.1848168522119522
evaluating on huc 171100060102
test_mse: 0.1570969969034195
test_kge: 0.2474528932431328
test_r2: 0.3030495047569275
test_mae: 0.26210546493530273
evaluating on huc 170602070904
test_mse: 0.007756729144603014
test_kge: -0.14555662348058984
test_r2: -0.7652584314346313
test_mae: 0.05437441170215607
evaluating on huc 170200090208
test_mse: 0.019252220168709755
test_kge: 0.4342051058078278
test_r2: 0.5218178033828735
test_mae: 0.08833516389131546
evaluating on huc 170602070603
test_mse: 0.006940120365470648
test_kge: 0.7413004991171461
test_r2: 0.5899416208267212
test_mae: 0.05351991206407547
evaluating on huc 171100050402
test_mse: 0.06279739737510681
test_kge: 0.4737171285377937
test_r2: 0.49738913774490356
test_mae: 0.16477642953395844
evaluating on huc 170200090106
test_mse: 0.13383275270462036
test_kge: 0.24264774872446404
test_r2: 0.30585193634033203
test_mae: 0.25236600637435913
evaluating on huc 170602080502
test_mse: 0.05348808690905571
test_kge: 0.3309314294182315
test_r2: 0.3434559106826782
test_mae: 0.14933408796787262
evaluating on huc 170602070701
test_mse: 0.005428822711110115
test_kge: 0.6112384439059555
test_r2: 0.39446955919265747
test_mae: 0.04722979664802551
evaluating on huc 170602071107
test_mse: 0.0056268637999892235
test_kge: -0.015734700481676134
test_r2: -0.46435439586639404
test_mae: 0.044571712613105774
evaluating on huc 170602080605
test_mse: 0.013241677545011044
test_kge: 0.4670753600035885
test_r2: 0.38051342964172363
test_mae: 0.07132891565561295
evaluating on huc 170200110102
test_mse: 0.11124537885189056
test_kge: 0.3444189267200366
test_r2: 0.4205935001373291
test_mae: 0.22947853803634644
evaluating on huc 170200110601
test_mse: 0.00967493373900652
test_kge: -0.5385736257545595
test_r2: -0.8829256296157837
test_mae: 0.0662163719534874
evaluating on huc 170602080412
test_mse: 0.006274061743170023
test_kge: 0.6956273778235038
test_r2: 0.386147677898407
test_mae: 0.04723209887742996
evaluating on huc 170602070802
test_mse: 0.009593477472662926
test_kge: 0.5112346288794241
test_r2: 0.40593236684799194
test_mae: 0.059817612171173096
evaluating on huc 171100050603
test_mse: 0.02019691653549671
test_kge: 0.7735598202476044
test_r2: 0.6713544130325317
test_mae: 0.09518542140722275
evaluating on huc 171100090103
test_mse: 0.12546589970588684
test_kge: 0.2928774610221002
test_r2: 0.3254285454750061
test_mae: 0.23762479424476624
evaluating on huc 170602070105
test_mse: 0.03535941243171692
test_kge: 0.171064795976687
test_r2: 0.1729711890220642
test_mae: 0.11840131133794785
evaluating on huc 171100051004
test_mse: 0.11334249377250671
test_kge: 0.26866159117387955
test_r2: 0.31593501567840576
test_mae: 0.1949499547481537
evaluating on huc 170103040601
test_mse: 0.016647959128022194
test_kge: -0.23821933173038534
test_r2: -0.5153664350509644
test_mae: 0.08280837535858154
evaluating on huc 170200090209
test_mse: 0.031085019931197166
test_kge: 0.3132234142798749
test_r2: 0.4316391348838806
test_mae: 0.10954295098781586
evaluating on huc 170602070901
test_mse: 0.009236685931682587
test_kge: 0.6957527635321359
test_r2: 0.4138553738594055
test_mae: 0.05984887480735779
evaluating on huc 171100060403
test_mse: 0.025587869808077812
test_kge: -0.32578799732948394
test_r2: -0.7491409778594971
test_mae: 0.11302828788757324
evaluating on huc 170602080505
test_mse: 0.01678173802793026
test_kge: 0.5603165022849335
test_r2: 0.3686506152153015
test_mae: 0.07983758300542831
evaluating on huc 170200110502
test_mse: 0.0652068704366684
test_kge: 0.22054984764298913
test_r2: 0.2575160264968872
test_mae: 0.1666967272758484
evaluating on huc 170602080302
test_mse: 0.015329832211136818
test_kge: 0.5104835142187387
test_r2: 0.31576716899871826
test_mae: 0.07584016025066376
evaluating on huc 170602080108
test_mse: 0.013728320598602295
test_kge: 0.6440928534550521
test_r2: 0.337099552154541
test_mae: 0.06949193775653839
evaluating on huc 171100060402
test_mse: 0.028910063207149506
test_kge: 0.474809302993878
test_r2: 0.3017261028289795
test_mae: 0.11687576025724411
evaluating on huc 170103040701
test_mse: 0.013018682599067688
test_kge: 0.7877805458533952
test_r2: 0.6821279525756836
test_mae: 0.07030020654201508
evaluating on huc 171100050801
test_mse: 0.22328831255435944
test_kge: 0.18572340504009066
test_r2: 0.03626292943954468
test_mae: 0.33925020694732666
evaluating on huc 170200110101
test_mse: 0.15580826997756958
test_kge: 0.22491677300103385
test_r2: 0.2901603579521179
test_mae: 0.264603853225708
evaluating on huc 170103020302
test_mse: 0.010466564446687698
test_kge: 0.7616726481113163
test_r2: 0.6448196768760681
test_mae: 0.06487610191106796
evaluating on huc 170602070902
test_mse: 0.013416912406682968
test_kge: 0.5876386548574513
test_r2: 0.47078001499176025
test_mae: 0.07227524369955063
✅ Checkpoint saved: /home/sagemaker-user/checkpoints/Exp1B_Wind_3e-4_epoch26.pth
💾 Checkpoint saved: Exp1B_Wind_3e-4_epoch26.pth
Epoch 27: Pre-training on multiple HUCs
Pre-training on HUC5: 170103020303
Pre-training on HUC10: 170602080606
Pre-training on HUC15: 171100060204
Pre-training on HUC20: 170602070102
Pre-training on HUC25: 170602070401
Pre-training on HUC30: 170602070501
Pre-training on HUC35: 171100051101
Pre-training on HUC40: 171100051003
Pre-training on HUC45: 170103040803
Pre-training on HUC50: 170103040305
Pre-training on HUC55: 170200110203
Pre-training on HUC60: 171100050903
Pre-training on HUC65: 171100060201
Pre-training on HUC70: 170200110603
Pre-training on HUC75: 170602070602
Pre-training on HUC80: 170602070305
Pre-training on HUC85: 170103040505
Pre-training on HUC90: 171100060205
Pre-training on HUC95: 170602070706
Pre-training on HUC100: 171100051001
Pre-training on HUC105: 170602080204
Pre-training on HUC110: 170602071105
Pre-training on HUC115: 170602070205
Pre-training on HUC120: 171100090101
Pre-training on HUC125: 170602080406
Pre-training on HUC130: 170200110110
Pre-training on HUC135: 170200110402
Pre-training on HUC140: 170200110704
Pre-training on HUC145: 170200110405
Pre-training on HUC150: 171100060101
Pre-training on HUC155: 170200090201
Pre-training on HUC160: 171100050604
2026/08/25 10:03:00 WARNING mlflow.utils.requirements_utils: Found torch version (2.5.1+cu121) contains a local version label (+cu121). MLflow logged a pip requirement for this package as 'torch==2.5.1' without the local version label to make it installable from PyPI. To specify pip requirements containing local version labels, please use `conda_env` or `pip_requirements`.
2026/08/25 10:03:03 WARNING mlflow.utils.requirements_utils: Found torch version (2.5.1+cu121) contains a local version label (+cu121). MLflow logged a pip requirement for this package as 'torch==2.5.1' without the local version label to make it installable from PyPI. To specify pip requirements containing local version labels, please use `conda_env` or `pip_requirements`.
2026/08/25 10:03:03 WARNING mlflow.models.model: Model logged without a signature and input example. Please set `input_example` parameter when logging the model to auto infer the model signature.
2026/08/25 10:03:04 WARNING mlflow.models.model: Logging model metadata to the tracking server has failed. The model artifacts have been logged successfully under s3://dawgs-mlflow-artifacts/699/a663a8f9c1c7462ca696210999f1725b/artifacts. Set logging level to DEBUG via `logging.getLogger("mlflow").setLevel(logging.DEBUG)` to see the full traceback.
evaluating on huc 170602070707
test_mse: 0.06407195329666138
test_kge: -3.090839477276149
test_r2: -12.383881568908691
test_mae: 0.18655113875865936
evaluating on huc 170602070902
test_mse: 0.05133684724569321
test_kge: -0.1418988631033482
test_r2: -1.0249433517456055
test_mae: 0.1534421592950821
evaluating on huc 170103040601
test_mse: 0.06351370364427567
test_kge: -1.882962995845527
test_r2: -4.781281471252441
test_mae: 0.18538251519203186
evaluating on huc 170602080503
test_mse: 0.04047071188688278
test_kge: 0.21838016173520325
test_r2: -0.33298611640930176
test_mae: 0.12814080715179443
evaluating on huc 170200090208
test_mse: 0.044044170528650284
test_kge: 0.2670390782390688
test_r2: -0.09395885467529297
test_mae: 0.1454959660768509
evaluating on huc 170602070705
test_mse: 0.0627465546131134
test_kge: -1.1656986514850138
test_r2: -3.733961582183838
test_mae: 0.1754518449306488
evaluating on huc 170200090209
test_mse: 0.032821666449308395
test_kge: 0.6466420796314428
test_r2: 0.3998861312866211
test_mae: 0.1238849088549614
evaluating on huc 171100050801
test_mse: 0.13328175246715546
test_kge: 0.4489372359526217
test_r2: 0.424741268157959
test_mae: 0.26667463779449463
evaluating on huc 170602070701
test_mse: 0.06571908295154572
test_kge: -1.7469690140271985
test_r2: -6.330300807952881
test_mae: 0.1831086426973343
evaluating on huc 170602070802
test_mse: 0.03839808702468872
test_kge: -0.2978239710390438
test_r2: -1.37776780128479
test_mae: 0.1268007904291153
evaluating on huc 170602071106
test_mse: 0.02672184631228447
test_kge: 0.4279854413002153
test_r2: 0.09361577033996582
test_mae: 0.10881269723176956
evaluating on huc 171100050402
test_mse: 0.05326138809323311
test_kge: 0.683719612599401
test_r2: 0.5737124085426331
test_mae: 0.16308942437171936
evaluating on huc 171100050705
test_mse: 0.05729750916361809
test_kge: 0.6946093980528604
test_r2: 0.5260826349258423
test_mae: 0.17474842071533203
evaluating on huc 170200110101
test_mse: 0.115176722407341
test_kge: 0.454055572719831
test_r2: 0.4752717614173889
test_mae: 0.23205164074897766
evaluating on huc 170200090105
test_mse: 0.1300039142370224
test_kge: 0.45066674138295704
test_r2: 0.4633972644805908
test_mae: 0.25291708111763
evaluating on huc 170602071107
test_mse: 0.04778670147061348
test_kge: -3.0989091658276564
test_r2: -11.436174392700195
test_mae: 0.1573704183101654
evaluating on huc 170103040401
test_mse: 0.047782350331544876
test_kge: 0.15997518715221737
test_r2: -0.10158145427703857
test_mae: 0.15295138955116272
evaluating on huc 170200090302
test_mse: 0.025349505245685577
test_kge: -0.5904670521040185
test_r2: -2.1100356578826904
test_mae: 0.11149492859840393
evaluating on huc 170602070105
test_mse: 0.02861601486802101
test_kge: 0.6346418737654799
test_r2: 0.33069396018981934
test_mae: 0.11489253491163254
evaluating on huc 170602070901
test_mse: 0.06947861611843109
test_kge: -1.0135906855858838
test_r2: -3.40899658203125
test_mae: 0.1829582154750824
evaluating on huc 170200090106
test_mse: 0.09437549114227295
test_kge: 0.5666583288132693
test_r2: 0.5105042457580566
test_mae: 0.21745949983596802
evaluating on huc 170200090108
test_mse: 0.07472885400056839
test_kge: 0.5811791667189905
test_r2: 0.5171484351158142
test_mae: 0.19145476818084717
evaluating on huc 171100060102
test_mse: 0.09710695594549179
test_kge: 0.5580402154164581
test_r2: 0.5691913366317749
test_mae: 0.21672582626342773
evaluating on huc 170602080412
test_mse: 0.03660278767347336
test_kge: -0.8409419266800537
test_r2: -2.5812058448791504
test_mae: 0.12896449863910675
evaluating on huc 170602080302
test_mse: 0.03637707978487015
test_kge: 0.14592472132168688
test_r2: -0.6236571073532104
test_mae: 0.11858806759119034
evaluating on huc 171100050703
test_mse: 0.05258806422352791
test_kge: 0.733060886588944
test_r2: 0.5564212799072266
test_mae: 0.16531433165073395
evaluating on huc 170602080505
test_mse: 0.0423673652112484
test_kge: 0.1174145346197466
test_r2: -0.5939117670059204
test_mae: 0.1295081079006195
evaluating on huc 170602070603
test_mse: 0.055087603628635406
test_kge: -0.6154272514541326
test_r2: -2.2548623085021973
test_mae: 0.16041156649589539
evaluating on huc 170200110301
test_mse: 0.08540496230125427
test_kge: 0.5903456036064477
test_r2: 0.5241794586181641
test_mae: 0.20764288306236267
evaluating on huc 170602080206
test_mse: 0.038691624999046326
test_kge: 0.001980251450335091
test_r2: -0.8782544136047363
test_mae: 0.12085676193237305
evaluating on huc 170602080605
test_mse: 0.038043443113565445
test_kge: 0.00995995067034039
test_r2: -0.7797896862030029
test_mae: 0.12414342164993286
evaluating on huc 171100050603
test_mse: 0.04942390322685242
test_kge: 0.3983411577822953
test_r2: 0.19577091932296753
test_mae: 0.16098541021347046
evaluating on huc 170103020101
test_mse: 0.05018052086234093
test_kge: -0.1185254819931334
test_r2: -0.6541942358016968
test_mae: 0.15596742928028107
evaluating on huc 170200110403
test_mse: 0.07676752656698227
test_kge: 0.6115107729770799
test_r2: 0.5436239838600159
test_mae: 0.1917213499546051
evaluating on huc 170602070904
test_mse: 0.0689011737704277
test_kge: -3.577204225288547
test_r2: -14.68036937713623
test_mae: 0.19422867894172668
evaluating on huc 170200110502
test_mse: 0.047088682651519775
test_kge: 0.6726267222157594
test_r2: 0.4638204574584961
test_mae: 0.15218830108642578
evaluating on huc 170602070704
test_mse: 0.03631819412112236
test_kge: -0.1741021134675329
test_r2: -1.1123313903808594
test_mae: 0.1293637603521347
evaluating on huc 170103020102
test_mse: 0.05752535164356232
test_kge: -0.4457367285695375
test_r2: -1.3546910285949707
test_mae: 0.16855654120445251
evaluating on huc 170200090202
test_mse: 0.04443056136369705
test_kge: 0.7188725631168167
test_r2: 0.4597465991973877
test_mae: 0.14855529367923737
evaluating on huc 170200110501
test_mse: 0.0350564569234848
test_kge: -0.1887759274491918
test_r2: -0.8745913505554199
test_mae: 0.12902575731277466
evaluating on huc 171100060402
test_mse: 0.13480617105960846
test_kge: -0.9980998665300145
test_r2: -2.256016254425049
test_mae: 0.2628231942653656
evaluating on huc 170200110601
test_mse: 0.04881565272808075
test_kge: -2.8142690438995905
test_r2: -8.500452041625977
test_mae: 0.15437430143356323
evaluating on huc 171100060202
test_mse: 0.08865154534578323
test_kge: 0.5480868308082298
test_r2: 0.5299479961395264
test_mae: 0.21000270545482635
evaluating on huc 170103020302
test_mse: 0.04717757925391197
test_kge: -0.16265035328658506
test_r2: -0.6009596586227417
test_mae: 0.1545817255973816
evaluating on huc 170602080502
test_mse: 0.04353857785463333
test_kge: 0.7033408472861755
test_r2: 0.465582013130188
test_mae: 0.14072875678539276
evaluating on huc 171100090103
test_mse: 0.08019553124904633
test_kge: 0.6129859393509955
test_r2: 0.5688261389732361
test_mae: 0.20599263906478882
evaluating on huc 171100060403
test_mse: 0.16548340022563934
test_kge: -2.9880757747671205
test_r2: -10.312150001525879
test_mae: 0.29346901178359985
evaluating on huc 170200110703
test_mse: 0.0674108937382698
test_kge: -0.9900328849321947
test_r2: -2.9906795024871826
test_mae: 0.18692763149738312
evaluating on huc 170200110102
test_mse: 0.09110472351312637
test_kge: 0.5459148406538739
test_r2: 0.5254933834075928
test_mae: 0.21301157772541046
evaluating on huc 170103040901
test_mse: 0.05563192069530487
test_kge: -1.3201624650227273
test_r2: -2.953839063644409
test_mae: 0.17209428548812866
evaluating on huc 170200110503
test_mse: 0.07766943424940109
test_kge: -3.4735776175719524
test_r2: -11.626124382019043
test_mae: 0.20568861067295074
evaluating on huc 170602080108
test_mse: 0.04393881931900978
test_kge: -0.11398805550603419
test_r2: -1.1216771602630615
test_mae: 0.1302458643913269
evaluating on huc 170103040701
test_mse: 0.04287266358733177
test_kge: 0.15777010158656557
test_r2: -0.04680490493774414
test_mae: 0.14364594221115112
evaluating on huc 171100051004
test_mse: 0.0880303904414177
test_kge: 0.6095346167315783
test_r2: 0.46870315074920654
test_mae: 0.20490731298923492
✅ Checkpoint saved: /home/sagemaker-user/checkpoints/Exp1B_Wind_3e-4_epoch27.pth
💾 Checkpoint saved: Exp1B_Wind_3e-4_epoch27.pth
Epoch 28: Pre-training on multiple HUCs
Pre-training on HUC5: 171100051006
Pre-training on HUC10: 171100060103
Pre-training on HUC15: 171100050702
Pre-training on HUC20: 170200110406
Pre-training on HUC25: 171100090501
Pre-training on HUC30: 170200110404
Pre-training on HUC35: 171100051001
Pre-training on HUC40: 170602071105
Pre-training on HUC45: 170200110603
Pre-training on HUC50: 171100051005
Pre-training on HUC55: 171100060104
Pre-training on HUC60: 170602070306
Pre-training on HUC65: 170200090110
Pre-training on HUC70: 171100090101
Pre-training on HUC75: 170103040301
Pre-training on HUC80: 170602080105
Pre-training on HUC85: 170200110109
Pre-training on HUC90: 170602070403
Pre-training on HUC95: 170602080204
Pre-training on HUC100: 170200110202
Pre-training on HUC105: 170602070201
Pre-training on HUC110: 170103040602
Pre-training on HUC115: 170602070104
Pre-training on HUC120: 170602080101
Pre-training on HUC125: 171100051101
Pre-training on HUC130: 171100060205
Pre-training on HUC135: 170103040303
Pre-training on HUC140: 170200090102
Pre-training on HUC145: 170200090204
Pre-training on HUC150: 170602080507
Pre-training on HUC155: 170200110201
Pre-training on HUC160: 170200090205
2026/08/25 10:36:21 WARNING mlflow.utils.requirements_utils: Found torch version (2.5.1+cu121) contains a local version label (+cu121). MLflow logged a pip requirement for this package as 'torch==2.5.1' without the local version label to make it installable from PyPI. To specify pip requirements containing local version labels, please use `conda_env` or `pip_requirements`.
2026/08/25 10:36:25 WARNING mlflow.utils.requirements_utils: Found torch version (2.5.1+cu121) contains a local version label (+cu121). MLflow logged a pip requirement for this package as 'torch==2.5.1' without the local version label to make it installable from PyPI. To specify pip requirements containing local version labels, please use `conda_env` or `pip_requirements`.
2026/08/25 10:36:25 WARNING mlflow.models.model: Model logged without a signature and input example. Please set `input_example` parameter when logging the model to auto infer the model signature.
2026/08/25 10:36:25 WARNING mlflow.models.model: Logging model metadata to the tracking server has failed. The model artifacts have been logged successfully under s3://dawgs-mlflow-artifacts/699/a663a8f9c1c7462ca696210999f1725b/artifacts. Set logging level to DEBUG via `logging.getLogger("mlflow").setLevel(logging.DEBUG)` to see the full traceback.
evaluating on huc 170200110501
test_mse: 0.04765315353870392
test_kge: -0.4828241112620206
test_r2: -1.5481808185577393
test_mae: 0.14820964634418488
evaluating on huc 171100050703
test_mse: 0.05672362819314003
test_kge: 0.6918865996250414
test_r2: 0.5215378999710083
test_mae: 0.1730707734823227
evaluating on huc 170602080502
test_mse: 0.04812655225396156
test_kge: 0.6918077551483761
test_r2: 0.40926653146743774
test_mae: 0.15489442646503448
evaluating on huc 170602080505
test_mse: 0.06118001043796539
test_kge: -0.30038632232618445
test_r2: -1.301666498184204
test_mae: 0.16518954932689667
evaluating on huc 170602071107
test_mse: 0.0633750781416893
test_kge: -3.7699235666225617
test_r2: -15.492948532104492
test_mae: 0.18295012414455414
evaluating on huc 170602070904
test_mse: 0.08628983795642853
test_kge: -4.177767431112401
test_r2: -18.63764190673828
test_mae: 0.21907660365104675
evaluating on huc 170103040601
test_mse: 0.0831429734826088
test_kge: -2.2786033642634647
test_r2: -6.568019390106201
test_mae: 0.20726583898067474
evaluating on huc 171100090103
test_mse: 0.09017859399318695
test_kge: 0.5560025792171674
test_r2: 0.515151858329773
test_mae: 0.2192094773054123
evaluating on huc 170602070902
test_mse: 0.06282979249954224
test_kge: -0.37377226534367813
test_r2: -1.4782741069793701
test_mae: 0.17791473865509033
evaluating on huc 170103040901
test_mse: 0.06835565716028214
test_kge: -1.5809351870367112
test_r2: -3.858132839202881
test_mae: 0.18726956844329834
evaluating on huc 170200090105
test_mse: 0.14477156102657318
test_kge: 0.4137206468730549
test_r2: 0.4024425148963928
test_mae: 0.27145835757255554
evaluating on huc 170200110301
test_mse: 0.08440767973661423
test_kge: 0.6206232821277573
test_r2: 0.5297356247901917
test_mae: 0.20925413072109222
evaluating on huc 170602070901
test_mse: 0.07067380100488663
test_kge: -1.1140295122257626
test_r2: -3.4848408699035645
test_mae: 0.19212569296360016
evaluating on huc 170602070603
test_mse: 0.06304602324962616
test_kge: -0.8175686815076295
test_r2: -2.7250869274139404
test_mae: 0.17719592154026031
evaluating on huc 170602080108
test_mse: 0.06313096731901169
test_kge: -0.5756177720753832
test_r2: -2.0484097003936768
test_mae: 0.1651211529970169
evaluating on huc 170602070105
test_mse: 0.0335589200258255
test_kge: 0.5223205001366491
test_r2: 0.21508336067199707
test_mae: 0.12753631174564362
evaluating on huc 170200110502
test_mse: 0.04606029391288757
test_kge: 0.682149434089093
test_r2: 0.4755302667617798
test_mae: 0.1511216014623642
evaluating on huc 170602070705
test_mse: 0.06775695085525513
test_kge: -1.3326507901590294
test_r2: -4.111974716186523
test_mae: 0.18816842138767242
evaluating on huc 170602080302
test_mse: 0.05399373546242714
test_kge: -0.29767186722996986
test_r2: -1.4099602699279785
test_mae: 0.1527237594127655
evaluating on huc 170602070802
test_mse: 0.05684202164411545
test_kge: -0.8035048936758393
test_r2: -2.5198922157287598
test_mae: 0.16291241347789764
evaluating on huc 170602071106
test_mse: 0.03451738879084587
test_kge: 0.24454133395984134
test_r2: -0.17080307006835938
test_mae: 0.12392790615558624
evaluating on huc 171100050402
test_mse: 0.05623437091708183
test_kge: 0.7119499124860286
test_r2: 0.5499175786972046
test_mae: 0.16839346289634705
evaluating on huc 170200090202
test_mse: 0.04238668456673622
test_kge: 0.7095518265831192
test_r2: 0.4845990538597107
test_mae: 0.14808066189289093
evaluating on huc 171100060102
test_mse: 0.11333932727575302
test_kge: 0.49671540588854846
test_r2: 0.49717748165130615
test_mae: 0.2349841594696045
evaluating on huc 170602070707
test_mse: 0.08109534531831741
test_kge: -3.6612297987928457
test_r2: -15.939868927001953
test_mae: 0.2115982323884964
evaluating on huc 170200110101
test_mse: 0.11444763839244843
test_kge: 0.46949540130597767
test_r2: 0.4785933494567871
test_mae: 0.23373493552207947
evaluating on huc 170602070704
test_mse: 0.0443820096552372
test_kge: -0.3803062073144472
test_r2: -1.5813372135162354
test_mae: 0.14597807824611664
evaluating on huc 171100050801
test_mse: 0.16132813692092896
test_kge: 0.3769175270130969
test_r2: 0.3036898970603943
test_mae: 0.2966540455818176
evaluating on huc 170200110503
test_mse: 0.08025868237018585
test_kge: -3.4600361584946624
test_r2: -12.047038078308105
test_mae: 0.20413194596767426
evaluating on huc 170200110403
test_mse: 0.07766974717378616
test_kge: 0.620349206662631
test_r2: 0.5382603406906128
test_mae: 0.19609682261943817
evaluating on huc 170200090106
test_mse: 0.09675902873277664
test_kge: 0.5476989831150105
test_r2: 0.4981415867805481
test_mae: 0.2228931039571762
evaluating on huc 170602080412
test_mse: 0.0564861074090004
test_kge: -1.4094184909773615
test_r2: -4.526583671569824
test_mae: 0.16418568789958954
evaluating on huc 170103040401
test_mse: 0.05928133428096771
test_kge: -0.0026577296560965635
test_r2: -0.3666806221008301
test_mae: 0.16809505224227905
evaluating on huc 170200090208
test_mse: 0.039063699543476105
test_kge: 0.30789858798912884
test_r2: 0.02974492311477661
test_mae: 0.14276692271232605
evaluating on huc 170103040701
test_mse: 0.06187429279088974
test_kge: -0.09268102127434252
test_r2: -0.5107603073120117
test_mae: 0.16923247277736664
evaluating on huc 171100060402
test_mse: 0.08493626117706299
test_kge: -0.4558766233349043
test_r2: -1.05149245262146
test_mae: 0.20728489756584167
evaluating on huc 170200110703
test_mse: 0.08929799497127533
test_kge: -1.3161525815141193
test_r2: -4.286381244659424
test_mae: 0.21209025382995605
evaluating on huc 170103020101
test_mse: 0.06488703936338425
test_kge: -0.3407152099058688
test_r2: -1.1389925479888916
test_mae: 0.17746970057487488
evaluating on huc 171100060403
test_mse: 0.11200425028800964
test_kge: -2.2378885265427457
test_r2: -6.656410217285156
test_mae: 0.2433488965034485
evaluating on huc 171100050603
test_mse: 0.050107598304748535
test_kge: 0.3673349124128015
test_r2: 0.18464583158493042
test_mae: 0.16010192036628723
evaluating on huc 170200090302
test_mse: 0.038858216255903244
test_kge: -1.0967320520137238
test_r2: -3.767368793487549
test_mae: 0.14019280672073364
evaluating on huc 170602080503
test_mse: 0.055275049060583115
test_kge: -0.13016036819459398
test_r2: -0.8205974102020264
test_mae: 0.15643636882305145
evaluating on huc 170602080206
test_mse: 0.06053240969777107
test_kge: -0.5543058917485801
test_r2: -1.9384982585906982
test_mae: 0.16158363223075867
evaluating on huc 170103020302
test_mse: 0.06654498726129532
test_kge: -0.4665849588275739
test_r2: -1.2581877708435059
test_mae: 0.18061017990112305
evaluating on huc 170602070701
test_mse: 0.0748709887266159
test_kge: -1.9952698960132396
test_r2: -7.351103782653809
test_mae: 0.1993236392736435
evaluating on huc 171100060202
test_mse: 0.09179061651229858
test_kge: 0.560959549524255
test_r2: 0.5133038759231567
test_mae: 0.21663157641887665
evaluating on huc 170200110102
test_mse: 0.08957023918628693
test_kge: 0.5759331890632657
test_r2: 0.5334855318069458
test_mae: 0.21394214034080505
evaluating on huc 171100050705
test_mse: 0.057278916239738464
test_kge: 0.6889903491937207
test_r2: 0.5262364149093628
test_mae: 0.17354626953601837
evaluating on huc 170103020102
test_mse: 0.07562096416950226
test_kge: -0.7266229585080808
test_r2: -2.095400333404541
test_mae: 0.19385842978954315
evaluating on huc 170200090209
test_mse: 0.02945771813392639
test_kge: 0.606948273370558
test_r2: 0.461392879486084
test_mae: 0.1152029037475586
evaluating on huc 170200110601
test_mse: 0.06512003391981125
test_kge: -3.421779370070957
test_r2: -11.673593521118164
test_mae: 0.17719779908657074
evaluating on huc 170602080605
test_mse: 0.05384588986635208
test_kge: -0.39458690795096274
test_r2: -1.5190768241882324
test_mae: 0.15664471685886383
evaluating on huc 170200090108
test_mse: 0.07263147830963135
test_kge: 0.6041220721995006
test_r2: 0.5307003259658813
test_mae: 0.19155968725681305
evaluating on huc 171100051004
test_mse: 0.09324631839990616
test_kge: 0.5508089594491706
test_r2: 0.43722301721572876
test_mae: 0.20817969739437103
✅ Checkpoint saved: /home/sagemaker-user/checkpoints/Exp1B_Wind_3e-4_epoch28.pth
💾 Checkpoint saved: Exp1B_Wind_3e-4_epoch28.pth
Epoch 29: Pre-training on multiple HUCs
Pre-training on HUC5: 170200110105
Pre-training on HUC10: 170602070301
Pre-training on HUC15: 170200090103
Pre-training on HUC20: 170200110702
Pre-training on HUC25: 171100050708
Pre-training on HUC30: 170602080405
Pre-training on HUC35: 170103040103
Pre-training on HUC40: 171100050902
Pre-training on HUC45: 171100050704
Pre-training on HUC50: 170602080402
Pre-training on HUC55: 170602070703
Pre-training on HUC60: 170103040105
Pre-training on HUC65: 170200090110
Pre-training on HUC70: 170602070401
Pre-training on HUC75: 171100060301
Pre-training on HUC80: 170200090111
Pre-training on HUC85: 171100051003
Pre-training on HUC90: 170103040303
Pre-training on HUC95: 170602080407
Pre-training on HUC100: 170602071104
Pre-training on HUC105: 170602070205
Pre-training on HUC110: 171100051006
Pre-training on HUC115: 170200090304
Pre-training on HUC120: 170602070501
Pre-training on HUC125: 171100090501
Pre-training on HUC130: 171100050904
Pre-training on HUC135: 171100051102
Pre-training on HUC140: 170602080102
Pre-training on HUC145: 170200110306
Pre-training on HUC150: 171100050504
Pre-training on HUC155: 170602080603
Pre-training on HUC160: 170602080203
2026/08/25 11:09:39 WARNING mlflow.utils.requirements_utils: Found torch version (2.5.1+cu121) contains a local version label (+cu121). MLflow logged a pip requirement for this package as 'torch==2.5.1' without the local version label to make it installable from PyPI. To specify pip requirements containing local version labels, please use `conda_env` or `pip_requirements`.
2026/08/25 11:09:43 WARNING mlflow.utils.requirements_utils: Found torch version (2.5.1+cu121) contains a local version label (+cu121). MLflow logged a pip requirement for this package as 'torch==2.5.1' without the local version label to make it installable from PyPI. To specify pip requirements containing local version labels, please use `conda_env` or `pip_requirements`.
2026/08/25 11:09:43 WARNING mlflow.models.model: Model logged without a signature and input example. Please set `input_example` parameter when logging the model to auto infer the model signature.
2026/08/25 11:09:43 WARNING mlflow.models.model: Logging model metadata to the tracking server has failed. The model artifacts have been logged successfully under s3://dawgs-mlflow-artifacts/699/a663a8f9c1c7462ca696210999f1725b/artifacts. Set logging level to DEBUG via `logging.getLogger("mlflow").setLevel(logging.DEBUG)` to see the full traceback.
2026/08/25 11:09:43 INFO mlflow.tracking._tracking_service.client: 🏃 View run auspicious-perch-859 at: https://us-west-2.experiments.sagemaker.aws/#/experiments/699/runs/a663a8f9c1c7462ca696210999f1725b.
2026/08/25 11:09:43 INFO mlflow.tracking._tracking_service.client: 🧪 View experiment at: https://us-west-2.experiments.sagemaker.aws/#/experiments/699.
evaluating on huc 170200110502
test_mse: 0.05520346760749817
test_kge: 0.608270916447078
test_r2: 0.371420681476593
test_mae: 0.17468562722206116
evaluating on huc 170200090106
test_mse: 0.11221645027399063
test_kge: 0.5514234913893399
test_r2: 0.41796886920928955
test_mae: 0.2639554738998413
evaluating on huc 170602080605
test_mse: 0.07868799567222595
test_kge: -0.877871992467586
test_r2: -2.681267261505127
test_mae: 0.2098327875137329
evaluating on huc 170602070707
test_mse: 0.12888585031032562
test_kge: -4.85899098374968
test_r2: -25.922746658325195
test_mae: 0.2712148129940033
evaluating on huc 170103020302
test_mse: 0.07927147299051285
test_kge: -0.5988807040409976
test_r2: -1.6900582313537598
test_mae: 0.20382606983184814
evaluating on huc 170200110703
test_mse: 0.08828385919332504
test_kge: -1.307847329366942
test_r2: -4.226345062255859
test_mae: 0.22208471596240997
evaluating on huc 170200090108
test_mse: 0.08314087241888046
test_kge: 0.6287292119694833
test_r2: 0.4627951383590698
test_mae: 0.21807554364204407
evaluating on huc 170602070902
test_mse: 0.09757421165704727
test_kge: -0.9496154812798081
test_r2: -2.848741292953491
test_mae: 0.25465428829193115
evaluating on huc 170602070802
test_mse: 0.08392125368118286
test_kge: -1.3996612489576594
test_r2: -4.196750164031982
test_mae: 0.22146451473236084
evaluating on huc 170602080502
test_mse: 0.05691440775990486
test_kge: 0.5237027632437439
test_r2: 0.301399290561676
test_mae: 0.179441899061203
evaluating on huc 171100050801
test_mse: 0.11641504615545273
test_kge: 0.5526400798660827
test_r2: 0.497539758682251
test_mae: 0.2667698562145233
evaluating on huc 170200110601
test_mse: 0.07438607513904572
test_kge: -4.178478503374363
test_r2: -13.476941108703613
test_mae: 0.22063733637332916
evaluating on huc 170602080108
test_mse: 0.08404502272605896
test_kge: -0.9937408963880696
test_r2: -3.058288097381592
test_mae: 0.2126244604587555
evaluating on huc 170103040601
test_mse: 0.06298381835222244
test_kge: -1.9428576710976255
test_r2: -4.733049392700195
test_mae: 0.19625835120677948
evaluating on huc 170602070904
test_mse: 0.13435578346252441
test_kge: -5.48394998081223
test_r2: -29.576379776000977
test_mae: 0.28021201491355896
evaluating on huc 170103040901
test_mse: 0.055881913751363754
test_kge: -1.4083794980398459
test_r2: -2.9716062545776367
test_mae: 0.18557298183441162
evaluating on huc 170200110301
test_mse: 0.08486364036798477
test_kge: 0.6547896552789432
test_r2: 0.5271953344345093
test_mae: 0.2243274599313736
evaluating on huc 170602070105
test_mse: 0.055297140032052994
test_kge: 0.08116702753956939
test_r2: -0.2933565378189087
test_mae: 0.1847246140241623
evaluating on huc 170602080505
test_mse: 0.08192142844200134
test_kge: -0.6669040803184518
test_r2: -2.081983804702759
test_mae: 0.2121787667274475
evaluating on huc 170602070701
test_mse: 0.10522542893886566
test_kge: -2.6031800510317944
test_r2: -10.736835479736328
test_mae: 0.24710910022258759
evaluating on huc 171100060402
test_mse: 0.10302730649709702
test_kge: -0.842248543669581
test_r2: -1.4884512424468994
test_mae: 0.26179495453834534
evaluating on huc 170602070901
test_mse: 0.10988748073577881
test_kge: -1.8321103888020533
test_r2: -5.973275661468506
test_mae: 0.26509329676628113
evaluating on huc 171100050603
test_mse: 0.057508278638124466
test_kge: 0.2872822421222144
test_r2: 0.06422144174575806
test_mae: 0.18989697098731995
evaluating on huc 170602080503
test_mse: 0.07513764500617981
test_kge: -0.4917444315589772
test_r2: -1.4748127460479736
test_mae: 0.2042991816997528
evaluating on huc 171100050703
test_mse: 0.08380237966775894
test_kge: 0.5101733430160925
test_r2: 0.29312944412231445
test_mae: 0.2327035814523697
evaluating on huc 171100090103
test_mse: 0.0952339768409729
test_kge: 0.5509848003953175
test_r2: 0.4879714846611023
test_mae: 0.24060498178005219
evaluating on huc 170103040401
test_mse: 0.09608283638954163
test_kge: -0.3069282660912054
test_r2: -1.2151079177856445
test_mae: 0.21591638028621674
evaluating on huc 170103040701
test_mse: 0.07166320830583572
test_kge: -0.1935358771858584
test_r2: -0.749772310256958
test_mae: 0.19150473177433014
evaluating on huc 170602071106
test_mse: 0.051261987537145615
test_kge: -0.14355825774763575
test_r2: -0.7387667894363403
test_mae: 0.16421881318092346
evaluating on huc 170200110101
test_mse: 0.11825618892908096
test_kge: 0.5599374104361161
test_r2: 0.461242139339447
test_mae: 0.25159162282943726
evaluating on huc 170602070705
test_mse: 0.10278712958097458
test_kge: -2.029035088451786
test_r2: -6.754852771759033
test_mae: 0.25171828269958496
evaluating on huc 171100060102
test_mse: 0.11133481562137604
test_kge: 0.5852095461885987
test_r2: 0.5060703754425049
test_mae: 0.24777337908744812
evaluating on huc 170200090208
test_mse: 0.07408200949430466
test_kge: -0.18449634125589398
test_r2: -0.8400318622589111
test_mae: 0.21627603471279144
evaluating on huc 171100060403
test_mse: 0.11933251470327377
test_kge: -2.609680975121299
test_r2: -7.157357215881348
test_mae: 0.28952568769454956
evaluating on huc 171100050705
test_mse: 0.08097322285175323
test_kge: 0.4829466406215125
test_r2: 0.3302568793296814
test_mae: 0.22843493521213531
evaluating on huc 170103020101
test_mse: 0.10353812575340271
test_kge: -0.7045390750911757
test_r2: -2.4131205081939697
test_mae: 0.22513292729854584
evaluating on huc 171100050402
test_mse: 0.06823574006557465
test_kge: 0.6214700766797056
test_r2: 0.4538623094558716
test_mae: 0.2007928490638733
evaluating on huc 170200110501
test_mse: 0.049189500510692596
test_kge: -0.5703659161590362
test_r2: -1.6303346157073975
test_mae: 0.16651569306850433
evaluating on huc 170602080302
test_mse: 0.0741838589310646
test_kge: -0.685095119801753
test_r2: -2.3111276626586914
test_mae: 0.1972772181034088
evaluating on huc 170200090105
test_mse: 0.12359502911567688
test_kge: 0.5377966027828005
test_r2: 0.4898505210876465
test_mae: 0.27130669355392456
evaluating on huc 170200090209
test_mse: 0.04275423288345337
test_kge: 0.3621095831258535
test_r2: 0.21827834844589233
test_mae: 0.15836390852928162
evaluating on huc 171100060202
test_mse: 0.09776191413402557
test_kge: 0.6343845506612062
test_r2: 0.48164254426956177
test_mae: 0.23558713495731354
evaluating on huc 170602070704
test_mse: 0.06966107338666916
test_kge: -0.845130720453426
test_r2: -3.0516128540039062
test_mae: 0.19187092781066895
evaluating on huc 170602080412
test_mse: 0.08655815571546555
test_kge: -2.114536311678211
test_r2: -7.468823432922363
test_mae: 0.21490614116191864
evaluating on huc 170200090202
test_mse: 0.056631989777088165
test_kge: 0.500386518540759
test_r2: 0.31138330698013306
test_mae: 0.18657530844211578
evaluating on huc 170602071107
test_mse: 0.09136684983968735
test_kge: -4.84113209121895
test_r2: -22.77762222290039
test_mae: 0.230782151222229
evaluating on huc 170103020102
test_mse: 0.11104119569063187
test_kge: -1.1096561737235815
test_r2: -3.545260429382324
test_mae: 0.23802846670150757
evaluating on huc 170200110403
test_mse: 0.09476820379495621
test_kge: 0.6051275981344675
test_r2: 0.436611533164978
test_mae: 0.23275770246982574
evaluating on huc 171100051004
test_mse: 0.10623235255479813
test_kge: 0.4372769072251047
test_r2: 0.358847439289093
test_mae: 0.2525154650211334
evaluating on huc 170602070603
test_mse: 0.08957119286060333
test_kge: -1.3223561230346292
test_r2: -4.292332172393799
test_mae: 0.23195265233516693
evaluating on huc 170200110503
test_mse: 0.06836799532175064
test_kge: -3.3387313433356756
test_r2: -10.11406135559082
test_mae: 0.209970623254776
evaluating on huc 170602080206
test_mse: 0.07763675600290298
test_kge: -0.9116730117807184
test_r2: -2.768815040588379
test_mae: 0.20293328166007996
evaluating on huc 170200110102
test_mse: 0.10813753306865692
test_kge: 0.6112483998377963
test_r2: 0.43678027391433716
test_mae: 0.2476755976676941
evaluating on huc 170200090302
test_mse: 0.06481097638607025
test_kge: -1.8913548726952905
test_r2: -6.951416015625
test_mae: 0.20898635685443878
✅ Checkpoint saved: /home/sagemaker-user/checkpoints/Exp1B_Wind_3e-4_epoch29.pth
💾 Checkpoint saved: Exp1B_Wind_3e-4_epoch29.pth
[2026-08-25 11:09:44] ================================================================================
[2026-08-25 11:09:44] ✅ Wind_3e-4 COMPLETED!
[2026-08-25 11:09:44] ⏱️  Variation time: 16.56 hours
[2026-08-25 11:09:44] ⏱️  Total elapsed: 16.56 hours
[2026-08-25 11:09:44] 📊 Estimated time remaining: 16.56 hours
[2026-08-25 11:09:44] ================================================================================

[2026-08-25 11:09:44] ================================================================================
[2026-08-25 11:09:44] VARIATION 7/8: Humidity_3e-4
[2026-08-25 11:09:44] Description: Base + Humidity (BEST in original Exp3)
[2026-08-25 11:09:44] Progress: 2/2 final variations
[2026-08-25 11:09:44] ================================================================================
[2026-08-25 11:09:44] Configuration:
[2026-08-25 11:09:44]   Variables: ['mean_pr', 'mean_tair', 'Mean Elevation', 'mean_hum']
[2026-08-25 11:09:44]   Learning rate: 0.0003
[2026-08-25 11:09:44]   Epochs: 30
[2026-08-25 11:09:44]   Train method: huc (spatial transfer)
[2026-08-25 11:09:44]   Device: cuda

[2026-08-25 11:09:44] ✅ GPU detected:
[2026-08-25 11:09:44]    Name: Tesla T4
[2026-08-25 11:09:44]    Memory: 15.64 GB

[2026-08-25 11:09:44] Starting training for Humidity_3e-4...
[2026-08-25 11:09:44] Estimated single variation time: ~16 hours
2026/08/25 11:10:28 INFO mlflow.tracking.fluent: Experiment with name 'Exp1B_Humidity_3e-4' does not exist. Creating a new experiment.
/home/sagemaker-user/.conda/envs/pytorch_p310/lib/python3.10/site-packages/torch/nn/modules/rnn.py:123: UserWarning: dropout option adds dropout after all but last recurrent layer, so non-zero dropout expects num_layers greater than 1, but got dropout=0.5 and num_layers=1
  warnings.warn(

number of sub units for training is 216
Epoch 0: Pre-training on multiple HUCs
Pre-training on HUC5: 170200110404
Pre-training on HUC10: 170200110203
Pre-training on HUC15: 170602070106
Pre-training on HUC20: 170103040604
Pre-training on HUC25: 170103040306
Pre-training on HUC30: 170200110406
Pre-training on HUC35: 170200110306
Pre-training on HUC40: 170602070203
Pre-training on HUC45: 170602080607
Pre-training on HUC50: 170200110111
Pre-training on HUC55: 171100051002
Pre-training on HUC60: 170602080107
Pre-training on HUC65: 170602070305
Pre-training on HUC70: 171100051103
Pre-training on HUC75: 170103020303
Pre-training on HUC80: 170200090104
Pre-training on HUC85: 170103040302
Pre-training on HUC90: 171100060105
Pre-training on HUC95: 171100050504
Pre-training on HUC100: 171100050601
Pre-training on HUC105: 170200110603
Pre-training on HUC110: 171100060205
Pre-training on HUC115: 170200110109
Pre-training on HUC120: 170602080603
Pre-training on HUC125: 171100090403
Pre-training on HUC130: 170602080104
Pre-training on HUC135: 171100060304
Pre-training on HUC140: 170200110602
Pre-training on HUC145: 171100060303
Pre-training on HUC150: 170103040803
Pre-training on HUC155: 170200090203
Pre-training on HUC160: 170602070402
evaluating on huc 170602080605
test_mse: 0.0014402659144252539
test_kge: 0.9294711074341674
test_r2: 0.9326199293136597
test_mae: 0.021444691345095634
evaluating on huc 170602080502
test_mse: 0.002861746121197939
test_kge: 0.9373713808438495
test_r2: 0.9648732542991638
test_mae: 0.03466092422604561
evaluating on huc 171100050801
test_mse: 0.04553592950105667
test_kge: 0.7156661924339647
test_r2: 0.8034619092941284
test_mae: 0.15163111686706543
evaluating on huc 171100060202
test_mse: 0.011019468307495117
test_kge: 0.8440571346888932
test_r2: 0.9415721297264099
test_mae: 0.06662634760141373
evaluating on huc 170602070901
test_mse: 0.006521721836179495
test_kge: 0.42334764119232315
test_r2: 0.5861424207687378
test_mae: 0.049794718623161316
evaluating on huc 170200090108
test_mse: 0.00638605048879981
test_kge: 0.8744702855906809
test_r2: 0.958737313747406
test_mae: 0.04968676343560219
evaluating on huc 170200090208
test_mse: 0.005640454590320587
test_kge: 0.79469848846122
test_r2: 0.8599036931991577
test_mae: 0.04512060433626175
evaluating on huc 170200110703
test_mse: 0.017982471734285355
test_kge: -0.04852193693192963
test_r2: -0.06455016136169434
test_mae: 0.08349518477916718
evaluating on huc 170602080302
test_mse: 0.0029923468828201294
test_kge: 0.7493794359989703
test_r2: 0.8664393424987793
test_mae: 0.033822715282440186
evaluating on huc 171100051004
test_mse: 0.06045820936560631
test_kge: 0.4784306251867373
test_r2: 0.6351117491722107
test_mae: 0.1411692351102829
evaluating on huc 171100060403
test_mse: 0.024657152593135834
test_kge: -0.4099787910226016
test_r2: -0.6855188608169556
test_mae: 0.09066729247570038
evaluating on huc 170200110501
test_mse: 0.0016099557979032397
test_kge: 0.9015170700137396
test_r2: 0.9139100313186646
test_mae: 0.02454218827188015
evaluating on huc 170103040601
test_mse: 0.004738507326692343
test_kge: 0.3576324516232593
test_r2: 0.5686813592910767
test_mae: 0.03836572542786598
evaluating on huc 170602070904
test_mse: 0.006592338439077139
test_kge: -0.23813289339322385
test_r2: -0.5002690553665161
test_mae: 0.04785463958978653
evaluating on huc 170200110502
test_mse: 0.008928149938583374
test_kge: 0.8515692913069549
test_r2: 0.898338794708252
test_mae: 0.05317119508981705
evaluating on huc 170200090106
test_mse: 0.013700062409043312
test_kge: 0.8738400921472458
test_r2: 0.9289421439170837
test_mae: 0.07312370091676712
evaluating on huc 171100060102
test_mse: 0.026722311973571777
test_kge: 0.7481445716976121
test_r2: 0.8814482092857361
test_mae: 0.10043498128652573
evaluating on huc 170602070603
test_mse: 0.010571617633104324
test_kge: 0.1906546609304135
test_r2: 0.37537384033203125
test_mae: 0.06779196858406067
evaluating on huc 170103020101
test_mse: 0.004979499150067568
test_kge: 0.6160484168629496
test_r2: 0.8358514308929443
test_mae: 0.04342096671462059
evaluating on huc 170602080412
test_mse: 0.0013234301004558802
test_kge: 0.8218501646374542
test_r2: 0.8705160021781921
test_mae: 0.020275000482797623
evaluating on huc 171100050603
test_mse: 0.0073939054273068905
test_kge: 0.8177410169695005
test_r2: 0.8796858787536621
test_mae: 0.055302172899246216
evaluating on huc 171100060402
test_mse: 0.018780119717121124
test_kge: 0.3833412549010685
test_r2: 0.5463978052139282
test_mae: 0.07777324318885803
evaluating on huc 170602070705
test_mse: 0.003962914925068617
test_kge: 0.5586468212001015
test_r2: 0.7010148763656616
test_mae: 0.035697802901268005
evaluating on huc 170602080505
test_mse: 0.001475929282605648
test_kge: 0.8461076040988931
test_r2: 0.9444737434387207
test_mae: 0.02451455034315586
evaluating on huc 170200110601
test_mse: 0.003660446498543024
test_kge: 0.1446491430781881
test_r2: 0.28760766983032227
test_mae: 0.03409341350197792
evaluating on huc 170200090202
test_mse: 0.01240986306220293
test_kge: 0.820758245541007
test_r2: 0.849102258682251
test_mae: 0.06914477050304413
evaluating on huc 170602071106
test_mse: 0.0023354198783636093
test_kge: 0.8385845761342695
test_r2: 0.9207843542098999
test_mae: 0.026371922343969345
evaluating on huc 171100050402
test_mse: 0.014211620204150677
test_kge: 0.7851006382070649
test_r2: 0.886254608631134
test_mae: 0.07205672562122345
evaluating on huc 170200110301
test_mse: 0.007647113408893347
test_kge: 0.9781410735084538
test_r2: 0.9573953151702881
test_mae: 0.05669035762548447
evaluating on huc 170103020302
test_mse: 0.0036284977104514837
test_kge: 0.7446949107793319
test_r2: 0.8768678307533264
test_mae: 0.035426121205091476
evaluating on huc 171100050705
test_mse: 0.012547381222248077
test_kge: 0.9328952321805113
test_r2: 0.896218478679657
test_mae: 0.07285920530557632
evaluating on huc 170103040701
test_mse: 0.0016474013682454824
test_kge: 0.9458814036483676
test_r2: 0.9597760438919067
test_mae: 0.022710707038640976
evaluating on huc 170602080206
test_mse: 0.004731607157737017
test_kge: 0.5608274682846957
test_r2: 0.7703078389167786
test_mae: 0.043132614344358444
evaluating on huc 170602070105
test_mse: 0.002868994604796171
test_kge: 0.9407130873110129
test_r2: 0.9328964948654175
test_mae: 0.033414583653211594
evaluating on huc 170200090209
test_mse: 0.013044734485447407
test_kge: 0.5590571715523502
test_r2: 0.7614890933036804
test_mae: 0.06713907420635223
evaluating on huc 170200090105
test_mse: 0.03444032743573189
test_kge: 0.7023850615283125
test_r2: 0.8578444719314575
test_mae: 0.12134332209825516
evaluating on huc 170602070701
test_mse: 0.007252364419400692
test_kge: 0.09374190382523606
test_r2: 0.19107186794281006
test_mae: 0.05365372076630592
evaluating on huc 170602080503
test_mse: 0.0021960469894111156
test_kge: 0.7881812921213631
test_r2: 0.9276686906814575
test_mae: 0.03050083853304386
evaluating on huc 171100050703
test_mse: 0.016153978183865547
test_kge: 0.8607095616745815
test_r2: 0.8637416958808899
test_mae: 0.08457885682582855
evaluating on huc 170200110403
test_mse: 0.008790898136794567
test_kge: 0.9449608719589876
test_r2: 0.9477388858795166
test_mae: 0.05854825675487518
evaluating on huc 171100090103
test_mse: 0.0314859077334404
test_kge: 0.6690876066556182
test_r2: 0.830715000629425
test_mae: 0.1169520765542984
evaluating on huc 170602070902
test_mse: 0.013652119785547256
test_kge: 0.2823051392801552
test_r2: 0.4615023732185364
test_mae: 0.07947584241628647
evaluating on huc 170200110101
test_mse: 0.03964384272694588
test_kge: 0.617319844279075
test_r2: 0.8193884491920471
test_mae: 0.1321774423122406
evaluating on huc 170103020102
test_mse: 0.007280266843736172
test_kge: 0.4664653824058158
test_r2: 0.7019960880279541
test_mae: 0.05289601907134056
evaluating on huc 170200110102
test_mse: 0.015905261039733887
test_kge: 0.7923706270856482
test_r2: 0.9171596169471741
test_mae: 0.07879289984703064
evaluating on huc 170103040901
test_mse: 0.0022942645009607077
test_kge: 0.6788758232819184
test_r2: 0.8369433879852295
test_mae: 0.02635345607995987
evaluating on huc 170200090302
test_mse: 0.0019509935518726707
test_kge: 0.6932196168377694
test_r2: 0.7606399059295654
test_mae: 0.028564319014549255
evaluating on huc 170602070802
test_mse: 0.0010461705969646573
test_kge: 0.8848697144593304
test_r2: 0.9352167844772339
test_mae: 0.019873924553394318
evaluating on huc 170602080108
test_mse: 0.007215481251478195
test_kge: 0.42981885914073537
test_r2: 0.6515854597091675
test_mae: 0.05344469100236893
evaluating on huc 170602070707
test_mse: 0.0051740314811468124
test_kge: -0.017406036837794403
test_r2: -0.0807945728302002
test_mae: 0.04173159971833229
evaluating on huc 170602070704
test_mse: 0.0018678219057619572
test_kge: 0.8576077170065426
test_r2: 0.8913641571998596
test_mae: 0.024151800200343132
evaluating on huc 170103040401
test_mse: 0.005401930306106806
test_kge: 0.6976093084541575
test_r2: 0.8754631280899048
test_mae: 0.04368540272116661
evaluating on huc 170602071107
test_mse: 0.004025010857731104
test_kge: -0.0735888622606653
test_r2: -0.04748260974884033
test_mae: 0.0366545245051384
evaluating on huc 170200110503
test_mse: 0.006924251094460487
test_kge: -0.12841085769419647
test_r2: -0.12562251091003418
test_mae: 0.047723207622766495
✅ Checkpoint saved: /home/sagemaker-user/checkpoints/Exp1B_Humidity_3e-4_epoch0.pth
2026/08/25 11:43:46 WARNING mlflow.utils.requirements_utils: Found torch version (2.5.1+cu121) contains a local version label (+cu121). MLflow logged a pip requirement for this package as 'torch==2.5.1' without the local version label to make it installable from PyPI. To specify pip requirements containing local version labels, please use `conda_env` or `pip_requirements`.
2026/08/25 11:43:50 WARNING mlflow.utils.requirements_utils: Found torch version (2.5.1+cu121) contains a local version label (+cu121). MLflow logged a pip requirement for this package as 'torch==2.5.1' without the local version label to make it installable from PyPI. To specify pip requirements containing local version labels, please use `conda_env` or `pip_requirements`.
2026/08/25 11:43:50 WARNING mlflow.models.model: Model logged without a signature and input example. Please set `input_example` parameter when logging the model to auto infer the model signature.
💾 Checkpoint saved: Exp1B_Humidity_3e-4_epoch0.pth
Epoch 1: Pre-training on multiple HUCs
Pre-training on HUC5: 170602070706
Pre-training on HUC10: 170602070203
Pre-training on HUC15: 171100050502
Pre-training on HUC20: 170200090201
Pre-training on HUC25: 170103040306
Pre-training on HUC30: 170200090110
Pre-training on HUC35: 171100051001
Pre-training on HUC40: 170602080608
Pre-training on HUC45: 170602080105
Pre-training on HUC50: 170200110304
Pre-training on HUC55: 171100090201
Pre-training on HUC60: 170602070801
Pre-training on HUC65: 171100050504
Pre-training on HUC70: 170602080504
Pre-training on HUC75: 170602070401
Pre-training on HUC80: 170602071104
Pre-training on HUC85: 170103040203
Pre-training on HUC90: 170602070502
Pre-training on HUC95: 171100050901
Pre-training on HUC100: 170602070403
Pre-training on HUC105: 171100050702
Pre-training on HUC110: 170103040804
Pre-training on HUC115: 170602080106
Pre-training on HUC120: 170200090104
Pre-training on HUC125: 170103040305
Pre-training on HUC130: 170602080101
Pre-training on HUC135: 171100060101
Pre-training on HUC140: 170602080607
Pre-training on HUC145: 170200110203
Pre-training on HUC150: 170602070306
Pre-training on HUC155: 170200110306
Pre-training on HUC160: 170103040606
evaluating on huc 170200110403
test_mse: 0.009765525348484516
test_kge: 0.8302356260529189
test_r2: 0.9419448375701904
test_mae: 0.06279975175857544
evaluating on huc 171100050402
test_mse: 0.016048505902290344
test_kge: 0.6759125937121169
test_r2: 0.8715527653694153
test_mae: 0.08637162297964096
evaluating on huc 170200110301
test_mse: 0.012641729786992073
test_kge: 0.7911999532915602
test_r2: 0.9295685291290283
test_mae: 0.06873685121536255
evaluating on huc 170200090202
test_mse: 0.005015372298657894
test_kge: 0.947262478410333
test_r2: 0.9390155673027039
test_mae: 0.04276260361075401
evaluating on huc 171100050705
test_mse: 0.013367488980293274
test_kge: 0.8117153369248481
test_r2: 0.8894352316856384
test_mae: 0.06965574622154236
evaluating on huc 171100060202
test_mse: 0.020647533237934113
test_kge: 0.6877141777254008
test_r2: 0.890521764755249
test_mae: 0.09516702592372894
evaluating on huc 170602070707
test_mse: 0.007590511813759804
test_kge: -0.2251019990637695
test_r2: -0.5855691432952881
test_mae: 0.051097918301820755
evaluating on huc 171100060402
test_mse: 0.004836041945964098
test_kge: 0.8329710709510422
test_r2: 0.8831935524940491
test_mae: 0.044712409377098083
evaluating on huc 170200090209
test_mse: 0.01848739944398403
test_kge: 0.4037625564080901
test_r2: 0.6619750261306763
test_mae: 0.08646702766418457
evaluating on huc 170103040701
test_mse: 0.004505033139139414
test_kge: 0.773351232999682
test_r2: 0.8900023698806763
test_mae: 0.040456049144268036
evaluating on huc 170103040601
test_mse: 0.001833833521232009
test_kge: 0.8335674708389678
test_r2: 0.8330768346786499
test_mae: 0.025159845128655434
evaluating on huc 170200110502
test_mse: 0.008989175781607628
test_kge: 0.7302951209431572
test_r2: 0.8976439237594604
test_mae: 0.06071457266807556
evaluating on huc 170200090108
test_mse: 0.014734556898474693
test_kge: 0.7147428547084698
test_r2: 0.9047943949699402
test_mae: 0.07787349820137024
evaluating on huc 170200110101
test_mse: 0.05900149792432785
test_kge: 0.4852524282517672
test_r2: 0.7311978340148926
test_mae: 0.16662351787090302
evaluating on huc 170200110601
test_mse: 0.0009972603293135762
test_kge: 0.8393821347830006
test_r2: 0.8059142231941223
test_mae: 0.017321404069662094
evaluating on huc 170200090105
test_mse: 0.05257166549563408
test_kge: 0.5594881132537128
test_r2: 0.7830057740211487
test_mae: 0.15886232256889343
evaluating on huc 170602080412
test_mse: 0.0023384219966828823
test_kge: 0.7239555686419177
test_r2: 0.7712094783782959
test_mae: 0.026835624128580093
evaluating on huc 170103020101
test_mse: 0.002465655328705907
test_kge: 0.844620280900064
test_r2: 0.918720006942749
test_mae: 0.029962655156850815
evaluating on huc 170602080108
test_mse: 0.0075198509730398655
test_kge: 0.5066653744010816
test_r2: 0.6368883848190308
test_mae: 0.05079920217394829
evaluating on huc 170602070701
test_mse: 0.009414153173565865
test_kge: 0.013659579977465586
test_r2: -0.05005383491516113
test_mae: 0.059715379029512405
evaluating on huc 171100050703
test_mse: 0.006952289491891861
test_kge: 0.9134333641337297
test_r2: 0.9413576722145081
test_mae: 0.05522890016436577
evaluating on huc 170602080302
test_mse: 0.003312990302219987
test_kge: 0.8203240222079817
test_r2: 0.8521277904510498
test_mae: 0.03375207260251045
evaluating on huc 171100051004
test_mse: 0.08354846388101578
test_kge: 0.3325548619497197
test_r2: 0.49575328826904297
test_mae: 0.16150116920471191
evaluating on huc 170602080206
test_mse: 0.005493535194545984
test_kge: 0.6457778082794016
test_r2: 0.7333206534385681
test_mae: 0.0434587262570858
evaluating on huc 171100050603
test_mse: 0.00462674954906106
test_kge: 0.8964569346955146
test_r2: 0.9247132539749146
test_mae: 0.04170256108045578
evaluating on huc 170602080503
test_mse: 0.0035028511192649603
test_kge: 0.8737590595317768
test_r2: 0.8846263885498047
test_mae: 0.035491492599248886
evaluating on huc 170200090106
test_mse: 0.024054953828454018
test_kge: 0.7029042557881455
test_r2: 0.8752346038818359
test_mae: 0.09974177181720734
evaluating on huc 171100050801
test_mse: 0.05625612661242485
test_kge: 0.5866778688403791
test_r2: 0.7571923732757568
test_mae: 0.17879052460193634
evaluating on huc 170200110703
test_mse: 0.011845789849758148
test_kge: 0.21939868066058021
test_r2: 0.29873722791671753
test_mae: 0.06500989943742752
evaluating on huc 170602080605
test_mse: 0.0027243257500231266
test_kge: 0.918467480342291
test_r2: 0.8725476264953613
test_mae: 0.03154003247618675
evaluating on huc 170602080505
test_mse: 0.0028693063650280237
test_kge: 0.890814928170411
test_r2: 0.8920531868934631
test_mae: 0.03325105085968971
evaluating on huc 170602080502
test_mse: 0.0057419841177761555
test_kge: 0.8338022002374265
test_r2: 0.929519534111023
test_mae: 0.048341285437345505
evaluating on huc 170602071106
test_mse: 0.0026405598036944866
test_kge: 0.7726101356412127
test_r2: 0.9104342460632324
test_mae: 0.029600774869322777
evaluating on huc 170200110503
test_mse: 0.00100491545163095
test_kge: 0.9055110758615422
test_r2: 0.8366385698318481
test_mae: 0.017803216353058815
evaluating on huc 170602070704
test_mse: 0.0014763999497517943
test_kge: 0.925578041076941
test_r2: 0.914129912853241
test_mae: 0.02383679524064064
evaluating on huc 170602070904
test_mse: 0.008971121162176132
test_kge: -0.4390941874634955
test_r2: -1.0416269302368164
test_mae: 0.05619538202881813
evaluating on huc 170602070105
test_mse: 0.0024293549358844757
test_kge: 0.8335117334148973
test_r2: 0.9431793093681335
test_mae: 0.031541768461465836
evaluating on huc 170103040401
test_mse: 0.003390285186469555
test_kge: 0.9143706728108258
test_r2: 0.9218398332595825
test_mae: 0.03564232587814331
evaluating on huc 171100060102
test_mse: 0.04307395592331886
test_kge: 0.5777478462886998
test_r2: 0.8089052438735962
test_mae: 0.1404504030942917
evaluating on huc 171100090103
test_mse: 0.046709731221199036
test_kge: 0.5180683872382604
test_r2: 0.7488636374473572
test_mae: 0.14587180316448212
evaluating on huc 170602070603
test_mse: 0.012384084984660149
test_kge: 0.20156203903229042
test_r2: 0.2682838439941406
test_mae: 0.0704384446144104
evaluating on huc 170200090302
test_mse: 0.00227674120105803
test_kge: 0.5596596763444042
test_r2: 0.7206751704216003
test_mae: 0.03125554695725441
evaluating on huc 170103020302
test_mse: 0.0025006819050759077
test_kge: 0.916031508205942
test_r2: 0.9151399731636047
test_mae: 0.029412833973765373
evaluating on huc 170200110102
test_mse: 0.02821117453277111
test_kge: 0.635366022892822
test_r2: 0.8530659079551697
test_mae: 0.11403033882379532
evaluating on huc 170200090208
test_mse: 0.0027203711215406656
test_kge: 0.9134771343113383
test_r2: 0.9324320554733276
test_mae: 0.03165841102600098
evaluating on huc 170602070902
test_mse: 0.012696215882897377
test_kge: 0.436694516842012
test_r2: 0.4992073178291321
test_mae: 0.06903939694166183
evaluating on huc 170103020102
test_mse: 0.0038450888823717833
test_kge: 0.7056141630281476
test_r2: 0.8426085710525513
test_mae: 0.03797705098986626
evaluating on huc 171100060403
test_mse: 0.006186467595398426
test_kge: 0.32782718048422654
test_r2: 0.5771041512489319
test_mae: 0.05063767731189728
evaluating on huc 170200110501
test_mse: 0.0014763871440663934
test_kge: 0.8384279413432869
test_r2: 0.9210523962974548
test_mae: 0.022695694118738174
evaluating on huc 170602070705
test_mse: 0.00676962174475193
test_kge: 0.4446060729895256
test_r2: 0.489260733127594
test_mae: 0.04639546945691109
evaluating on huc 170602071107
test_mse: 0.004933966789394617
test_kge: -0.16787913541131405
test_r2: -0.2840324640274048
test_mae: 0.04145915433764458
evaluating on huc 170602070901
test_mse: 0.009978529997169971
test_kge: 0.33652724616455076
test_r2: 0.3667792081832886
test_mae: 0.05873721465468407
evaluating on huc 170602070802
test_mse: 0.0028661880642175674
test_kge: 0.8000362972738907
test_r2: 0.8225138187408447
test_mae: 0.03121967799961567
evaluating on huc 170103040901
test_mse: 0.0014344832161441445
test_kge: 0.8249103555876763
test_r2: 0.8980492353439331
test_mae: 0.0223682913929224
✅ Checkpoint saved: /home/sagemaker-user/checkpoints/Exp1B_Humidity_3e-4_epoch1.pth
2026/08/25 12:16:56 WARNING mlflow.utils.requirements_utils: Found torch version (2.5.1+cu121) contains a local version label (+cu121). MLflow logged a pip requirement for this package as 'torch==2.5.1' without the local version label to make it installable from PyPI. To specify pip requirements containing local version labels, please use `conda_env` or `pip_requirements`.
2026/08/25 12:16:59 WARNING mlflow.utils.requirements_utils: Found torch version (2.5.1+cu121) contains a local version label (+cu121). MLflow logged a pip requirement for this package as 'torch==2.5.1' without the local version label to make it installable from PyPI. To specify pip requirements containing local version labels, please use `conda_env` or `pip_requirements`.
2026/08/25 12:16:59 WARNING mlflow.models.model: Model logged without a signature and input example. Please set `input_example` parameter when logging the model to auto infer the model signature.
💾 Checkpoint saved: Exp1B_Humidity_3e-4_epoch1.pth
Epoch 2: Pre-training on multiple HUCs
Pre-training on HUC5: 171100050405
Pre-training on HUC10: 170200110602
Pre-training on HUC15: 170200110106
Pre-training on HUC20: 170103040301
Pre-training on HUC25: 170602080105
Pre-training on HUC30: 170200110406
Pre-training on HUC35: 171100050707
Pre-training on HUC40: 170602070304
Pre-training on HUC45: 170103040801
Pre-training on HUC50: 171100050702
Pre-training on HUC55: 171100090202
Pre-training on HUC60: 170103040201
Pre-training on HUC65: 171100051005
Pre-training on HUC70: 170602080402
Pre-training on HUC75: 170602070703
Pre-training on HUC80: 170103040304
Pre-training on HUC85: 171100060204
Pre-training on HUC90: 170200090113
Pre-training on HUC95: 171100050805
Pre-training on HUC100: 170602080603
Pre-training on HUC105: 170200090102
Pre-training on HUC110: 171100050901
Pre-training on HUC115: 170602080406
Pre-training on HUC120: 170103040101
Pre-training on HUC125: 171100051101
Pre-training on HUC130: 171100050604
Pre-training on HUC135: 170602070302
Pre-training on HUC140: 171100050701
Pre-training on HUC145: 170103040703
Pre-training on HUC150: 171100090501
Pre-training on HUC155: 170200110702
Pre-training on HUC160: 170103040502
evaluating on huc 170200110503
test_mse: 0.0021053794771432877
test_kge: 0.37493685180902625
test_r2: 0.6577445864677429
test_mae: 0.026015998795628548
evaluating on huc 171100050603
test_mse: 0.015308579429984093
test_kge: 0.6205903554420018
test_r2: 0.7508977651596069
test_mae: 0.0750274509191513
evaluating on huc 170602080412
test_mse: 0.0007948506972752512
test_kge: 0.8682381216017819
test_r2: 0.9222320318222046
test_mae: 0.01698058284819126
evaluating on huc 170103040401
test_mse: 0.004620181396603584
test_kge: 0.7438935531750144
test_r2: 0.8934856653213501
test_mae: 0.03845817968249321
evaluating on huc 170103020101
test_mse: 0.001638134941458702
test_kge: 0.82954463201229
test_r2: 0.9459990859031677
test_mae: 0.024615230038762093
evaluating on huc 170200110301
test_mse: 0.02211819775402546
test_kge: 0.7042555600807672
test_r2: 0.876771867275238
test_mae: 0.09809958189725876
evaluating on huc 170602070705
test_mse: 0.0020422295201569796
test_kge: 0.8025869758919185
test_r2: 0.8459224700927734
test_mae: 0.023601936176419258
evaluating on huc 170200110403
test_mse: 0.021251074969768524
test_kge: 0.6965773270934275
test_r2: 0.8736642599105835
test_mae: 0.08714760839939117
evaluating on huc 170602070902
test_mse: 0.007714398670941591
test_kge: 0.4993008686647633
test_r2: 0.6957113742828369
test_mae: 0.05686930567026138
evaluating on huc 170602070603
test_mse: 0.005345967132598162
test_kge: 0.44617236052375053
test_r2: 0.68413245677948
test_mae: 0.04554492235183716
evaluating on huc 170602080605
test_mse: 0.0011059085372835398
test_kge: 0.9100394057194272
test_r2: 0.9482621550559998
test_mae: 0.0187836866825819
evaluating on huc 171100050703
test_mse: 0.022376134991645813
test_kge: 0.7082276247524065
test_r2: 0.8112579584121704
test_mae: 0.09417913854122162
evaluating on huc 171100050801
test_mse: 0.09867021441459656
test_kge: 0.4629836177980783
test_r2: 0.5741284489631653
test_mae: 0.23837687075138092
evaluating on huc 170602071106
test_mse: 0.004653612617403269
test_kge: 0.6431769029782127
test_r2: 0.8421530723571777
test_mae: 0.040375966578722
evaluating on huc 170602070901
test_mse: 0.004019023850560188
test_kge: 0.6350332902813116
test_r2: 0.7449594736099243
test_mae: 0.03407151997089386
evaluating on huc 170200090108
test_mse: 0.025762973353266716
test_kge: 0.6187083161597378
test_r2: 0.8335356116294861
test_mae: 0.10859518498182297
evaluating on huc 170103040601
test_mse: 0.0026193016674369574
test_kge: 0.5269789855185234
test_r2: 0.761580228805542
test_mae: 0.028721489012241364
evaluating on huc 170602070704
test_mse: 0.002969560446217656
test_kge: 0.6501883381081552
test_r2: 0.8272850513458252
test_mae: 0.03629613667726517
evaluating on huc 170602080108
test_mse: 0.005028842482715845
test_kge: 0.5516040283978942
test_r2: 0.7571718692779541
test_mae: 0.042474258691072464
evaluating on huc 170602080206
test_mse: 0.003543526865541935
test_kge: 0.6493008859410809
test_r2: 0.8279823064804077
test_mae: 0.034837570041418076
evaluating on huc 170200090105
test_mse: 0.08314256370067596
test_kge: 0.4595514989675533
test_r2: 0.6568216681480408
test_mae: 0.20516523718833923
evaluating on huc 171100090103
test_mse: 0.09928771108388901
test_kge: 0.305220838622015
test_r2: 0.46617645025253296
test_mae: 0.21943923830986023
evaluating on huc 170602080302
test_mse: 0.001939087058417499
test_kge: 0.856876165920129
test_r2: 0.9134506583213806
test_mae: 0.025098051875829697
evaluating on huc 171100060402
test_mse: 0.011843323707580566
test_kge: 0.5101843393386061
test_r2: 0.7139444351196289
test_mae: 0.05855327844619751
evaluating on huc 170103020102
test_mse: 0.0011477058287709951
test_kge: 0.9363139754439795
test_r2: 0.9530208706855774
test_mae: 0.019318202510476112
evaluating on huc 170103040901
test_mse: 0.004651694558560848
test_kge: 0.34578608072449735
test_r2: 0.6693974733352661
test_mae: 0.03962656855583191
evaluating on huc 170200090208
test_mse: 0.002830170327797532
test_kge: 0.9296229336812777
test_r2: 0.9297049045562744
test_mae: 0.029912292957305908
evaluating on huc 170200090106
test_mse: 0.03529436141252518
test_kge: 0.6120169037341672
test_r2: 0.8169393539428711
test_mae: 0.12571634352207184
evaluating on huc 171100050705
test_mse: 0.03286084905266762
test_kge: 0.5745133380124957
test_r2: 0.7282024025917053
test_mae: 0.11448359489440918
evaluating on huc 170200110601
test_mse: 0.001669382443651557
test_kge: 0.370268411801719
test_r2: 0.6751065254211426
test_mae: 0.022655939683318138
evaluating on huc 170602070904
test_mse: 0.0021256678737699986
test_kge: 0.39709145339664365
test_r2: 0.516245424747467
test_mae: 0.02508811466395855
evaluating on huc 171100050402
test_mse: 0.02778247557580471
test_kge: 0.5942356705908199
test_r2: 0.7776377201080322
test_mae: 0.10816433280706406
evaluating on huc 171100060202
test_mse: 0.03932752460241318
test_kge: 0.5770213060363885
test_r2: 0.7914758920669556
test_mae: 0.1369725465774536
evaluating on huc 170200090202
test_mse: 0.00970208365470171
test_kge: 0.8698576136488043
test_r2: 0.8820275068283081
test_mae: 0.056739456951618195
evaluating on huc 170602070701
test_mse: 0.002954025287181139
test_kge: 0.4704378166604146
test_r2: 0.6705082654953003
test_mae: 0.030342327430844307
evaluating on huc 170200090209
test_mse: 0.03594028577208519
test_kge: 0.16239276499585498
test_r2: 0.34286510944366455
test_mae: 0.12109135091304779
evaluating on huc 170602071107
test_mse: 0.0011236261343583465
test_kge: 0.5524306280473246
test_r2: 0.7075836658477783
test_mae: 0.01718267984688282
evaluating on huc 170200090302
test_mse: 0.007555854041129351
test_kge: 0.0145374111676847
test_r2: 0.07300060987472534
test_mae: 0.059444814920425415
evaluating on huc 170602070707
test_mse: 0.001545760198496282
test_kge: 0.5466653275813195
test_r2: 0.6771087646484375
test_mae: 0.02097386308014393
evaluating on huc 170200110502
test_mse: 0.01877795346081257
test_kge: 0.6153728642783673
test_r2: 0.7861831188201904
test_mae: 0.0854107066988945
evaluating on huc 170200110102
test_mse: 0.049460358917713165
test_kge: 0.5295773993405914
test_r2: 0.7423924207687378
test_mae: 0.1561431735754013
evaluating on huc 170200110703
test_mse: 0.0028957028407603502
test_kge: 0.7306522429200903
test_r2: 0.8285763263702393
test_mae: 0.029551038518548012
evaluating on huc 170103020302
test_mse: 0.004593381192535162
test_kge: 0.6544289489936864
test_r2: 0.8441247344017029
test_mae: 0.03866789489984512
evaluating on huc 170602070105
test_mse: 0.002658060286194086
test_kge: 0.8632358422980295
test_r2: 0.9378300905227661
test_mae: 0.02892804704606533
evaluating on huc 171100060102
test_mse: 0.09048333764076233
test_kge: 0.4000726275344829
test_r2: 0.5985766053199768
test_mae: 0.20518478751182556
evaluating on huc 170103040701
test_mse: 0.008419085294008255
test_kge: 0.499898489798941
test_r2: 0.7944344878196716
test_mae: 0.05615217611193657
evaluating on huc 170200110101
test_mse: 0.09375883638858795
test_kge: 0.3698176873294391
test_r2: 0.5728484988212585
test_mae: 0.21091066300868988
evaluating on huc 171100060403
test_mse: 0.0029104393906891346
test_kge: 0.7501922708938606
test_r2: 0.8010475635528564
test_mae: 0.030743569135665894
evaluating on huc 170602080502
test_mse: 0.004459901247173548
test_kge: 0.8442045072863779
test_r2: 0.9452565908432007
test_mae: 0.03794097155332565
evaluating on huc 171100051004
test_mse: 0.12786772847175598
test_kge: 0.11943781217870775
test_r2: 0.22826969623565674
test_mae: 0.21694284677505493
evaluating on huc 170200110501
test_mse: 0.005662608426064253
test_kge: 0.42701296569464575
test_r2: 0.6972005367279053
test_mae: 0.05017464980483055
evaluating on huc 170602080503
test_mse: 0.0009745763381943107
test_kge: 0.9283106390846195
test_r2: 0.9679003357887268
test_mae: 0.018253527581691742
evaluating on huc 170602080505
test_mse: 0.0007317087729461491
test_kge: 0.9567549195422091
test_r2: 0.9724722504615784
test_mae: 0.01597190648317337
evaluating on huc 170602070802
test_mse: 0.0006601443747058511
test_kge: 0.9544412032583408
test_r2: 0.9591211676597595
test_mae: 0.014630132354795933
✅ Checkpoint saved: /home/sagemaker-user/checkpoints/Exp1B_Humidity_3e-4_epoch2.pth
2026/08/25 12:50:10 WARNING mlflow.utils.requirements_utils: Found torch version (2.5.1+cu121) contains a local version label (+cu121). MLflow logged a pip requirement for this package as 'torch==2.5.1' without the local version label to make it installable from PyPI. To specify pip requirements containing local version labels, please use `conda_env` or `pip_requirements`.
2026/08/25 12:50:13 WARNING mlflow.utils.requirements_utils: Found torch version (2.5.1+cu121) contains a local version label (+cu121). MLflow logged a pip requirement for this package as 'torch==2.5.1' without the local version label to make it installable from PyPI. To specify pip requirements containing local version labels, please use `conda_env` or `pip_requirements`.
2026/08/25 12:50:13 WARNING mlflow.models.model: Model logged without a signature and input example. Please set `input_example` parameter when logging the model to auto infer the model signature.
💾 Checkpoint saved: Exp1B_Humidity_3e-4_epoch2.pth
Epoch 3: Pre-training on multiple HUCs
Pre-training on HUC5: 170103040804
Pre-training on HUC10: 171100050502
Pre-training on HUC15: 170602070403
Pre-training on HUC20: 170602080409
Pre-training on HUC25: 170602080204
Pre-training on HUC30: 170200110602
Pre-training on HUC35: 170103020303
Pre-training on HUC40: 170103020103
Pre-training on HUC45: 170200110108
Pre-training on HUC50: 170602070903
Pre-training on HUC55: 171100051003
Pre-training on HUC60: 170103040503
Pre-training on HUC65: 170602080403
Pre-training on HUC70: 171100051002
Pre-training on HUC75: 170200090110
Pre-training on HUC80: 170602070803
Pre-training on HUC85: 171100050708
Pre-training on HUC90: 170103040501
Pre-training on HUC95: 170200090113
Pre-training on HUC100: 170602070304
Pre-training on HUC105: 170602070602
Pre-training on HUC110: 170602080202
Pre-training on HUC115: 171100050504
Pre-training on HUC120: 170602080405
Pre-training on HUC125: 171100050904
Pre-training on HUC130: 171100051102
Pre-training on HUC135: 171100060304
Pre-training on HUC140: 171100050706
Pre-training on HUC145: 171100050601
Pre-training on HUC150: 170200090201
Pre-training on HUC155: 170103040607
Pre-training on HUC160: 170602070401
evaluating on huc 171100060202
test_mse: 0.004385443404316902
test_kge: 0.9146517038226187
test_r2: 0.9767473340034485
test_mae: 0.04104609787464142
evaluating on huc 170200090209
test_mse: 0.01753808930516243
test_kge: 0.4344741029783139
test_r2: 0.6793322563171387
test_mae: 0.08137013763189316
evaluating on huc 170602080605
test_mse: 0.0013468671822920442
test_kge: 0.8701031911385749
test_r2: 0.9369893670082092
test_mae: 0.02255159057676792
evaluating on huc 170602080206
test_mse: 0.0028983012307435274
test_kge: 0.7200899276227164
test_r2: 0.8593042492866516
test_mae: 0.030400700867176056
evaluating on huc 170200090106
test_mse: 0.005472489167004824
test_kge: 0.9416864851268512
test_r2: 0.9716159105300903
test_mae: 0.048245254904031754
evaluating on huc 170602070901
test_mse: 0.007539302576333284
test_kge: 0.39893690812434135
test_r2: 0.5215684771537781
test_mae: 0.05177722126245499
evaluating on huc 171100050603
test_mse: 0.004504804499447346
test_kge: 0.9492646533676142
test_r2: 0.9266974925994873
test_mae: 0.04120965301990509
evaluating on huc 170103040901
test_mse: 0.0010780838783830404
test_kge: 0.8994979087321754
test_r2: 0.9233790636062622
test_mae: 0.01862015761435032
evaluating on huc 170602070707
test_mse: 0.0037249531596899033
test_kge: 0.137326659194143
test_r2: 0.22190088033676147
test_mae: 0.03610697016119957
evaluating on huc 170602080505
test_mse: 0.0010392232798039913
test_kge: 0.9131184257620316
test_r2: 0.9609031677246094
test_mae: 0.019373849034309387
evaluating on huc 171100060102
test_mse: 0.019400697201490402
test_kge: 0.7654704134746156
test_r2: 0.9139300584793091
test_mae: 0.0863691046833992
evaluating on huc 170200110502
test_mse: 0.006173561792820692
test_kge: 0.8736633963981488
test_r2: 0.9297041893005371
test_mae: 0.04563535004854202
evaluating on huc 170200090302
test_mse: 0.0030209387186914682
test_kge: 0.4223583281740223
test_r2: 0.6293723583221436
test_mae: 0.036855850368738174
evaluating on huc 170200110101
test_mse: 0.031052494421601295
test_kge: 0.6483536051368541
test_r2: 0.8585293889045715
test_mae: 0.11906842142343521
evaluating on huc 171100060403
test_mse: 0.0052313548512756824
test_kge: 0.38638024987883157
test_r2: 0.642393946647644
test_mae: 0.04428327828645706
evaluating on huc 170200110102
test_mse: 0.008238294161856174
test_kge: 0.8460174160313493
test_r2: 0.9570919871330261
test_mae: 0.05906195193529129
evaluating on huc 171100050801
test_mse: 0.024898868054151535
test_kge: 0.8017241210726067
test_r2: 0.8925337195396423
test_mae: 0.11387841403484344
evaluating on huc 170103040601
test_mse: 0.0013325873296707869
test_kge: 0.7699876389552409
test_r2: 0.8787023425102234
test_mae: 0.020812854170799255
evaluating on huc 171100050705
test_mse: 0.012383685447275639
test_kge: 0.9468115072087544
test_r2: 0.8975724577903748
test_mae: 0.06810471415519714
evaluating on huc 170200110301
test_mse: 0.006147162988781929
test_kge: 0.9382680517712239
test_r2: 0.9657520055770874
test_mae: 0.05014387145638466
evaluating on huc 170103020101
test_mse: 0.0028868175577372313
test_kge: 0.744548721263071
test_r2: 0.9048364162445068
test_mae: 0.032180119305849075
evaluating on huc 170602080412
test_mse: 0.00049490638775751
test_kge: 0.9685644489569232
test_r2: 0.9515784978866577
test_mae: 0.01290295273065567
evaluating on huc 170602080108
test_mse: 0.0053451573476195335
test_kge: 0.5319602833357824
test_r2: 0.7418979406356812
test_mae: 0.04332470893859863
evaluating on huc 171100050402
test_mse: 0.009252925403416157
test_kge: 0.8242148089742121
test_r2: 0.9259424805641174
test_mae: 0.057354915887117386
evaluating on huc 170200110601
test_mse: 0.0008714541327208281
test_kge: 0.7603205376074356
test_r2: 0.8303984999656677
test_mae: 0.015874341130256653
evaluating on huc 170602070802
test_mse: 0.0009991098195314407
test_kge: 0.9523995564423432
test_r2: 0.9381309747695923
test_mae: 0.018422001972794533
evaluating on huc 170602071106
test_mse: 0.002107975771650672
test_kge: 0.7610592885743965
test_r2: 0.9284991025924683
test_mae: 0.028407230973243713
evaluating on huc 170200110503
test_mse: 0.000948838540352881
test_kge: 0.7817253203380348
test_r2: 0.8457546234130859
test_mae: 0.017316361889243126
evaluating on huc 170602070705
test_mse: 0.004104735795408487
test_kge: 0.573784636121994
test_r2: 0.6903151273727417
test_mae: 0.035683728754520416
evaluating on huc 171100050703
test_mse: 0.014780418016016483
test_kge: 0.804140379055194
test_r2: 0.8753275871276855
test_mae: 0.07696911692619324
evaluating on huc 171100090103
test_mse: 0.033973902463912964
test_kge: 0.6349697038837497
test_r2: 0.817338228225708
test_mae: 0.12040109932422638
evaluating on huc 170103040401
test_mse: 0.003264741273596883
test_kge: 0.8536849282179574
test_r2: 0.9247341752052307
test_mae: 0.03371608257293701
evaluating on huc 170200110501
test_mse: 0.0010537724010646343
test_kge: 0.8702718621872185
test_r2: 0.9436510801315308
test_mae: 0.019855894148349762
evaluating on huc 170602070603
test_mse: 0.01111788209527731
test_kge: 0.19935420190761155
test_r2: 0.3430976867675781
test_mae: 0.06772971153259277
evaluating on huc 171100051004
test_mse: 0.07828827202320099
test_kge: 0.37474627144979944
test_r2: 0.5275005102157593
test_mae: 0.1543477326631546
evaluating on huc 170200090105
test_mse: 0.0197446309030056
test_kge: 0.7585153501722028
test_r2: 0.9185022711753845
test_mae: 0.0955253466963768
evaluating on huc 170200110403
test_mse: 0.006715357769280672
test_kge: 0.9004549880376804
test_r2: 0.9600778222084045
test_mae: 0.053737398236989975
evaluating on huc 170602070105
test_mse: 0.0016448143869638443
test_kge: 0.9255015225176587
test_r2: 0.9615290760993958
test_mae: 0.02434168942272663
evaluating on huc 170103020302
test_mse: 0.001883776974864304
test_kge: 0.9294950050499456
test_r2: 0.9360744953155518
test_mae: 0.02582051418721676
evaluating on huc 170200090208
test_mse: 0.004479287192225456
test_kge: 0.7795151709004119
test_r2: 0.8887444734573364
test_mae: 0.04129358008503914
evaluating on huc 170103020102
test_mse: 0.004368922207504511
test_kge: 0.603924048647013
test_r2: 0.821166455745697
test_mae: 0.04057185351848602
evaluating on huc 170103040701
test_mse: 0.002099590841680765
test_kge: 0.8519242019918407
test_r2: 0.9487351179122925
test_mae: 0.027275895699858665
evaluating on huc 171100060402
test_mse: 0.0035130586475133896
test_kge: 0.8777447203193316
test_r2: 0.9151479601860046
test_mae: 0.03466305509209633
evaluating on huc 170602070902
test_mse: 0.012155374512076378
test_kge: 0.3729732835192351
test_r2: 0.5205404162406921
test_mae: 0.07013121247291565
evaluating on huc 170200090108
test_mse: 0.003966785967350006
test_kge: 0.9261156235599536
test_r2: 0.9743691086769104
test_mae: 0.038664501160383224
evaluating on huc 170602080503
test_mse: 0.0017471315804868937
test_kge: 0.8797588153793836
test_r2: 0.9424546360969543
test_mae: 0.024352723732590675
evaluating on huc 170602070701
test_mse: 0.0066079311072826385
test_kge: 0.1379023706546625
test_r2: 0.26295191049575806
test_mae: 0.05048621818423271
evaluating on huc 170602070904
test_mse: 0.00508782546967268
test_kge: -0.09878342371487081
test_r2: -0.15787553787231445
test_mae: 0.04329080879688263
evaluating on huc 170602071107
test_mse: 0.002131831366568804
test_kge: 0.2244147336334723
test_r2: 0.4452049136161804
test_mae: 0.0274939127266407
evaluating on huc 170602070704
test_mse: 0.0013549953000620008
test_kge: 0.7991695776597492
test_r2: 0.9211910367012024
test_mae: 0.023313745856285095
evaluating on huc 170602080302
test_mse: 0.0015070987865328789
test_kge: 0.8551787487060861
test_r2: 0.9327320456504822
test_mae: 0.02153024636209011
evaluating on huc 170200090202
test_mse: 0.009980196133255959
test_kge: 0.7950472669855506
test_r2: 0.8786457777023315
test_mae: 0.06038161367177963
evaluating on huc 170200110703
test_mse: 0.01310465857386589
test_kge: 0.11613563765043566
test_r2: 0.22421300411224365
test_mae: 0.07156793773174286
evaluating on huc 170602080502
test_mse: 0.001734828227199614
test_kge: 0.9726424129523544
test_r2: 0.9787057042121887
test_mae: 0.02462529018521309
✅ Checkpoint saved: /home/sagemaker-user/checkpoints/Exp1B_Humidity_3e-4_epoch3.pth
2026/08/25 13:23:18 WARNING mlflow.utils.requirements_utils: Found torch version (2.5.1+cu121) contains a local version label (+cu121). MLflow logged a pip requirement for this package as 'torch==2.5.1' without the local version label to make it installable from PyPI. To specify pip requirements containing local version labels, please use `conda_env` or `pip_requirements`.
2026/08/25 13:23:22 WARNING mlflow.utils.requirements_utils: Found torch version (2.5.1+cu121) contains a local version label (+cu121). MLflow logged a pip requirement for this package as 'torch==2.5.1' without the local version label to make it installable from PyPI. To specify pip requirements containing local version labels, please use `conda_env` or `pip_requirements`.
2026/08/25 13:23:22 WARNING mlflow.models.model: Model logged without a signature and input example. Please set `input_example` parameter when logging the model to auto infer the model signature.
💾 Checkpoint saved: Exp1B_Humidity_3e-4_epoch3.pth
Epoch 4: Pre-training on multiple HUCs
Pre-training on HUC5: 170602070502
Pre-training on HUC10: 170602080407
Pre-training on HUC15: 170200090304
Pre-training on HUC20: 170103040101
Pre-training on HUC25: 170103040607
Pre-training on HUC30: 170200090203
Pre-training on HUC35: 170200110402
Pre-training on HUC40: 171100050904
Pre-training on HUC45: 170200110105
Pre-training on HUC50: 170103040803
Pre-training on HUC55: 171100060301
Pre-training on HUC60: 171100050804
Pre-training on HUC65: 170602070201
Pre-training on HUC70: 170602080402
Pre-training on HUC75: 170200110306
Pre-training on HUC80: 170103040304
Pre-training on HUC85: 170200110405
Pre-training on HUC90: 170602080608
Pre-training on HUC95: 170103040402
Pre-training on HUC100: 170103020202
Pre-training on HUC105: 171100090302
Pre-training on HUC110: 170200110404
Pre-training on HUC115: 170103040305
Pre-training on HUC120: 171100060205
Pre-training on HUC125: 170602080601
Pre-training on HUC130: 170602070205
Pre-training on HUC135: 170200110602
Pre-training on HUC140: 170103040703
Pre-training on HUC145: 170103040804
Pre-training on HUC150: 171100060103
Pre-training on HUC155: 170602070301
Pre-training on HUC160: 171100050405
evaluating on huc 170200090302
test_mse: 0.0030723330564796925
test_kge: 0.43507680243046476
test_r2: 0.6230669617652893
test_mae: 0.03754222393035889
evaluating on huc 170200110503
test_mse: 0.001689608208835125
test_kge: 0.7290713934566893
test_r2: 0.7253333330154419
test_mae: 0.022054269909858704
evaluating on huc 170602070603
test_mse: 0.008660300634801388
test_kge: 0.3534943354164587
test_r2: 0.4883044362068176
test_mae: 0.05350608378648758
evaluating on huc 170602070902
test_mse: 0.008851034566760063
test_kge: 0.5232166525623103
test_r2: 0.6508775949478149
test_mae: 0.054823074489831924
evaluating on huc 170200090202
test_mse: 0.005293353460729122
test_kge: 0.9354303751974579
test_r2: 0.9356354475021362
test_mae: 0.0446828193962574
evaluating on huc 170103020101
test_mse: 0.0027165168430656195
test_kge: 0.8264997319826964
test_r2: 0.9104503989219666
test_mae: 0.028598684817552567
evaluating on huc 170602070705
test_mse: 0.004137618467211723
test_kge: 0.6331472288333315
test_r2: 0.6878342628479004
test_mae: 0.03282744064927101
evaluating on huc 171100050703
test_mse: 0.006422650068998337
test_kge: 0.9621186656942171
test_r2: 0.9458251595497131
test_mae: 0.05155426636338234
evaluating on huc 170602080605
test_mse: 0.0014673172263428569
test_kge: 0.8938287428691096
test_r2: 0.9313544034957886
test_mae: 0.02285597287118435
evaluating on huc 170200090105
test_mse: 0.04071579873561859
test_kge: 0.6272115434762038
test_r2: 0.8319419026374817
test_mae: 0.1435713917016983
evaluating on huc 170200110501
test_mse: 0.0019814358092844486
test_kge: 0.8413948681302891
test_r2: 0.8940457105636597
test_mae: 0.026734385639429092
evaluating on huc 170200110403
test_mse: 0.010825459845364094
test_kge: 0.8906321450991672
test_r2: 0.9356436133384705
test_mae: 0.06452875584363937
evaluating on huc 170103020302
test_mse: 0.001967343734577298
test_kge: 0.9452541326826163
test_r2: 0.933238685131073
test_mae: 0.025447094812989235
evaluating on huc 170602080412
test_mse: 0.0012757725780829787
test_kge: 0.9028061797531176
test_r2: 0.8751788139343262
test_mae: 0.019936516880989075
evaluating on huc 170602080206
test_mse: 0.0027555285487324
test_kge: 0.7438905733524129
test_r2: 0.8662350177764893
test_mae: 0.028013188391923904
evaluating on huc 171100090103
test_mse: 0.03393280506134033
test_kge: 0.6139450077983194
test_r2: 0.8175591826438904
test_mae: 0.12361835688352585
evaluating on huc 171100060403
test_mse: 0.014396541751921177
test_kge: -0.06336728873848907
test_r2: 0.015878140926361084
test_mae: 0.07480286061763763
evaluating on huc 170602080502
test_mse: 0.004316165577620268
test_kge: 0.8541440364336932
test_r2: 0.9470208883285522
test_mae: 0.04068037495017052
evaluating on huc 171100060402
test_mse: 0.008285540156066418
test_kge: 0.6633520515762719
test_r2: 0.7998766899108887
test_mae: 0.055845584720373154
evaluating on huc 170200110601
test_mse: 0.0009590564295649529
test_kge: 0.8369394936289911
test_r2: 0.8133494257926941
test_mae: 0.016484737396240234
evaluating on huc 170602080505
test_mse: 0.00169787323102355
test_kge: 0.9402543448821643
test_r2: 0.9361239671707153
test_mae: 0.02256045863032341
evaluating on huc 170200110703
test_mse: 0.011575316078960896
test_kge: 0.24798389300600432
test_r2: 0.3147490620613098
test_mae: 0.06271449476480484
evaluating on huc 170602080302
test_mse: 0.0024341896641999483
test_kge: 0.8527827068451035
test_r2: 0.8913521766662598
test_mae: 0.027119752019643784
evaluating on huc 171100060202
test_mse: 0.014124172739684582
test_kge: 0.773599380208645
test_r2: 0.9251102209091187
test_mae: 0.07880013436079025
evaluating on huc 170602070701
test_mse: 0.0060365512035787106
test_kge: 0.2436144912621827
test_r2: 0.32668358087539673
test_mae: 0.043486542999744415
evaluating on huc 170103040701
test_mse: 0.004346785135567188
test_kge: 0.7982603573059246
test_r2: 0.893866240978241
test_mae: 0.03814537823200226
evaluating on huc 170103040601
test_mse: 0.002159875351935625
test_kge: 0.7736595926755825
test_r2: 0.8033991456031799
test_mae: 0.026238571852445602
evaluating on huc 171100050603
test_mse: 0.002135109156370163
test_kge: 0.9648394248260849
test_r2: 0.9652573466300964
test_mae: 0.02895914576947689
evaluating on huc 170602070707
test_mse: 0.0044422270730137825
test_kge: 0.1276094867524188
test_r2: 0.07207077741622925
test_mae: 0.03590840846300125
evaluating on huc 170602070904
test_mse: 0.005732105579227209
test_kge: -0.07850893301577533
test_r2: -0.3044992685317993
test_mae: 0.04179039224982262
evaluating on huc 170602070704
test_mse: 0.0019413924310356379
test_kge: 0.7946344675284498
test_r2: 0.8870851397514343
test_mae: 0.02829660475254059
evaluating on huc 170200090208
test_mse: 0.0033675823360681534
test_kge: 0.863712104877831
test_r2: 0.9163567423820496
test_mae: 0.03261403739452362
evaluating on huc 170602070901
test_mse: 0.006127818487584591
test_kge: 0.5312540978191633
test_r2: 0.6111388802528381
test_mae: 0.04189987853169441
evaluating on huc 170602080108
test_mse: 0.004507273901253939
test_kge: 0.6210214994746925
test_r2: 0.7823569178581238
test_mae: 0.036690082401037216
evaluating on huc 171100050801
test_mse: 0.042099494487047195
test_kge: 0.667089537022838
test_r2: 0.8182939291000366
test_mae: 0.15686073899269104
evaluating on huc 170602070105
test_mse: 0.0022286998573690653
test_kge: 0.8537200534361058
test_r2: 0.9478724598884583
test_mae: 0.029328087344765663
evaluating on huc 171100050402
test_mse: 0.012960975058376789
test_kge: 0.7146916333787845
test_r2: 0.896264374256134
test_mae: 0.07837989181280136
evaluating on huc 170200090209
test_mse: 0.01806427165865898
test_kge: 0.40436463692848457
test_r2: 0.6697114706039429
test_mae: 0.08578324317932129
evaluating on huc 170103020102
test_mse: 0.004553646314889193
test_kge: 0.6770466875554907
test_r2: 0.8136051297187805
test_mae: 0.03771509602665901
evaluating on huc 170200110102
test_mse: 0.022183671593666077
test_kge: 0.7072978974259853
test_r2: 0.884459376335144
test_mae: 0.10011563450098038
evaluating on huc 171100051004
test_mse: 0.06242705509066582
test_kge: 0.4598258917575766
test_r2: 0.6232290267944336
test_mae: 0.13729126751422882
evaluating on huc 170602071106
test_mse: 0.002785967430099845
test_kge: 0.7638641326428341
test_r2: 0.9055021405220032
test_mae: 0.031501106917858124
evaluating on huc 170200110502
test_mse: 0.009946495294570923
test_kge: 0.767868201626996
test_r2: 0.8867433071136475
test_mae: 0.06137397512793541
evaluating on huc 170602070802
test_mse: 0.000964397331699729
test_kge: 0.9519623065782505
test_r2: 0.940280556678772
test_mae: 0.01640354096889496
evaluating on huc 171100050705
test_mse: 0.008149271830916405
test_kge: 0.919497023434759
test_r2: 0.93259596824646
test_mae: 0.05565030872821808
evaluating on huc 170200110101
test_mse: 0.047850240021944046
test_kge: 0.5449633374822622
test_r2: 0.7820013165473938
test_mae: 0.15181604027748108
evaluating on huc 170103040901
test_mse: 0.001589329564012587
test_kge: 0.8869493087825508
test_r2: 0.8870441317558289
test_mae: 0.022648651152849197
evaluating on huc 170200090108
test_mse: 0.01178269274532795
test_kge: 0.787023842886369
test_r2: 0.9238675236701965
test_mae: 0.06934866309165955
evaluating on huc 170602071107
test_mse: 0.002953239716589451
test_kge: 0.14995572103261934
test_r2: 0.2314387559890747
test_mae: 0.02937268279492855
evaluating on huc 171100060102
test_mse: 0.02834550477564335
test_kge: 0.6675951837495038
test_r2: 0.8742470145225525
test_mae: 0.11231610924005508
evaluating on huc 170200110301
test_mse: 0.009875292889773846
test_kge: 0.8818449995534987
test_r2: 0.9449813365936279
test_mae: 0.06519190967082977
evaluating on huc 170200090106
test_mse: 0.02075943537056446
test_kge: 0.782938360135755
test_r2: 0.8923273682594299
test_mae: 0.09518420696258545
evaluating on huc 170602080503
test_mse: 0.0022629147861152887
test_kge: 0.9175454503394628
test_r2: 0.9254662394523621
test_mae: 0.02425069361925125
evaluating on huc 170103040401
test_mse: 0.0027740721125155687
test_kge: 0.9248495690421599
test_r2: 0.9360461235046387
test_mae: 0.03155139833688736
✅ Checkpoint saved: /home/sagemaker-user/checkpoints/Exp1B_Humidity_3e-4_epoch4.pth
2026/08/25 13:56:34 WARNING mlflow.utils.requirements_utils: Found torch version (2.5.1+cu121) contains a local version label (+cu121). MLflow logged a pip requirement for this package as 'torch==2.5.1' without the local version label to make it installable from PyPI. To specify pip requirements containing local version labels, please use `conda_env` or `pip_requirements`.
2026/08/25 13:56:37 WARNING mlflow.utils.requirements_utils: Found torch version (2.5.1+cu121) contains a local version label (+cu121). MLflow logged a pip requirement for this package as 'torch==2.5.1' without the local version label to make it installable from PyPI. To specify pip requirements containing local version labels, please use `conda_env` or `pip_requirements`.
2026/08/25 13:56:37 WARNING mlflow.models.model: Model logged without a signature and input example. Please set `input_example` parameter when logging the model to auto infer the model signature.
💾 Checkpoint saved: Exp1B_Humidity_3e-4_epoch4.pth
Epoch 5: Pre-training on multiple HUCs
Pre-training on HUC5: 170103040503
Pre-training on HUC10: 171100050707
Pre-training on HUC15: 171100051002
Pre-training on HUC20: 170602071102
Pre-training on HUC25: 171100050601
Pre-training on HUC30: 170200090201
Pre-training on HUC35: 171100090201
Pre-training on HUC40: 171100060304
Pre-training on HUC45: 170602080409
Pre-training on HUC50: 170602070106
Pre-training on HUC55: 171100050405
Pre-training on HUC60: 170602080603
Pre-training on HUC65: 170602080204
Pre-training on HUC70: 170602070706
Pre-training on HUC75: 170602080407
Pre-training on HUC80: 170103020103
Pre-training on HUC85: 171100050902
Pre-training on HUC90: 170602070304
Pre-training on HUC95: 170602080507
Pre-training on HUC100: 170602070803
Pre-training on HUC105: 170200110305
Pre-training on HUC110: 171100051005
Pre-training on HUC115: 171100060303
Pre-training on HUC120: 171100051001
Pre-training on HUC125: 170200110203
Pre-training on HUC130: 170200110202
Pre-training on HUC135: 170602080107
Pre-training on HUC140: 170103040306
Pre-training on HUC145: 170200110702
Pre-training on HUC150: 170103040803
Pre-training on HUC155: 171100051006
Pre-training on HUC160: 171100050704
evaluating on huc 170103040901
test_mse: 0.000990887638181448
test_kge: 0.8366614965188849
test_r2: 0.9295762181282043
test_mae: 0.017274079844355583
evaluating on huc 170602070802
test_mse: 0.004441427066922188
test_kge: 0.47634364649846495
test_r2: 0.7249685525894165
test_mae: 0.04098718985915184
evaluating on huc 170103040601
test_mse: 0.000926579930819571
test_kge: 0.9035819815478187
test_r2: 0.9156588315963745
test_mae: 0.016669968143105507
evaluating on huc 170200090202
test_mse: 0.012259677983820438
test_kge: 0.8563623990662755
test_r2: 0.8509284257888794
test_mae: 0.06650012731552124
evaluating on huc 170200110101
test_mse: 0.06336639076471329
test_kge: 0.5045133919935871
test_r2: 0.7113120555877686
test_mae: 0.17429178953170776
evaluating on huc 171100050603
test_mse: 0.006726820953190327
test_kge: 0.8675181381300824
test_r2: 0.8905407190322876
test_mae: 0.050269294530153275
evaluating on huc 170200110502
test_mse: 0.01726468652486801
test_kge: 0.6542996871651526
test_r2: 0.8034141063690186
test_mae: 0.0829068273305893
evaluating on huc 171100060202
test_mse: 0.021269213408231735
test_kge: 0.72773926000764
test_r2: 0.8872254490852356
test_mae: 0.09990491718053818
evaluating on huc 170103040701
test_mse: 0.003374706720933318
test_kge: 0.7050895071817795
test_r2: 0.9176011085510254
test_mae: 0.033917851746082306
evaluating on huc 170200110501
test_mse: 0.0013988479040563107
test_kge: 0.7999369003889506
test_r2: 0.9251987338066101
test_mae: 0.024331049993634224
evaluating on huc 171100090103
test_mse: 0.049516063183546066
test_kge: 0.532932983827932
test_r2: 0.73377525806427
test_mae: 0.15431231260299683
evaluating on huc 170602070603
test_mse: 0.0009548135567456484
test_kge: 0.8369609291350477
test_r2: 0.9435846209526062
test_mae: 0.018645064905285835
evaluating on huc 170602080503
test_mse: 0.0049764481373131275
test_kge: 0.6187792786571806
test_r2: 0.8360904455184937
test_mae: 0.04409611225128174
evaluating on huc 170602080302
test_mse: 0.00445442833006382
test_kge: 0.6416825405867426
test_r2: 0.8011807203292847
test_mae: 0.04029035195708275
evaluating on huc 170602070705
test_mse: 0.0008364514214918017
test_kge: 0.8772820559417202
test_r2: 0.9368932843208313
test_mae: 0.017354492098093033
evaluating on huc 170200090105
test_mse: 0.05362226814031601
test_kge: 0.5940618155328148
test_r2: 0.7786692976951599
test_mae: 0.16573785245418549
evaluating on huc 170602071107
test_mse: 0.0006980652105994523
test_kge: 0.72070664293203
test_r2: 0.8183331489562988
test_mae: 0.014712890610098839
evaluating on huc 170200090302
test_mse: 0.003374932100996375
test_kge: 0.41413036108149137
test_r2: 0.585942268371582
test_mae: 0.03951055929064751
evaluating on huc 170200090209
test_mse: 0.021010080352425575
test_kge: 0.3829332206134647
test_r2: 0.6158500909805298
test_mae: 0.0908118262887001
evaluating on huc 171100050705
test_mse: 0.015435388311743736
test_kge: 0.8328217993800262
test_r2: 0.8723313212394714
test_mae: 0.07895496487617493
evaluating on huc 170200110503
test_mse: 0.0014703632332384586
test_kge: 0.686982198449893
test_r2: 0.7609742879867554
test_mae: 0.020196538418531418
evaluating on huc 171100051004
test_mse: 0.084334596991539
test_kge: 0.33166162016051237
test_r2: 0.4910086393356323
test_mae: 0.16574527323246002
evaluating on huc 170200110301
test_mse: 0.009661436080932617
test_kge: 0.8583777842962214
test_r2: 0.9461727738380432
test_mae: 0.06412853300571442
evaluating on huc 171100050801
test_mse: 0.05953424796462059
test_kge: 0.6381920563540757
test_r2: 0.7430436015129089
test_mae: 0.1830449253320694
evaluating on huc 170200090106
test_mse: 0.01521322876214981
test_kge: 0.7781333473321773
test_r2: 0.9210938215255737
test_mae: 0.08365417271852493
evaluating on huc 170602080502
test_mse: 0.018787886947393417
test_kge: 0.5646970163023599
test_r2: 0.7693864703178406
test_mae: 0.08960219472646713
evaluating on huc 170602080206
test_mse: 0.003106512129306793
test_kge: 0.6932119255459028
test_r2: 0.8491967916488647
test_mae: 0.0326186940073967
evaluating on huc 170602070105
test_mse: 0.01388424914330244
test_kge: 0.5071484064047675
test_r2: 0.6752583384513855
test_mae: 0.07371263206005096
evaluating on huc 170602080505
test_mse: 0.004897651728242636
test_kge: 0.5932496319981884
test_r2: 0.8157444000244141
test_mae: 0.04541114717721939
evaluating on huc 171100050402
test_mse: 0.029231591150164604
test_kge: 0.6158042254283951
test_r2: 0.7660394310951233
test_mae: 0.11126372963190079
evaluating on huc 170602070901
test_mse: 0.0010179056553170085
test_kge: 0.9615962147811901
test_r2: 0.935405433177948
test_mae: 0.018288644030690193
evaluating on huc 171100060102
test_mse: 0.039513129740953445
test_kge: 0.6413600294663832
test_r2: 0.8247026205062866
test_mae: 0.13105866312980652
evaluating on huc 170602070707
test_mse: 0.0007890984998084605
test_kge: 0.6638088916559662
test_r2: 0.8351665735244751
test_mae: 0.015613110736012459
evaluating on huc 170200110601
test_mse: 0.0008760524797253311
test_kge: 0.7914186527170879
test_r2: 0.82950359582901
test_mae: 0.015308530069887638
evaluating on huc 171100060402
test_mse: 0.0034741994459182024
test_kge: 0.8858480062011853
test_r2: 0.9160865545272827
test_mae: 0.035557880997657776
evaluating on huc 171100060403
test_mse: 0.007010807283222675
test_kge: 0.28632255999270684
test_r2: 0.5207537412643433
test_mae: 0.04987800493836403
evaluating on huc 170200110102
test_mse: 0.027492593973875046
test_kge: 0.6823663593371903
test_r2: 0.8568085432052612
test_mae: 0.11558395624160767
evaluating on huc 170602070902
test_mse: 0.0012785197468474507
test_kge: 0.9409402311468368
test_r2: 0.9495697617530823
test_mae: 0.02126643806695938
evaluating on huc 170200090108
test_mse: 0.01715565100312233
test_kge: 0.712763376321586
test_r2: 0.8891507983207703
test_mae: 0.09061060100793839
evaluating on huc 170200110403
test_mse: 0.005998800974339247
test_kge: 0.907623117799679
test_r2: 0.9643376469612122
test_mae: 0.0466831773519516
evaluating on huc 170103020302
test_mse: 0.002563233021646738
test_kge: 0.8501631019330391
test_r2: 0.9130173325538635
test_mae: 0.029295898973941803
evaluating on huc 171100050703
test_mse: 0.015042933635413647
test_kge: 0.8924242320829774
test_r2: 0.8731132745742798
test_mae: 0.07819325476884842
evaluating on huc 170602080108
test_mse: 0.001659110188484192
test_kge: 0.858483197217313
test_r2: 0.9198864102363586
test_mae: 0.024340834468603134
evaluating on huc 170602080412
test_mse: 0.0016608977457508445
test_kge: 0.6278324360596661
test_r2: 0.8374982476234436
test_mae: 0.02511466108262539
evaluating on huc 170103020102
test_mse: 0.0015187590615823865
test_kge: 0.8831021288438804
test_r2: 0.9378324747085571
test_mae: 0.02266949601471424
evaluating on huc 170602070701
test_mse: 0.0010330297518521547
test_kge: 0.7531678456159722
test_r2: 0.8847759366035461
test_mae: 0.018771156668663025
evaluating on huc 170602070904
test_mse: 0.0012168450048193336
test_kge: 0.5111469268424054
test_r2: 0.7230732440948486
test_mae: 0.01972331665456295
evaluating on huc 170602070704
test_mse: 0.0060303169302642345
test_kge: 0.4632354746097348
test_r2: 0.6492659449577332
test_mae: 0.05147692188620567
evaluating on huc 170200110703
test_mse: 0.008079813793301582
test_kge: 0.3233018590136547
test_r2: 0.521680474281311
test_mae: 0.052072275429964066
evaluating on huc 170103040401
test_mse: 0.002886824309825897
test_kge: 0.920941171649433
test_r2: 0.9334467053413391
test_mae: 0.030867597088217735
evaluating on huc 170602071106
test_mse: 0.01027312409132719
test_kge: 0.4402703915767482
test_r2: 0.6515436172485352
test_mae: 0.06286661326885223
evaluating on huc 170602080605
test_mse: 0.007444601505994797
test_kge: 0.4156743372083934
test_r2: 0.6517185568809509
test_mae: 0.05553041025996208
evaluating on huc 170200090208
test_mse: 0.0036177015863358974
test_kge: 0.9012367882021404
test_r2: 0.9101443290710449
test_mae: 0.035945601761341095
evaluating on huc 170103020101
test_mse: 0.001415424165315926
test_kge: 0.9373412580795197
test_r2: 0.9533407092094421
test_mae: 0.02226399816572666
✅ Checkpoint saved: /home/sagemaker-user/checkpoints/Exp1B_Humidity_3e-4_epoch5.pth
💾 Checkpoint saved: Exp1B_Humidity_3e-4_epoch5.pth
2026/08/25 14:29:42 WARNING mlflow.utils.requirements_utils: Found torch version (2.5.1+cu121) contains a local version label (+cu121). MLflow logged a pip requirement for this package as 'torch==2.5.1' without the local version label to make it installable from PyPI. To specify pip requirements containing local version labels, please use `conda_env` or `pip_requirements`.
2026/08/25 14:29:46 WARNING mlflow.utils.requirements_utils: Found torch version (2.5.1+cu121) contains a local version label (+cu121). MLflow logged a pip requirement for this package as 'torch==2.5.1' without the local version label to make it installable from PyPI. To specify pip requirements containing local version labels, please use `conda_env` or `pip_requirements`.
2026/08/25 14:29:46 WARNING mlflow.models.model: Model logged without a signature and input example. Please set `input_example` parameter when logging the model to auto infer the model signature.
Epoch 6: Pre-training on multiple HUCs
Pre-training on HUC5: 170602080603
Pre-training on HUC10: 171100051103
Pre-training on HUC15: 170602070303
Pre-training on HUC20: 171100050405
Pre-training on HUC25: 170200110404
Pre-training on HUC30: 170602070602
Pre-training on HUC35: 170200110106
Pre-training on HUC40: 171100050602
Pre-training on HUC45: 171100090401
Pre-training on HUC50: 170103040606
Pre-training on HUC55: 171100060201
Pre-training on HUC60: 171100051001
Pre-training on HUC65: 170103040703
Pre-training on HUC70: 170200110111
Pre-training on HUC75: 171100090101
Pre-training on HUC80: 171100050804
Pre-training on HUC85: 171100060204
Pre-training on HUC90: 170602080401
Pre-training on HUC95: 170103040303
Pre-training on HUC100: 170602070402
Pre-training on HUC105: 170200090111
Pre-training on HUC110: 171100090403
Pre-training on HUC115: 170200090205
Pre-training on HUC120: 170602070801
Pre-training on HUC125: 170103040602
Pre-training on HUC130: 170602070403
Pre-training on HUC135: 170200110202
Pre-training on HUC140: 170200110201
Pre-training on HUC145: 170602080406
Pre-training on HUC150: 171100050803
Pre-training on HUC155: 170200110406
Pre-training on HUC160: 170200110109
evaluating on huc 170602070704
test_mse: 0.0019202159019187093
test_kge: 0.7565647117380656
test_r2: 0.888316810131073
test_mae: 0.0264758113771677
evaluating on huc 170602070105
test_mse: 0.005025068297982216
test_kge: 0.7067197179094373
test_r2: 0.8824676275253296
test_mae: 0.04358312115073204
evaluating on huc 170200110503
test_mse: 0.0028022874612361193
test_kge: 0.33877423476791124
test_r2: 0.5444536209106445
test_mae: 0.029555445536971092
evaluating on huc 170200110501
test_mse: 0.0013309972127899528
test_kge: 0.8994550499733507
test_r2: 0.9288269281387329
test_mae: 0.02185274288058281
evaluating on huc 170200090105
test_mse: 0.01804300583899021
test_kge: 0.7739341751990264
test_r2: 0.9255259037017822
test_mae: 0.09393578767776489
evaluating on huc 171100060403
test_mse: 0.011479241773486137
test_kge: 0.07596939777373413
test_r2: 0.2152995467185974
test_mae: 0.060480110347270966
evaluating on huc 170103020302
test_mse: 0.002584731439128518
test_kge: 0.804026943432854
test_r2: 0.9122877717018127
test_mae: 0.029671331867575645
evaluating on huc 170103020102
test_mse: 0.0057997629046440125
test_kge: 0.5281492252583686
test_r2: 0.7625977396965027
test_mae: 0.04670644924044609
evaluating on huc 171100050801
test_mse: 0.024479256942868233
test_kge: 0.8181662211332761
test_r2: 0.8943448066711426
test_mae: 0.11172249168157578
evaluating on huc 170602070707
test_mse: 0.004024806898087263
test_kge: 0.06373281891971305
test_r2: 0.15926498174667358
test_mae: 0.038959801197052
evaluating on huc 170602070901
test_mse: 0.0042994967661798
test_kge: 0.5940130202757001
test_r2: 0.727161169052124
test_mae: 0.037457872182130814
evaluating on huc 170200110703
test_mse: 0.017732538282871246
test_kge: -0.042566487554978494
test_r2: -0.04975426197052002
test_mae: 0.08395764976739883
evaluating on huc 171100050603
test_mse: 0.005288409534841776
test_kge: 0.8702896691048065
test_r2: 0.9139466285705566
test_mae: 0.046434976160526276
evaluating on huc 171100060102
test_mse: 0.013136127032339573
test_kge: 0.8128321270711734
test_r2: 0.9417224526405334
test_mae: 0.07378320395946503
evaluating on huc 171100051004
test_mse: 0.057796284556388855
test_kge: 0.49169320101098224
test_r2: 0.6511774659156799
test_mae: 0.1323590874671936
evaluating on huc 170602080108
test_mse: 0.0013530305586755276
test_kge: 0.8642697701968277
test_r2: 0.934666097164154
test_mae: 0.020786227658391
evaluating on huc 171100060202
test_mse: 0.004982125945389271
test_kge: 0.924700880710277
test_r2: 0.9735835790634155
test_mae: 0.04557238891720772
evaluating on huc 170602080505
test_mse: 0.0012341841356828809
test_kge: 0.8426323328552036
test_r2: 0.9535685181617737
test_mae: 0.021319305524230003
evaluating on huc 170200090208
test_mse: 0.003460777224972844
test_kge: 0.8137524010553372
test_r2: 0.9140419960021973
test_mae: 0.03672172874212265
evaluating on huc 170602070902
test_mse: 0.0036781823728233576
test_kge: 0.7297172214649973
test_r2: 0.8549168705940247
test_mae: 0.03589509055018425
evaluating on huc 170200110102
test_mse: 0.007339576259255409
test_kge: 0.8633551493812506
test_r2: 0.9617727994918823
test_mae: 0.056728262454271317
evaluating on huc 170200110601
test_mse: 0.0020826130639761686
test_kge: 0.3376246677115893
test_r2: 0.5946840047836304
test_mae: 0.025895345956087112
evaluating on huc 170602080412
test_mse: 0.0005312148132361472
test_kge: 0.9683066470447353
test_r2: 0.9480261206626892
test_mae: 0.013620587065815926
evaluating on huc 170200090202
test_mse: 0.007042464800179005
test_kge: 0.8651073524443507
test_r2: 0.914367139339447
test_mae: 0.050796765834093094
evaluating on huc 170602071107
test_mse: 0.002489832928404212
test_kge: 0.14228158812236236
test_r2: 0.35203737020492554
test_mae: 0.029534002766013145
evaluating on huc 170103040701
test_mse: 0.0014270551037043333
test_kge: 0.9544995503810635
test_r2: 0.9651561379432678
test_mae: 0.021879922598600388
evaluating on huc 170602080503
test_mse: 0.001568481558933854
test_kge: 0.854404273221765
test_r2: 0.9483388662338257
test_mae: 0.023150630295276642
evaluating on huc 170200110403
test_mse: 0.006170105189085007
test_kge: 0.9023349969846423
test_r2: 0.9633193016052246
test_mae: 0.04690595716238022
evaluating on huc 170602080502
test_mse: 0.007512279320508242
test_kge: 0.7282772868195126
test_r2: 0.9077898859977722
test_mae: 0.055001698434352875
evaluating on huc 170602080605
test_mse: 0.002643302083015442
test_kge: 0.6831860521219459
test_r2: 0.8763381838798523
test_mae: 0.030630677938461304
evaluating on huc 170200110101
test_mse: 0.027486851438879967
test_kge: 0.6683718313590028
test_r2: 0.8747739195823669
test_mae: 0.11434478312730789
evaluating on huc 170103040401
test_mse: 0.003915727138519287
test_kge: 0.7714007296175815
test_r2: 0.9097262620925903
test_mae: 0.037241335958242416
evaluating on huc 170602070802
test_mse: 0.0011483313282951713
test_kge: 0.8030064012149288
test_r2: 0.928890585899353
test_mae: 0.019222062081098557
evaluating on huc 170602080302
test_mse: 0.0013015103759244084
test_kge: 0.8909126490718603
test_r2: 0.9419082999229431
test_mae: 0.021195493638515472
evaluating on huc 170200110502
test_mse: 0.005943914409726858
test_kge: 0.8315108187294257
test_r2: 0.9323191046714783
test_mae: 0.047481242567300797
evaluating on huc 170602080206
test_mse: 0.0009160332265309989
test_kge: 0.9507300123543808
test_r2: 0.955531895160675
test_mae: 0.017576349899172783
evaluating on huc 171100050402
test_mse: 0.011426910758018494
test_kge: 0.7665684053010865
test_r2: 0.9085425734519958
test_mae: 0.06771837174892426
evaluating on huc 170602070701
test_mse: 0.00458627101033926
test_kge: 0.28241875624585866
test_r2: 0.48844772577285767
test_mae: 0.04304991662502289
evaluating on huc 170103040601
test_mse: 0.0031522689387202263
test_kge: 0.46354721730134163
test_r2: 0.713067352771759
test_mae: 0.03217682987451553
evaluating on huc 171100060402
test_mse: 0.005829922389239073
test_kge: 0.753595193154842
test_r2: 0.8591880202293396
test_mae: 0.04299776628613472
evaluating on huc 171100050705
test_mse: 0.011437345296144485
test_kge: 0.8943033747445914
test_r2: 0.9053997993469238
test_mae: 0.06775559484958649
evaluating on huc 170200090106
test_mse: 0.006099844351410866
test_kge: 0.9702449433152652
test_r2: 0.968362033367157
test_mae: 0.050708550959825516
evaluating on huc 170602070603
test_mse: 0.004645345266908407
test_kge: 0.49623798823745024
test_r2: 0.7255288362503052
test_mae: 0.04365812987089157
evaluating on huc 170200110301
test_mse: 0.006801185198128223
test_kge: 0.9329685530657161
test_r2: 0.9621082544326782
test_mae: 0.05405944213271141
evaluating on huc 171100090103
test_mse: 0.024583294987678528
test_kge: 0.7057790421165742
test_r2: 0.8678271174430847
test_mae: 0.10278455168008804
evaluating on huc 170602070705
test_mse: 0.0024859316181391478
test_kge: 0.6948367298444489
test_r2: 0.8124470114707947
test_mae: 0.027205955237150192
evaluating on huc 170602070904
test_mse: 0.005375114269554615
test_kge: -0.162311151947383
test_r2: -0.22325599193572998
test_mae: 0.04561785236001015
evaluating on huc 170103040901
test_mse: 0.0012768690939992666
test_kge: 0.7955574198203453
test_r2: 0.9092510938644409
test_mae: 0.020372852683067322
evaluating on huc 170103020101
test_mse: 0.004221138544380665
test_kge: 0.6783988361569755
test_r2: 0.8608506917953491
test_mae: 0.03771420940756798
evaluating on huc 171100050703
test_mse: 0.01709987036883831
test_kge: 0.7488827447847031
test_r2: 0.8557630777359009
test_mae: 0.08542079478502274
evaluating on huc 170200090209
test_mse: 0.013274475000798702
test_kge: 0.5351120050912406
test_r2: 0.7572884559631348
test_mae: 0.06791749596595764
evaluating on huc 170200090302
test_mse: 0.0017908880254253745
test_kge: 0.7239276732263593
test_r2: 0.7802826762199402
test_mae: 0.026878543198108673
evaluating on huc 170200090108
test_mse: 0.0046822731383144855
test_kge: 0.9118899007989476
test_r2: 0.9697460532188416
test_mae: 0.043027885258197784
evaluating on huc 170602071106
test_mse: 0.0036021198611706495
test_kge: 0.6809896792101897
test_r2: 0.8778188824653625
test_mae: 0.036113716661930084
✅ Checkpoint saved: /home/sagemaker-user/checkpoints/Exp1B_Humidity_3e-4_epoch6.pth
2026/08/25 15:02:49 WARNING mlflow.utils.requirements_utils: Found torch version (2.5.1+cu121) contains a local version label (+cu121). MLflow logged a pip requirement for this package as 'torch==2.5.1' without the local version label to make it installable from PyPI. To specify pip requirements containing local version labels, please use `conda_env` or `pip_requirements`.
2026/08/25 15:02:53 WARNING mlflow.utils.requirements_utils: Found torch version (2.5.1+cu121) contains a local version label (+cu121). MLflow logged a pip requirement for this package as 'torch==2.5.1' without the local version label to make it installable from PyPI. To specify pip requirements containing local version labels, please use `conda_env` or `pip_requirements`.
2026/08/25 15:02:53 WARNING mlflow.models.model: Model logged without a signature and input example. Please set `input_example` parameter when logging the model to auto infer the model signature.
💾 Checkpoint saved: Exp1B_Humidity_3e-4_epoch6.pth
Epoch 7: Pre-training on multiple HUCs
Pre-training on HUC5: 170200110106
Pre-training on HUC10: 171100090401
Pre-training on HUC15: 170103040105
Pre-training on HUC20: 170602080101
Pre-training on HUC25: 170200110201
Pre-training on HUC30: 170103040607
Pre-training on HUC35: 170103040502
Pre-training on HUC40: 171100050805
Pre-training on HUC45: 171100050904
Pre-training on HUC50: 170602080504
Pre-training on HUC55: 170200110402
Pre-training on HUC60: 171100050606
Pre-training on HUC65: 170103040703
Pre-training on HUC70: 171100051003
Pre-training on HUC75: 171100090101
Pre-training on HUC80: 170103040101
Pre-training on HUC85: 170602070305
Pre-training on HUC90: 170602070106
Pre-training on HUC95: 171100051001
Pre-training on HUC100: 170602080401
Pre-training on HUC105: 170602070903
Pre-training on HUC110: 171100050403
Pre-training on HUC115: 171100090403
Pre-training on HUC120: 170602070803
Pre-training on HUC125: 170200110305
Pre-training on HUC130: 171100060304
Pre-training on HUC135: 171100060303
Pre-training on HUC140: 170602080607
Pre-training on HUC145: 170200090204
Pre-training on HUC150: 171100060105
Pre-training on HUC155: 170602070403
Pre-training on HUC160: 170602070703
evaluating on huc 170602070904
test_mse: 0.0035914673935621977
test_kge: 0.06891564585705445
test_r2: 0.18266218900680542
test_mae: 0.03583772853016853
evaluating on huc 170200110301
test_mse: 0.0064315591007471085
test_kge: 0.9643089332899774
test_r2: 0.9641675353050232
test_mae: 0.0535041019320488
evaluating on huc 170200090105
test_mse: 0.024591563269495964
test_kge: 0.7277433037672383
test_r2: 0.898496150970459
test_mae: 0.10522047430276871
evaluating on huc 171100050705
test_mse: 0.006848407909274101
test_kge: 0.9417304322849839
test_r2: 0.9433556795120239
test_mae: 0.05353293567895889
evaluating on huc 170602071106
test_mse: 0.002547824289649725
test_kge: 0.7557627098873339
test_r2: 0.9135797619819641
test_mae: 0.030433256179094315
evaluating on huc 171100051004
test_mse: 0.04589848965406418
test_kge: 0.521714814951356
test_r2: 0.7229851484298706
test_mae: 0.12031054496765137
evaluating on huc 170602070707
test_mse: 0.0024423105642199516
test_kge: 0.27789860786846576
test_r2: 0.4898298978805542
test_mae: 0.029303153976798058
evaluating on huc 170602080412
test_mse: 0.0005663459305651486
test_kge: 0.9446502145314197
test_r2: 0.9445888996124268
test_mae: 0.014151955023407936
evaluating on huc 170200110601
test_mse: 0.0006240219227038324
test_kge: 0.7728812322796323
test_r2: 0.8785535097122192
test_mae: 0.013495296239852905
evaluating on huc 170200090208
test_mse: 0.003384566167369485
test_kge: 0.8318292630597992
test_r2: 0.9159349203109741
test_mae: 0.035579051822423935
evaluating on huc 170200090302
test_mse: 0.002800449961796403
test_kge: 0.4754130084959446
test_r2: 0.6564233303070068
test_mae: 0.03525060787796974
evaluating on huc 171100060402
test_mse: 0.0092445844784379
test_kge: 0.5949539985288664
test_r2: 0.7767125964164734
test_mae: 0.0566570982336998
evaluating on huc 170602070802
test_mse: 0.0006313335034064949
test_kge: 0.9466875927448561
test_r2: 0.9609052538871765
test_mae: 0.014681518077850342
evaluating on huc 170103040701
test_mse: 0.001462299027480185
test_kge: 0.8773151607183607
test_r2: 0.9642956256866455
test_mae: 0.021067630499601364
evaluating on huc 170200110102
test_mse: 0.009535619989037514
test_kge: 0.8279534794738214
test_r2: 0.9503350257873535
test_mae: 0.06323288381099701
evaluating on huc 170200110501
test_mse: 0.0010086264228448272
test_kge: 0.8855557476648833
test_r2: 0.9460651874542236
test_mae: 0.019570734351873398
evaluating on huc 170602070603
test_mse: 0.006752565503120422
test_kge: 0.36977557632094915
test_r2: 0.6010233163833618
test_mae: 0.0525740347802639
evaluating on huc 170103040601
test_mse: 0.001223233761265874
test_kge: 0.7426667129296447
test_r2: 0.8886561393737793
test_mae: 0.017777319997549057
evaluating on huc 170602080503
test_mse: 0.0013645292492583394
test_kge: 0.9152860787962813
test_r2: 0.9550564289093018
test_mae: 0.020221024751663208
evaluating on huc 170602070901
test_mse: 0.004568605218082666
test_kge: 0.5589711880892411
test_r2: 0.7100839614868164
test_mae: 0.038645148277282715
evaluating on huc 171100090103
test_mse: 0.01686231791973114
test_kge: 0.7333084889251343
test_r2: 0.909339189529419
test_mae: 0.0853685513138771
evaluating on huc 170602070704
test_mse: 0.0019304768647998571
test_kge: 0.7358928144180612
test_r2: 0.887719988822937
test_mae: 0.027721617370843887
evaluating on huc 170200090209
test_mse: 0.01856156252324581
test_kge: 0.4219789539258343
test_r2: 0.6606190204620361
test_mae: 0.08366557955741882
evaluating on huc 170103020102
test_mse: 0.004502907861024141
test_kge: 0.5890341712912632
test_r2: 0.8156819939613342
test_mae: 0.0401884987950325
evaluating on huc 170602080302
test_mse: 0.0016916260356083512
test_kge: 0.8606406895966368
test_r2: 0.9244958162307739
test_mae: 0.02259116619825363
evaluating on huc 171100060403
test_mse: 0.015609991736710072
test_kge: -0.1204312117438806
test_r2: -0.06707108020782471
test_mae: 0.07605339586734772
evaluating on huc 170602070105
test_mse: 0.001498383586294949
test_kge: 0.905402397381068
test_r2: 0.9649540185928345
test_mae: 0.0230290275067091
evaluating on huc 170602080605
test_mse: 0.0012263148091733456
test_kge: 0.828025326975759
test_r2: 0.9426292181015015
test_mae: 0.021626066416502
evaluating on huc 170200090202
test_mse: 0.007289101369678974
test_kge: 0.8412746548824261
test_r2: 0.911368191242218
test_mae: 0.0544552206993103
evaluating on huc 170200090108
test_mse: 0.004012425430119038
test_kge: 0.9109653951572938
test_r2: 0.9740741848945618
test_mae: 0.0405610017478466
evaluating on huc 170200110503
test_mse: 0.0006651913863606751
test_kge: 0.8358213646777832
test_r2: 0.8918649554252625
test_mae: 0.014140558429062366
evaluating on huc 171100050703
test_mse: 0.011093341745436192
test_kge: 0.8255851747476743
test_r2: 0.9064279794692993
test_mae: 0.06692704558372498
evaluating on huc 171100060202
test_mse: 0.005260984878987074
test_kge: 0.8927265618561546
test_r2: 0.9721049666404724
test_mae: 0.04679341986775398
evaluating on huc 171100050603
test_mse: 0.0033212441485375166
test_kge: 0.9466009247415232
test_r2: 0.9459564685821533
test_mae: 0.036479562520980835
evaluating on huc 170602070701
test_mse: 0.003968413919210434
test_kge: 0.3294385385804337
test_r2: 0.5573633909225464
test_mae: 0.03892575949430466
evaluating on huc 171100060102
test_mse: 0.012428670190274715
test_kge: 0.7934018441384333
test_r2: 0.9448609948158264
test_mae: 0.07096582651138306
evaluating on huc 170103020101
test_mse: 0.0029957666993141174
test_kge: 0.732852744050666
test_r2: 0.9012449383735657
test_mae: 0.03198597952723503
evaluating on huc 170103040901
test_mse: 0.000648065353743732
test_kge: 0.9464391385314885
test_r2: 0.9539411067962646
test_mae: 0.014115620404481888
evaluating on huc 170602080505
test_mse: 0.0008746514213271439
test_kge: 0.9524646635181119
test_r2: 0.9670945405960083
test_mae: 0.01652601547539234
evaluating on huc 170103040401
test_mse: 0.0032710935920476913
test_kge: 0.8167442526480433
test_r2: 0.9245877265930176
test_mae: 0.033199701458215714
evaluating on huc 170200110502
test_mse: 0.0056762536987662315
test_kge: 0.8543084003379879
test_r2: 0.9353668093681335
test_mae: 0.04530744254589081
evaluating on huc 170200110101
test_mse: 0.030772950500249863
test_kge: 0.6433695215766999
test_r2: 0.8598029613494873
test_mae: 0.11728894710540771
evaluating on huc 170602080502
test_mse: 0.0021301484666764736
test_kge: 0.9345092759455538
test_r2: 0.9738532900810242
test_mae: 0.027095729485154152
evaluating on huc 171100050801
test_mse: 0.025380881503224373
test_kge: 0.7966093565708439
test_r2: 0.8904533386230469
test_mae: 0.11274238675832748
evaluating on huc 170602080108
test_mse: 0.004337828606367111
test_kge: 0.5924715298874788
test_r2: 0.7905389070510864
test_mae: 0.037608854472637177
evaluating on huc 170602070902
test_mse: 0.008862888440489769
test_kge: 0.4730517817097478
test_r2: 0.6504100561141968
test_mae: 0.059098049998283386
evaluating on huc 171100050402
test_mse: 0.011089242063462734
test_kge: 0.7903087863354914
test_r2: 0.9112451672554016
test_mae: 0.06404999643564224
evaluating on huc 170602071107
test_mse: 0.001990232616662979
test_kge: 0.2676710668511768
test_r2: 0.48205506801605225
test_mae: 0.024676036089658737
evaluating on huc 170200090106
test_mse: 0.010134631767868996
test_kge: 0.8878035767804062
test_r2: 0.9474349021911621
test_mae: 0.06567183136940002
evaluating on huc 170602070705
test_mse: 0.0022638393566012383
test_kge: 0.7018017021972299
test_r2: 0.8292028903961182
test_mae: 0.025588911026716232
evaluating on huc 170200110703
test_mse: 0.011316679418087006
test_kge: 0.17115018949525995
test_r2: 0.3300601840019226
test_mae: 0.06621650606393814
evaluating on huc 170103020302
test_mse: 0.001764246728271246
test_kge: 0.9174631991056701
test_r2: 0.9401307106018066
test_mae: 0.02397066354751587
evaluating on huc 170200110403
test_mse: 0.005883738864213228
test_kge: 0.9310983751513505
test_r2: 0.9650217294692993
test_mae: 0.04934458062052727
evaluating on huc 170602080206
test_mse: 0.0027010818012058735
test_kge: 0.7296764145424603
test_r2: 0.8688781261444092
test_mae: 0.028308160603046417
✅ Checkpoint saved: /home/sagemaker-user/checkpoints/Exp1B_Humidity_3e-4_epoch7.pth
2026/08/25 15:36:09 WARNING mlflow.utils.requirements_utils: Found torch version (2.5.1+cu121) contains a local version label (+cu121). MLflow logged a pip requirement for this package as 'torch==2.5.1' without the local version label to make it installable from PyPI. To specify pip requirements containing local version labels, please use `conda_env` or `pip_requirements`.
2026/08/25 15:36:13 WARNING mlflow.utils.requirements_utils: Found torch version (2.5.1+cu121) contains a local version label (+cu121). MLflow logged a pip requirement for this package as 'torch==2.5.1' without the local version label to make it installable from PyPI. To specify pip requirements containing local version labels, please use `conda_env` or `pip_requirements`.
2026/08/25 15:36:13 WARNING mlflow.models.model: Model logged without a signature and input example. Please set `input_example` parameter when logging the model to auto infer the model signature.
💾 Checkpoint saved: Exp1B_Humidity_3e-4_epoch7.pth
Epoch 8: Pre-training on multiple HUCs
Pre-training on HUC5: 170602080107
Pre-training on HUC10: 170602080601
Pre-training on HUC15: 170103040304
Pre-training on HUC20: 171100050706
Pre-training on HUC25: 171100050403
Pre-training on HUC30: 170602070501
Pre-training on HUC35: 171100051002
Pre-training on HUC40: 171100051005
Pre-training on HUC45: 171100050704
Pre-training on HUC50: 170602080104
Pre-training on HUC55: 170602071104
Pre-training on HUC60: 170200110702
Pre-training on HUC65: 171100060201
Pre-training on HUC70: 170200090205
Pre-training on HUC75: 170602070301
Pre-training on HUC80: 170103040606
Pre-training on HUC85: 171100051101
Pre-training on HUC90: 170200090110
Pre-training on HUC95: 170200110109
Pre-training on HUC100: 170103040307
Pre-training on HUC105: 170200110107
Pre-training on HUC110: 170602070305
Pre-training on HUC115: 170200090104
Pre-training on HUC120: 170602080403
Pre-training on HUC125: 170602080203
Pre-training on HUC130: 170103040801
Pre-training on HUC135: 170103040402
Pre-training on HUC140: 170200110202
Pre-training on HUC145: 171100090401
Pre-training on HUC150: 170103020202
Pre-training on HUC155: 170200090304
Pre-training on HUC160: 170200110201
evaluating on huc 171100050801
test_mse: 0.020467495545744896
test_kge: 0.8751331930456157
test_r2: 0.9116600155830383
test_mae: 0.09663154929876328
evaluating on huc 170103020101
test_mse: 0.007836214266717434
test_kge: 0.483711335942443
test_r2: 0.7416802644729614
test_mae: 0.054864272475242615
evaluating on huc 170103020302
test_mse: 0.003777832258492708
test_kge: 0.6813598787835156
test_r2: 0.8718001842498779
test_mae: 0.036220237612724304
evaluating on huc 170602080206
test_mse: 0.005114855710417032
test_kge: 0.5532752156442383
test_r2: 0.7517033219337463
test_mae: 0.04196764901280403
evaluating on huc 170200110503
test_mse: 0.001529754139482975
test_kge: 0.5950768135326863
test_r2: 0.7513195872306824
test_mae: 0.021524207666516304
evaluating on huc 170602071107
test_mse: 0.005759385880082846
test_kge: -0.31944480465404457
test_r2: -0.4988422393798828
test_mae: 0.04405158758163452
evaluating on huc 170200110101
test_mse: 0.018167488276958466
test_kge: 0.7381763948682556
test_r2: 0.917231559753418
test_mae: 0.09062089771032333
evaluating on huc 170602070904
test_mse: 0.0106058893725276
test_kge: -0.6421563968854036
test_r2: -1.413663625717163
test_mae: 0.06252481788396835
evaluating on huc 170200090106
test_mse: 0.007699262350797653
test_kge: 0.9600007502112418
test_r2: 0.9600663781166077
test_mae: 0.055871617048978806
evaluating on huc 170103040901
test_mse: 0.0009895742405205965
test_kge: 0.8283980816829122
test_r2: 0.9296695590019226
test_mae: 0.01766722835600376
evaluating on huc 170602080412
test_mse: 0.0022414089180529118
test_kge: 0.6309705203285504
test_r2: 0.780701220035553
test_mae: 0.02622031979262829
evaluating on huc 170602070902
test_mse: 0.014289348386228085
test_kge: 0.2620665963064418
test_r2: 0.436367392539978
test_mae: 0.0800778940320015
evaluating on huc 170200090108
test_mse: 0.003204603912308812
test_kge: 0.9694301897292228
test_r2: 0.9792938232421875
test_mae: 0.03582010790705681
evaluating on huc 170200090202
test_mse: 0.014748315326869488
test_kge: 0.6736619883681918
test_r2: 0.8206678628921509
test_mae: 0.07964084297418594
evaluating on huc 170602070802
test_mse: 0.0015741892857477069
test_kge: 0.7603945479787056
test_r2: 0.902519702911377
test_mae: 0.023179924115538597
evaluating on huc 170200110102
test_mse: 0.004759516566991806
test_kge: 0.9351869733725153
test_r2: 0.9752107262611389
test_mae: 0.04483073949813843
evaluating on huc 170103020102
test_mse: 0.01053374819457531
test_kge: 0.3094928946303843
test_r2: 0.5688210129737854
test_mae: 0.06568534672260284
evaluating on huc 170602080605
test_mse: 0.001363216433674097
test_kge: 0.9189822313047378
test_r2: 0.9362245202064514
test_mae: 0.019600452855229378
evaluating on huc 171100050705
test_mse: 0.014791370369493961
test_kge: 0.8329685212418332
test_r2: 0.8776580691337585
test_mae: 0.07713951170444489
evaluating on huc 170602080503
test_mse: 0.002746575977653265
test_kge: 0.7382128123825072
test_r2: 0.9095358848571777
test_mae: 0.03258725628256798
evaluating on huc 170200110502
test_mse: 0.004692095331847668
test_kge: 0.9398599681106397
test_r2: 0.94657301902771
test_mae: 0.03945302963256836
evaluating on huc 170602070704
test_mse: 0.001485398388467729
test_kge: 0.8991400446200981
test_r2: 0.913606584072113
test_mae: 0.021842654794454575
evaluating on huc 170200110501
test_mse: 0.0012951415264979005
test_kge: 0.9034408708648541
test_r2: 0.9307442307472229
test_mae: 0.021966123953461647
evaluating on huc 171100090103
test_mse: 0.015904642641544342
test_kge: 0.7991693721675819
test_r2: 0.9144881963729858
test_mae: 0.0801529511809349
evaluating on huc 171100060403
test_mse: 0.011375789530575275
test_kge: 0.06840891056157417
test_r2: 0.22237133979797363
test_mae: 0.06162517890334129
evaluating on huc 171100060402
test_mse: 0.006542773451656103
test_kge: 0.7241799435380074
test_r2: 0.8419703245162964
test_mae: 0.04581524059176445
evaluating on huc 170103040701
test_mse: 0.001550360582768917
test_kge: 0.9139518006623009
test_r2: 0.9621454477310181
test_mae: 0.021955842152237892
evaluating on huc 170602070105
test_mse: 0.0021619200706481934
test_kge: 0.926307266778516
test_r2: 0.9494343996047974
test_mae: 0.027376949787139893
evaluating on huc 171100051004
test_mse: 0.05590974912047386
test_kge: 0.5425992470867589
test_r2: 0.6625634431838989
test_mae: 0.127073273062706
evaluating on huc 170200110301
test_mse: 0.011625518091022968
test_kge: 0.8299844093977435
test_r2: 0.9352301955223083
test_mae: 0.07490049302577972
evaluating on huc 171100050402
test_mse: 0.0064544677734375
test_kge: 0.8908314900000098
test_r2: 0.9483404159545898
test_mae: 0.04808710142970085
evaluating on huc 170103040401
test_mse: 0.007119582965970039
test_kge: 0.6152763221382296
test_r2: 0.8358640670776367
test_mae: 0.051773764193058014
evaluating on huc 171100050703
test_mse: 0.02135966531932354
test_kge: 0.6936477434699537
test_r2: 0.8198318481445312
test_mae: 0.09824392199516296
evaluating on huc 171100060102
test_mse: 0.009608026593923569
test_kge: 0.8559081593258454
test_r2: 0.957374632358551
test_mae: 0.06092671677470207
evaluating on huc 170200090208
test_mse: 0.008435717783868313
test_kge: 0.605191957883892
test_r2: 0.790475606918335
test_mae: 0.05942175164818764
evaluating on huc 170602070603
test_mse: 0.015133283101022243
test_kge: 0.02794472624173905
test_r2: 0.10584694147109985
test_mae: 0.08064578473567963
evaluating on huc 170200090209
test_mse: 0.013181167654693127
test_kge: 0.539056874784342
test_r2: 0.7589945197105408
test_mae: 0.06825488805770874
evaluating on huc 170200110703
test_mse: 0.017547093331813812
test_kge: -0.05746831656628659
test_r2: -0.03877615928649902
test_mae: 0.08452731370925903
evaluating on huc 170602080302
test_mse: 0.004021809436380863
test_kge: 0.6740054862314291
test_r2: 0.820490300655365
test_mae: 0.0377260185778141
evaluating on huc 170103040601
test_mse: 0.00325107853859663
test_kge: 0.48044152517120653
test_r2: 0.7040733098983765
test_mae: 0.031244661659002304
evaluating on huc 170602070701
test_mse: 0.011179760098457336
test_kge: -0.15077432668342783
test_r2: -0.24698960781097412
test_mae: 0.06661557406187057
evaluating on huc 170200110403
test_mse: 0.00983008649200201
test_kge: 0.8195834678759923
test_r2: 0.9415610432624817
test_mae: 0.0649467408657074
evaluating on huc 170602080505
test_mse: 0.002327172551304102
test_kge: 0.7536221395684264
test_r2: 0.9124489426612854
test_mae: 0.02957806922495365
evaluating on huc 171100050603
test_mse: 0.007197356317192316
test_kge: 0.8141787243216206
test_r2: 0.88288414478302
test_mae: 0.05473235622048378
evaluating on huc 171100060202
test_mse: 0.003480980172753334
test_kge: 0.9863160743395344
test_r2: 0.9815430045127869
test_mae: 0.039849959313869476
evaluating on huc 170602070705
test_mse: 0.0076813409104943275
test_kge: 0.29330890322086456
test_r2: 0.4204753637313843
test_mae: 0.0522778183221817
evaluating on huc 170200090302
test_mse: 0.0015368228778243065
test_kge: 0.7400306510376566
test_r2: 0.8114529848098755
test_mae: 0.025375379249453545
evaluating on huc 170200110601
test_mse: 0.0016208396991714835
test_kge: 0.49022277696999084
test_r2: 0.684553861618042
test_mae: 0.02175491489470005
evaluating on huc 170602070901
test_mse: 0.011801250278949738
test_kge: 0.1715788330043303
test_r2: 0.2511124610900879
test_mae: 0.06809040904045105
evaluating on huc 170602070707
test_mse: 0.008492732420563698
test_kge: -0.37774450214279454
test_r2: -0.7740323543548584
test_mae: 0.05523483827710152
evaluating on huc 170602080502
test_mse: 0.002176129026338458
test_kge: 0.9627168448597192
test_r2: 0.973288893699646
test_mae: 0.02772052027285099
evaluating on huc 170200090105
test_mse: 0.013294411823153496
test_kge: 0.8412704535261671
test_r2: 0.9451261162757874
test_mae: 0.07361825555562973
evaluating on huc 170602071106
test_mse: 0.0014428716385737062
test_kge: 0.9294222245679082
test_r2: 0.9510589241981506
test_mae: 0.020684627816081047
evaluating on huc 170602080108
test_mse: 0.008859359659254551
test_kge: 0.36569983229484737
test_r2: 0.5722074508666992
test_mae: 0.05741209164261818
✅ Checkpoint saved: /home/sagemaker-user/checkpoints/Exp1B_Humidity_3e-4_epoch8.pth
2026/08/25 16:09:34 WARNING mlflow.utils.requirements_utils: Found torch version (2.5.1+cu121) contains a local version label (+cu121). MLflow logged a pip requirement for this package as 'torch==2.5.1' without the local version label to make it installable from PyPI. To specify pip requirements containing local version labels, please use `conda_env` or `pip_requirements`.
2026/08/25 16:09:37 WARNING mlflow.utils.requirements_utils: Found torch version (2.5.1+cu121) contains a local version label (+cu121). MLflow logged a pip requirement for this package as 'torch==2.5.1' without the local version label to make it installable from PyPI. To specify pip requirements containing local version labels, please use `conda_env` or `pip_requirements`.
2026/08/25 16:09:37 WARNING mlflow.models.model: Model logged without a signature and input example. Please set `input_example` parameter when logging the model to auto infer the model signature.
💾 Checkpoint saved: Exp1B_Humidity_3e-4_epoch8.pth
Epoch 9: Pre-training on multiple HUCs
Pre-training on HUC5: 170200090205
Pre-training on HUC10: 170200090203
Pre-training on HUC15: 170602070801
Pre-training on HUC20: 170103040101
Pre-training on HUC25: 170103040304
Pre-training on HUC30: 171100050702
Pre-training on HUC35: 171100060301
Pre-training on HUC40: 170602070803
Pre-training on HUC45: 170602080204
Pre-training on HUC50: 171100060201
Pre-training on HUC55: 171100051102
Pre-training on HUC60: 171100050706
Pre-training on HUC65: 170200090204
Pre-training on HUC70: 170103040201
Pre-training on HUC75: 170602070205
Pre-training on HUC80: 170103040803
Pre-training on HUC85: 171100090202
Pre-training on HUC90: 170602070305
Pre-training on HUC95: 170103040505
Pre-training on HUC100: 170602070601
Pre-training on HUC105: 170602080402
Pre-training on HUC110: 170602080405
Pre-training on HUC115: 170602070602
Pre-training on HUC120: 171100060205
Pre-training on HUC125: 170602080601
Pre-training on HUC130: 170103040703
Pre-training on HUC135: 170602080102
Pre-training on HUC140: 170200110110
Pre-training on HUC145: 171100090101
Pre-training on HUC150: 170200110111
Pre-training on HUC155: 170602080107
Pre-training on HUC160: 170103040306
evaluating on huc 170103040701
test_mse: 0.0013854848220944405
test_kge: 0.9087639065252269
test_r2: 0.966171145439148
test_mae: 0.02238326519727707
evaluating on huc 171100050801
test_mse: 0.014845131896436214
test_kge: 0.8973981101158418
test_r2: 0.9359267950057983
test_mae: 0.08579204976558685
evaluating on huc 170602080505
test_mse: 0.0010785068152472377
test_kge: 0.905341407759622
test_r2: 0.9594252705574036
test_mae: 0.02159455046057701
evaluating on huc 170200090302
test_mse: 0.0020619395654648542
test_kge: 0.6717788053165302
test_r2: 0.7470283508300781
test_mae: 0.02831881493330002
evaluating on huc 170200110301
test_mse: 0.019053952768445015
test_kge: 0.7278461334703419
test_r2: 0.8938438296318054
test_mae: 0.09291311353445053
evaluating on huc 170200090202
test_mse: 0.01693313755095005
test_kge: 0.6273726258397122
test_r2: 0.7941014766693115
test_mae: 0.08132370561361313
evaluating on huc 170200110501
test_mse: 0.001626783749088645
test_kge: 0.8115055899857445
test_r2: 0.9130101799964905
test_mae: 0.02409190684556961
evaluating on huc 170200110502
test_mse: 0.0036028530448675156
test_kge: 0.9363353204009814
test_r2: 0.9589757919311523
test_mae: 0.035655390471220016
evaluating on huc 170602070701
test_mse: 0.006802025251090527
test_kge: 0.07619486334669545
test_r2: 0.24130266904830933
test_mae: 0.05695752799510956
evaluating on huc 170602070901
test_mse: 0.007953689433634281
test_kge: 0.3154435977860728
test_r2: 0.495272159576416
test_mae: 0.06031644716858864
evaluating on huc 170200110101
test_mse: 0.008409973233938217
test_kge: 0.847491813152019
test_r2: 0.9616854190826416
test_mae: 0.058386772871017456
evaluating on huc 170602080605
test_mse: 0.0012740609236061573
test_kge: 0.89168474181658
test_r2: 0.9403954744338989
test_mae: 0.01993853785097599
evaluating on huc 171100050703
test_mse: 0.03925233706831932
test_kge: 0.4773459014401287
test_r2: 0.6689077019691467
test_mae: 0.13042685389518738
evaluating on huc 170200110403
test_mse: 0.02468128316104412
test_kge: 0.6535277289574608
test_r2: 0.8532719612121582
test_mae: 0.1084618866443634
evaluating on huc 170200090105
test_mse: 0.005372112151235342
test_kge: 0.949235702127557
test_r2: 0.9778261184692383
test_mae: 0.04798724129796028
evaluating on huc 170602070902
test_mse: 0.008941135369241238
test_kge: 0.44891303623519263
test_r2: 0.6473236680030823
test_mae: 0.06676588952541351
evaluating on huc 170200090208
test_mse: 0.009173180907964706
test_kge: 0.5826238857012871
test_r2: 0.772158682346344
test_mae: 0.061608362942934036
evaluating on huc 170602070705
test_mse: 0.004604523070156574
test_kge: 0.4571187445286563
test_r2: 0.6526082754135132
test_mae: 0.043751806020736694
evaluating on huc 170602080302
test_mse: 0.0010680319974198937
test_kge: 0.8564727619129554
test_r2: 0.9523293972015381
test_mae: 0.020497523248195648
evaluating on huc 170602080503
test_mse: 0.0020413717720657587
test_kge: 0.8793863318788775
test_r2: 0.9327632188796997
test_mae: 0.029066020622849464
evaluating on huc 170602080412
test_mse: 0.000779935042373836
test_kge: 0.7664191987231836
test_r2: 0.9236913919448853
test_mae: 0.017491674050688744
evaluating on huc 170602070704
test_mse: 0.0009037815034389496
test_kge: 0.9171708698507562
test_r2: 0.9474344253540039
test_mae: 0.017712628468871117
evaluating on huc 171100050402
test_mse: 0.006468071136623621
test_kge: 0.9401762899281105
test_r2: 0.94823157787323
test_mae: 0.05160090699791908
evaluating on huc 171100060202
test_mse: 0.0054830266162753105
test_kge: 0.8758787756156442
test_r2: 0.9709276556968689
test_mae: 0.047073449939489365
evaluating on huc 170103020101
test_mse: 0.0067228409461677074
test_kge: 0.545795462865786
test_r2: 0.778382420539856
test_mae: 0.05085112899541855
evaluating on huc 171100060403
test_mse: 0.046428579837083817
test_kge: -1.0395907406945963
test_r2: -2.1737747192382812
test_mae: 0.1320929378271103
evaluating on huc 170602071106
test_mse: 0.0016313878586515784
test_kge: 0.8506113684752223
test_r2: 0.9446645975112915
test_mae: 0.02177870087325573
evaluating on huc 170103020302
test_mse: 0.0035986248403787613
test_kge: 0.7226978162090021
test_r2: 0.8778815269470215
test_mae: 0.03485073521733284
evaluating on huc 171100051004
test_mse: 0.03492676094174385
test_kge: 0.7346275349717667
test_r2: 0.7892037630081177
test_mae: 0.10677412152290344
evaluating on huc 170103040601
test_mse: 0.0030878917314112186
test_kge: 0.44562304703094735
test_r2: 0.718927264213562
test_mae: 0.032791003584861755
evaluating on huc 170103040401
test_mse: 0.007131954189389944
test_kge: 0.627944636680672
test_r2: 0.8355788588523865
test_mae: 0.052394360303878784
evaluating on huc 170602080502
test_mse: 0.0033156543504446745
test_kge: 0.9016602999967706
test_r2: 0.9593017101287842
test_mae: 0.0319322794675827
evaluating on huc 171100090103
test_mse: 0.0070411451160907745
test_kge: 0.9453935284607549
test_r2: 0.962143063545227
test_mae: 0.05356641113758087
evaluating on huc 170602070603
test_mse: 0.008747327141463757
test_kge: 0.2525571257624002
test_r2: 0.48316240310668945
test_mae: 0.06723624467849731
evaluating on huc 170200110503
test_mse: 0.0028488372918218374
test_kge: 0.32843216856502677
test_r2: 0.5368863344192505
test_mae: 0.02914496324956417
evaluating on huc 171100050603
test_mse: 0.014066780917346478
test_kge: 0.5772855192882702
test_r2: 0.7711043953895569
test_mae: 0.07052204012870789
evaluating on huc 170602080206
test_mse: 0.0018718730425462127
test_kge: 0.7624156878746489
test_r2: 0.9091314077377319
test_mae: 0.02768917940557003
evaluating on huc 170602070904
test_mse: 0.006923049688339233
test_kge: -0.3953813469714842
test_r2: -0.5755314826965332
test_mae: 0.055327873677015305
evaluating on huc 170602080108
test_mse: 0.0039578452706336975
test_kge: 0.5658080752718222
test_r2: 0.808887243270874
test_mae: 0.0416983924806118
evaluating on huc 170602070802
test_mse: 0.0011522803688421845
test_kge: 0.898164263606427
test_r2: 0.9286460280418396
test_mae: 0.021284466609358788
evaluating on huc 171100050705
test_mse: 0.029339196160435677
test_kge: 0.5698064349575542
test_r2: 0.7573305368423462
test_mae: 0.10964860767126083
evaluating on huc 170200110102
test_mse: 0.0036087611224502325
test_kge: 0.9431857177541266
test_r2: 0.9812042713165283
test_mae: 0.03570285066962242
evaluating on huc 170602071107
test_mse: 0.004475800320506096
test_kge: -0.210560119728892
test_r2: -0.16479766368865967
test_mae: 0.04263891652226448
evaluating on huc 170602070105
test_mse: 0.0028308776672929525
test_kge: 0.8729725525990737
test_r2: 0.933788001537323
test_mae: 0.030130023136734962
evaluating on huc 170103040901
test_mse: 0.0009580510086379945
test_kge: 0.8036233075619833
test_r2: 0.93190997838974
test_mae: 0.01792873442173004
evaluating on huc 170200110601
test_mse: 0.0018805934814736247
test_kge: 0.36122771216799276
test_r2: 0.634000837802887
test_mae: 0.02440747059881687
evaluating on huc 170103020102
test_mse: 0.008225328288972378
test_kge: 0.4008345105431875
test_r2: 0.6633118391036987
test_mae: 0.05905118212103844
evaluating on huc 170200090209
test_mse: 0.012152236886322498
test_kge: 0.5875328449443771
test_r2: 0.7778075933456421
test_mae: 0.06191985309123993
evaluating on huc 170200090106
test_mse: 0.012714037671685219
test_kge: 0.838129076976431
test_r2: 0.9340563416481018
test_mae: 0.06881792098283768
evaluating on huc 170200110703
test_mse: 0.02571187913417816
test_kge: -0.3115930040382058
test_r2: -0.5221259593963623
test_mae: 0.10436925292015076
evaluating on huc 170200090108
test_mse: 0.0052800606936216354
test_kge: 0.8739284662911102
test_r2: 0.9658834934234619
test_mae: 0.04260411113500595
evaluating on huc 170602070707
test_mse: 0.005506208632141352
test_kge: -0.16369977233685518
test_r2: -0.15018248558044434
test_mae: 0.048981986939907074
evaluating on huc 171100060402
test_mse: 0.035088278353214264
test_kge: -0.029569441268803454
test_r2: 0.15250164270401
test_mae: 0.11711252480745316
evaluating on huc 171100060102
test_mse: 0.003296383423730731
test_kge: 0.9097867677373684
test_r2: 0.9853758215904236
test_mae: 0.036003366112709045
✅ Checkpoint saved: /home/sagemaker-user/checkpoints/Exp1B_Humidity_3e-4_epoch9.pth
2026/08/25 16:42:50 WARNING mlflow.utils.requirements_utils: Found torch version (2.5.1+cu121) contains a local version label (+cu121). MLflow logged a pip requirement for this package as 'torch==2.5.1' without the local version label to make it installable from PyPI. To specify pip requirements containing local version labels, please use `conda_env` or `pip_requirements`.
2026/08/25 16:42:54 WARNING mlflow.utils.requirements_utils: Found torch version (2.5.1+cu121) contains a local version label (+cu121). MLflow logged a pip requirement for this package as 'torch==2.5.1' without the local version label to make it installable from PyPI. To specify pip requirements containing local version labels, please use `conda_env` or `pip_requirements`.
2026/08/25 16:42:54 WARNING mlflow.models.model: Model logged without a signature and input example. Please set `input_example` parameter when logging the model to auto infer the model signature.
💾 Checkpoint saved: Exp1B_Humidity_3e-4_epoch9.pth
Epoch 10: Pre-training on multiple HUCs
Pre-training on HUC5: 170200110108
Pre-training on HUC10: 170602080406
Pre-training on HUC15: 170602070101
Pre-training on HUC20: 170602080105
Pre-training on HUC25: 170200110107
Pre-training on HUC30: 170200110602
Pre-training on HUC35: 170200110110
Pre-training on HUC40: 170602080504
Pre-training on HUC45: 170602070706
Pre-training on HUC50: 171100050502
Pre-training on HUC55: 170103040103
Pre-training on HUC60: 170200110404
Pre-training on HUC65: 170103040602
Pre-training on HUC70: 171100060304
Pre-training on HUC75: 170103040402
Pre-training on HUC80: 170602070104
Pre-training on HUC85: 171100050606
Pre-training on HUC90: 170602080604
Pre-training on HUC95: 170200110109
Pre-training on HUC100: 170200090102
Pre-training on HUC105: 170200090204
Pre-training on HUC110: 170103040306
Pre-training on HUC115: 171100060104
Pre-training on HUC120: 170602071105
Pre-training on HUC125: 171100050601
Pre-training on HUC130: 170200090103
Pre-training on HUC135: 171100051005
Pre-training on HUC140: 170103040803
Pre-training on HUC145: 170602070903
Pre-training on HUC150: 171100060103
Pre-training on HUC155: 171100051101
Pre-training on HUC160: 170602070106
evaluating on huc 170602080108
test_mse: 0.03346087038516998
test_kge: -0.3006652844831279
test_r2: -0.6157275438308716
test_mae: 0.13102470338344574
evaluating on huc 170103040701
test_mse: 0.03330744057893753
test_kge: 0.2583430223903527
test_r2: 0.186745285987854
test_mae: 0.10769928991794586
evaluating on huc 170602080206
test_mse: 0.028480060398578644
test_kge: -0.1761827365357913
test_r2: -0.38254213333129883
test_mae: 0.12253264337778091
evaluating on huc 170103020101
test_mse: 0.038934119045734406
test_kge: -0.06514210536206821
test_r2: -0.2834581136703491
test_mae: 0.12248767912387848
evaluating on huc 170602080502
test_mse: 0.028408804908394814
test_kge: 0.5322352514239248
test_r2: 0.6512936949729919
test_mae: 0.12414678931236267
evaluating on huc 170200090106
test_mse: 0.02883303165435791
test_kge: 0.8443309938492538
test_r2: 0.850452184677124
test_mae: 0.11436628550291061
evaluating on huc 171100051004
test_mse: 0.06855477392673492
test_kge: 0.6680876222765846
test_r2: 0.5862458944320679
test_mae: 0.16277284920215607
evaluating on huc 170103040401
test_mse: 0.03382204473018646
test_kge: 0.22568248676160385
test_r2: 0.2202615737915039
test_mae: 0.11268803477287292
evaluating on huc 171100090103
test_mse: 0.0438719168305397
test_kge: 0.7925793790202609
test_r2: 0.7641212344169617
test_mae: 0.13611315190792084
evaluating on huc 170103040601
test_mse: 0.06807582080364227
test_kge: -1.7875518202880532
test_r2: -5.196545124053955
test_mae: 0.1625046730041504
evaluating on huc 170200110403
test_mse: 0.03733689337968826
test_kge: 0.6550040488432876
test_r2: 0.7780355215072632
test_mae: 0.13063256442546844
evaluating on huc 170200110102
test_mse: 0.02119535580277443
test_kge: 0.9427619423840926
test_r2: 0.8896068334579468
test_mae: 0.09664017707109451
evaluating on huc 170200090208
test_mse: 0.03247210010886192
test_kge: 0.2327222488128956
test_r2: 0.1934654712677002
test_mae: 0.12166228145360947
evaluating on huc 170200110601
test_mse: 0.07762951403856277
test_kge: -3.5990367078384056
test_r2: -14.108176231384277
test_mae: 0.17331112921237946
evaluating on huc 170200110703
test_mse: 0.06785829365253448
test_kge: -1.0663190328759575
test_r2: -3.017165184020996
test_mae: 0.1713493913412094
evaluating on huc 170602070902
test_mse: 0.05217764526605606
test_kge: -0.4769987011444454
test_r2: -1.0581080913543701
test_mae: 0.17925699055194855
evaluating on huc 170602070701
test_mse: 0.03572066128253937
test_kge: -1.094893959198529
test_r2: -2.9842796325683594
test_mae: 0.12739934027194977
evaluating on huc 170602070802
test_mse: 0.017072536051273346
test_kge: 0.028961319228483218
test_r2: -0.05720174312591553
test_mae: 0.09343321621417999
evaluating on huc 171100050603
test_mse: 0.03465760871767998
test_kge: 0.48473186132569857
test_r2: 0.43604904413223267
test_mae: 0.12134383618831635
evaluating on huc 170200090302
test_mse: 0.04222044721245766
test_kge: -1.1348539118012524
test_r2: -4.179868698120117
test_mae: 0.12076994776725769
evaluating on huc 170602080503
test_mse: 0.025320719927549362
test_kge: 0.1192962016304796
test_r2: 0.1660100817680359
test_mae: 0.11764863133430481
evaluating on huc 170602080302
test_mse: 0.023194406181573868
test_kge: 0.07523645999796613
test_r2: -0.035260796546936035
test_mae: 0.10847662389278412
evaluating on huc 170200110501
test_mse: 0.04379919543862343
test_kge: -0.45526378131864
test_r2: -1.3420960903167725
test_mae: 0.12899577617645264
evaluating on huc 170200110101
test_mse: 0.040659137070178986
test_kge: 0.7281352652603709
test_r2: 0.8147629499435425
test_mae: 0.12536361813545227
evaluating on huc 170602080505
test_mse: 0.022809693589806557
test_kge: 0.1289501617048846
test_r2: 0.14187157154083252
test_mae: 0.11115837842226028
evaluating on huc 170602080412
test_mse: 0.014095952734351158
test_kge: -0.10625829437550638
test_r2: -0.3791438341140747
test_mae: 0.07523170858621597
evaluating on huc 171100060402
test_mse: 0.08144152164459229
test_kge: -0.5574225169394795
test_r2: -0.9670828580856323
test_mae: 0.21211767196655273
evaluating on huc 170602070603
test_mse: 0.043883953243494034
test_kge: -0.6715133862065614
test_r2: -1.5928921699523926
test_mae: 0.1497771441936493
evaluating on huc 170602080605
test_mse: 0.01606106199324131
test_kge: 0.27129138153420684
test_r2: 0.2486138939857483
test_mae: 0.09025994688272476
evaluating on huc 170200090105
test_mse: 0.02767016924917698
test_kge: 0.883433721551415
test_r2: 0.8857889175415039
test_mae: 0.10940355807542801
evaluating on huc 171100060202
test_mse: 0.02132454328238964
test_kge: 0.9157500048599916
test_r2: 0.8869320750236511
test_mae: 0.09771784394979477
evaluating on huc 170103020302
test_mse: 0.03656124696135521
test_kge: -0.022504472371583262
test_r2: -0.24069702625274658
test_mae: 0.11520131677389145
evaluating on huc 171100060102
test_mse: 0.034440722316503525
test_kge: 0.8682695666621818
test_r2: 0.8472059965133667
test_mae: 0.11786577850580215
evaluating on huc 170200110502
test_mse: 0.019474070519208908
test_kge: 0.8288120458854862
test_r2: 0.7782567143440247
test_mae: 0.08986881375312805
evaluating on huc 170103040901
test_mse: 0.06360333412885666
test_kge: -1.3469758581587898
test_r2: -3.520378589630127
test_mae: 0.1567617505788803
evaluating on huc 170200110503
test_mse: 0.10345401614904404
test_kge: -3.931437696668076
test_r2: -15.817726135253906
test_mae: 0.2153472751379013
evaluating on huc 170200090202
test_mse: 0.04387892037630081
test_kge: 0.4327445872955151
test_r2: 0.4664542078971863
test_mae: 0.14441408216953278
evaluating on huc 171100050705
test_mse: 0.03697165101766586
test_kge: 0.7902055518883385
test_r2: 0.6942012310028076
test_mae: 0.12830977141857147
evaluating on huc 170103020102
test_mse: 0.04407906532287598
test_kge: -0.31972817896616035
test_r2: -0.8042927980422974
test_mae: 0.13124455511569977
evaluating on huc 171100050703
test_mse: 0.03899119794368744
test_kge: 0.6648363605019719
test_r2: 0.6711103916168213
test_mae: 0.13504956662654877
evaluating on huc 170602070704
test_mse: 0.014336986467242241
test_kge: 0.3429414112447491
test_r2: 0.16613519191741943
test_mae: 0.07781170308589935
evaluating on huc 170602070904
test_mse: 0.03612884506583214
test_kge: -2.226206558481041
test_r2: -7.222119331359863
test_mae: 0.12372560799121857
evaluating on huc 170602070705
test_mse: 0.027978817000985146
test_kge: -0.5330529048576345
test_r2: -1.1108832359313965
test_mae: 0.11653148382902145
evaluating on huc 170602071106
test_mse: 0.010336178354918957
test_kge: 0.706869886118839
test_r2: 0.6494048833847046
test_mae: 0.06487740576267242
evaluating on huc 170602070901
test_mse: 0.03591340407729149
test_kge: -0.6023553843567717
test_r2: -1.2790045738220215
test_mae: 0.1391933709383011
evaluating on huc 170200090209
test_mse: 0.02144615352153778
test_kge: 0.7006751241803738
test_r2: 0.6078768968582153
test_mae: 0.08926879614591599
evaluating on huc 171100050402
test_mse: 0.024025028571486473
test_kge: 0.8486591586882198
test_r2: 0.807711124420166
test_mae: 0.10233230143785477
evaluating on huc 170602071107
test_mse: 0.024380311369895935
test_kge: -1.7709116207979543
test_r2: -5.344816207885742
test_mae: 0.09537791460752487
evaluating on huc 170602070707
test_mse: 0.03010679967701435
test_kge: -1.7308081336015304
test_r2: -5.2889580726623535
test_mae: 0.11190543323755264
evaluating on huc 170602070105
test_mse: 0.024522285908460617
test_kge: 0.42223779281817153
test_r2: 0.42644304037094116
test_mae: 0.1135297641158104
evaluating on huc 171100060403
test_mse: 0.10784892737865448
test_kge: -2.281934612537391
test_r2: -6.372359752655029
test_mae: 0.2485576719045639
evaluating on huc 170200090108
test_mse: 0.019537808373570442
test_kge: 0.8967712165605527
test_r2: 0.8737587928771973
test_mae: 0.09197123348712921
evaluating on huc 171100050801
test_mse: 0.0432288683950901
test_kge: 0.8623174092856543
test_r2: 0.8134194016456604
test_mae: 0.14286638796329498
evaluating on huc 170200110301
test_mse: 0.039210982620716095
test_kge: 0.6953379092961415
test_r2: 0.7815420627593994
test_mae: 0.13524815440177917
✅ Checkpoint saved: /home/sagemaker-user/checkpoints/Exp1B_Humidity_3e-4_epoch10.pth
2026/08/25 17:16:14 WARNING mlflow.utils.requirements_utils: Found torch version (2.5.1+cu121) contains a local version label (+cu121). MLflow logged a pip requirement for this package as 'torch==2.5.1' without the local version label to make it installable from PyPI. To specify pip requirements containing local version labels, please use `conda_env` or `pip_requirements`.
2026/08/25 17:16:17 WARNING mlflow.utils.requirements_utils: Found torch version (2.5.1+cu121) contains a local version label (+cu121). MLflow logged a pip requirement for this package as 'torch==2.5.1' without the local version label to make it installable from PyPI. To specify pip requirements containing local version labels, please use `conda_env` or `pip_requirements`.
2026/08/25 17:16:17 WARNING mlflow.models.model: Model logged without a signature and input example. Please set `input_example` parameter when logging the model to auto infer the model signature.
2026/08/25 17:16:18 WARNING mlflow.models.model: Logging model metadata to the tracking server has failed. The model artifacts have been logged successfully under s3://dawgs-mlflow-artifacts/700/c8ad94d90e2f4a88a5f058f68507ada7/artifacts. Set logging level to DEBUG via `logging.getLogger("mlflow").setLevel(logging.DEBUG)` to see the full traceback.
💾 Checkpoint saved: Exp1B_Humidity_3e-4_epoch10.pth
Epoch 11: Pre-training on multiple HUCs
Pre-training on HUC5: 170200110602
Pre-training on HUC10: 171100090101
Pre-training on HUC15: 170602071104
Pre-training on HUC20: 170200090110
Pre-training on HUC25: 171100090302
Pre-training on HUC30: 171100060205
Pre-training on HUC35: 171100050707
Pre-training on HUC40: 171100051003
Pre-training on HUC45: 170200110603
Pre-training on HUC50: 170602070201
Pre-training on HUC55: 171100050804
Pre-training on HUC60: 171100060106
Pre-training on HUC65: 170200090304
Pre-training on HUC70: 170200090103
Pre-training on HUC75: 170103040604
Pre-training on HUC80: 171100050604
Pre-training on HUC85: 170200090201
Pre-training on HUC90: 170602070601
Pre-training on HUC95: 170602080202
Pre-training on HUC100: 170103040307
Pre-training on HUC105: 170602071105
Pre-training on HUC110: 170103040303
Pre-training on HUC115: 170602080101
Pre-training on HUC120: 171100050602
Pre-training on HUC125: 170602080105
Pre-training on HUC130: 171100090201
Pre-training on HUC135: 171100050805
Pre-training on HUC140: 170602080401
Pre-training on HUC145: 170602080102
Pre-training on HUC150: 171100051002
Pre-training on HUC155: 170200090204
Pre-training on HUC160: 170200110304
2026/08/25 17:49:36 WARNING mlflow.utils.requirements_utils: Found torch version (2.5.1+cu121) contains a local version label (+cu121). MLflow logged a pip requirement for this package as 'torch==2.5.1' without the local version label to make it installable from PyPI. To specify pip requirements containing local version labels, please use `conda_env` or `pip_requirements`.
2026/08/25 17:49:40 WARNING mlflow.utils.requirements_utils: Found torch version (2.5.1+cu121) contains a local version label (+cu121). MLflow logged a pip requirement for this package as 'torch==2.5.1' without the local version label to make it installable from PyPI. To specify pip requirements containing local version labels, please use `conda_env` or `pip_requirements`.
2026/08/25 17:49:40 WARNING mlflow.models.model: Model logged without a signature and input example. Please set `input_example` parameter when logging the model to auto infer the model signature.
2026/08/25 17:49:40 WARNING mlflow.models.model: Logging model metadata to the tracking server has failed. The model artifacts have been logged successfully under s3://dawgs-mlflow-artifacts/700/c8ad94d90e2f4a88a5f058f68507ada7/artifacts. Set logging level to DEBUG via `logging.getLogger("mlflow").setLevel(logging.DEBUG)` to see the full traceback.
evaluating on huc 170103040401
test_mse: 0.0713069885969162
test_kge: -0.1667350175159612
test_r2: -0.6439218521118164
test_mae: 0.1781623810529709
evaluating on huc 170103020101
test_mse: 0.08081115782260895
test_kge: -0.5764144206060282
test_r2: -1.6639289855957031
test_mae: 0.19101212918758392
evaluating on huc 170200110503
test_mse: 0.3094244599342346
test_kge: -8.285628937075657
test_r2: -49.30076217651367
test_mae: 0.43452906608581543
evaluating on huc 170200110403
test_mse: 0.06384743750095367
test_kge: 0.69266088212911
test_r2: 0.6204327344894409
test_mae: 0.17836454510688782
evaluating on huc 171100060202
test_mse: 0.06160692125558853
test_kge: 0.7831470959782683
test_r2: 0.6733450889587402
test_mae: 0.17430168390274048
evaluating on huc 171100051004
test_mse: 0.09082773327827454
test_kge: 0.6300936242877573
test_r2: 0.45182013511657715
test_mae: 0.20461608469486237
evaluating on huc 171100060402
test_mse: 0.12493191659450531
test_kge: -0.8553815931798829
test_r2: -2.0175201892852783
test_mae: 0.24962681531906128
evaluating on huc 170200110102
test_mse: 0.0599328875541687
test_kge: 0.785429702516894
test_r2: 0.6878476738929749
test_mae: 0.1726575791835785
evaluating on huc 170602080505
test_mse: 0.08069927245378494
test_kge: -0.5802029013475405
test_r2: -2.0360050201416016
test_mae: 0.2066439688205719
evaluating on huc 170602080412
test_mse: 0.09378749877214432
test_kge: -2.2502265003308914
test_r2: -8.176140785217285
test_mae: 0.21207015216350555
evaluating on huc 170103040901
test_mse: 0.12442971020936966
test_kge: -2.4237182503345873
test_r2: -7.843395233154297
test_mae: 0.23623166978359222
evaluating on huc 170103040701
test_mse: 0.07102794200181961
test_kge: -0.2341931527303842
test_r2: -0.7342613935470581
test_mae: 0.1745629459619522
evaluating on huc 170602080503
test_mse: 0.0874682292342186
test_kge: -0.545363158934046
test_r2: -1.8809459209442139
test_mae: 0.21661700308322906
evaluating on huc 171100050402
test_mse: 0.0660693570971489
test_kge: 0.6415588852553
test_r2: 0.47120141983032227
test_mae: 0.18140096962451935
evaluating on huc 170602070707
test_mse: 0.15085460245609283
test_kge: -5.392329922407413
test_r2: -30.511760711669922
test_mae: 0.27575984597206116
evaluating on huc 170602070701
test_mse: 0.12328992038965225
test_kge: -2.9617956009277395
test_r2: -12.751748085021973
test_mae: 0.2543679177761078
evaluating on huc 170602080605
test_mse: 0.07874744385480881
test_kge: -0.8123204129313613
test_r2: -2.6840484142303467
test_mae: 0.2037019282579422
evaluating on huc 171100050801
test_mse: 0.08295789361000061
test_kge: 0.7279613927899742
test_r2: 0.6419445276260376
test_mae: 0.20885254442691803
evaluating on huc 170200110301
test_mse: 0.06768139451742172
test_kge: 0.7403030877312293
test_r2: 0.6229235529899597
test_mae: 0.18798457086086273
evaluating on huc 171100090103
test_mse: 0.07197817414999008
test_kge: 0.7298215925627379
test_r2: 0.6130070686340332
test_mae: 0.18593963980674744
evaluating on huc 170200110502
test_mse: 0.043249960988759995
test_kge: 0.6534597127382886
test_r2: 0.5075304508209229
test_mae: 0.1397676318883896
evaluating on huc 170602080206
test_mse: 0.06839165836572647
test_kge: -0.6933400248797748
test_r2: -2.320019245147705
test_mae: 0.18438394367694855
evaluating on huc 170602080108
test_mse: 0.07578474283218384
test_kge: -0.86997799554111
test_r2: -2.659423828125
test_mae: 0.19808542728424072
evaluating on huc 170200090106
test_mse: 0.06707599014043808
test_kge: 0.7578534477980541
test_r2: 0.6520981192588806
test_mae: 0.19024039804935455
evaluating on huc 171100060403
test_mse: 0.15865935385227203
test_kge: -2.8796031941542712
test_r2: -9.845669746398926
test_mae: 0.2861018180847168
evaluating on huc 170602071107
test_mse: 0.11367015540599823
test_kge: -5.3270808679016195
test_r2: -28.581911087036133
test_mae: 0.22902408242225647
evaluating on huc 170200110601
test_mse: 0.20489779114723206
test_kge: -7.0976675698276335
test_r2: -38.87699890136719
test_mae: 0.32159528136253357
evaluating on huc 170200110703
test_mse: 0.1396874338388443
test_kge: -2.037375602338939
test_r2: -7.269401550292969
test_mae: 0.26883697509765625
evaluating on huc 170602080302
test_mse: 0.06620734184980392
test_kge: -0.551962245482194
test_r2: -1.9551033973693848
test_mae: 0.18164142966270447
evaluating on huc 170103040601
test_mse: 0.1232495978474617
test_kge: -2.8640264441441934
test_r2: -10.2186918258667
test_mae: 0.23216325044631958
evaluating on huc 170602070901
test_mse: 0.14397870004177094
test_kge: -2.1888687065553682
test_r2: -8.13664722442627
test_mae: 0.2870883047580719
evaluating on huc 170602080502
test_mse: 0.056384459137916565
test_kge: 0.46740932901764853
test_r2: 0.3079041838645935
test_mae: 0.16891586780548096
evaluating on huc 170103020302
test_mse: 0.07835909724235535
test_kge: -0.5981107899828499
test_r2: -1.6590969562530518
test_mae: 0.18602988123893738
evaluating on huc 171100050705
test_mse: 0.06760053336620331
test_kge: 0.6108408185381062
test_r2: 0.440864622592926
test_mae: 0.18633012473583221
evaluating on huc 170200090302
test_mse: 0.13433276116847992
test_kge: -3.003073028478604
test_r2: -15.480783462524414
test_mae: 0.2478824108839035
evaluating on huc 170200090209
test_mse: 0.08390044420957565
test_kge: -0.0001931164125745788
test_r2: -0.5340421199798584
test_mae: 0.19413627684116364
evaluating on huc 171100060102
test_mse: 0.07322093844413757
test_kge: 0.7509426248129415
test_r2: 0.6751600503921509
test_mae: 0.18350355327129364
evaluating on huc 170200110101
test_mse: 0.0786832645535469
test_kge: 0.6665574081725507
test_r2: 0.6415306329727173
test_mae: 0.18907146155834198
evaluating on huc 170602070705
test_mse: 0.12770994007587433
test_kge: -2.3346391106031636
test_r2: -8.635173797607422
test_mae: 0.25961336493492126
evaluating on huc 170602070704
test_mse: 0.07908052206039429
test_kge: -1.0536560961577721
test_r2: -3.5994648933410645
test_mae: 0.19488121569156647
evaluating on huc 170602070802
test_mse: 0.0928458571434021
test_kge: -1.3804271408170457
test_r2: -4.749398231506348
test_mae: 0.2233796864748001
evaluating on huc 170200090208
test_mse: 0.0976933017373085
test_kge: -0.3815607619251429
test_r2: -1.4264836311340332
test_mae: 0.23063495755195618
evaluating on huc 170602070902
test_mse: 0.11843116581439972
test_kge: -1.061112291771507
test_r2: -3.6714282035827637
test_mae: 0.2765984535217285
evaluating on huc 170200110501
test_mse: 0.09687522053718567
test_kge: -1.2507621330146739
test_r2: -4.1802568435668945
test_mae: 0.20794633030891418
evaluating on huc 171100050703
test_mse: 0.06058042123913765
test_kge: 0.647992673115604
test_r2: 0.4890059232711792
test_mae: 0.17524947226047516
evaluating on huc 170103020102
test_mse: 0.09298089891672134
test_kge: -0.976722638921377
test_r2: -2.8059964179992676
test_mae: 0.20834891498088837
evaluating on huc 171100050603
test_mse: 0.07455872744321823
test_kge: 0.15304243409541995
test_r2: -0.2132246494293213
test_mae: 0.1902075707912445
evaluating on huc 170602070105
test_mse: 0.05246258154511452
test_kge: 0.2020416375868821
test_r2: -0.22705841064453125
test_mae: 0.16012369096279144
evaluating on huc 170200090202
test_mse: 0.06440946459770203
test_kge: 0.41989588593218496
test_r2: 0.2168130874633789
test_mae: 0.1811264157295227
evaluating on huc 170602070904
test_mse: 0.15471400320529938
test_kge: -5.920495405682987
test_r2: -34.20945358276367
test_mae: 0.27744874358177185
evaluating on huc 170200090105
test_mse: 0.07795414328575134
test_kge: 0.7124894042176967
test_r2: 0.6782373189926147
test_mae: 0.1982419788837433
evaluating on huc 170602070603
test_mse: 0.12260549515485764
test_kge: -1.7353322342695878
test_r2: -6.244170665740967
test_mae: 0.2617771625518799
evaluating on huc 170200090108
test_mse: 0.05427540838718414
test_kge: 0.7700958142872941
test_r2: 0.6493059396743774
test_mae: 0.16368842124938965
evaluating on huc 170602071106
test_mse: 0.05412821099162102
test_kge: -0.22593911621229124
test_r2: -0.835986852645874
test_mae: 0.15499307215213776
✅ Checkpoint saved: /home/sagemaker-user/checkpoints/Exp1B_Humidity_3e-4_epoch11.pth
💾 Checkpoint saved: Exp1B_Humidity_3e-4_epoch11.pth
Epoch 12: Pre-training on multiple HUCs
Pre-training on HUC5: 170602080407
Pre-training on HUC10: 171100051006
Pre-training on HUC15: 171100050504
Pre-training on HUC20: 170103040804
Pre-training on HUC25: 170602080604
Pre-training on HUC30: 170602080106
Pre-training on HUC35: 170602070106
Pre-training on HUC40: 170200090110
Pre-training on HUC45: 171100090302
Pre-training on HUC50: 171100090403
Pre-training on HUC55: 171100050708
Pre-training on HUC60: 170200090201
Pre-training on HUC65: 170602070205
Pre-training on HUC70: 171100050405
Pre-training on HUC75: 170200110305
Pre-training on HUC80: 170103040201
Pre-training on HUC85: 170200110201
Pre-training on HUC90: 170200090203
Pre-training on HUC95: 170602070903
Pre-training on HUC100: 170103040502
Pre-training on HUC105: 171100050706
Pre-training on HUC110: 170602070803
Pre-training on HUC115: 170602070703
Pre-training on HUC120: 170103040803
Pre-training on HUC125: 170103040306
Pre-training on HUC130: 171100060203
Pre-training on HUC135: 170200110203
Pre-training on HUC140: 171100050502
Pre-training on HUC145: 170602080607
Pre-training on HUC150: 170200110111
Pre-training on HUC155: 170602080601
Pre-training on HUC160: 170103040307
evaluating on huc 171100051004
test_mse: 0.12902595102787018
test_kge: 0.16859009703426575
test_r2: 0.22127938270568848
test_mae: 0.2177984118461609
evaluating on huc 170200090208
test_mse: 0.011702924966812134
test_kge: 0.8479577959552729
test_r2: 0.7093254327774048
test_mae: 0.07175979018211365
evaluating on huc 170103020302
test_mse: 0.013941742479801178
test_kge: 0.7200068922733229
test_r2: 0.5268903970718384
test_mae: 0.07807281613349915
evaluating on huc 171100050402
test_mse: 0.05137413740158081
test_kge: 0.4787210108734431
test_r2: 0.5888173580169678
test_mae: 0.14720457792282104
evaluating on huc 170602080108
test_mse: 0.009182579815387726
test_kge: 0.7099948484820562
test_r2: 0.5566000938415527
test_mae: 0.05859631299972534
evaluating on huc 170602070901
test_mse: 0.018167750909924507
test_kge: 0.10576280765238799
test_r2: -0.15289509296417236
test_mae: 0.08645112812519073
evaluating on huc 170602070902
test_mse: 0.011845551431179047
test_kge: 0.5732080702163813
test_r2: 0.5327610969543457
test_mae: 0.06894214451313019
evaluating on huc 170602080302
test_mse: 0.008827654644846916
test_kge: 0.8001914536298848
test_r2: 0.6059858798980713
test_mae: 0.05829770117998123
evaluating on huc 170200110601
test_mse: 0.007243892177939415
test_kge: 0.24736765347262202
test_r2: -0.4097987413406372
test_mae: 0.05270342528820038
evaluating on huc 170200090302
test_mse: 0.006865277886390686
test_kge: 0.5820364713640112
test_r2: 0.1577247977256775
test_mae: 0.055166441947221756
evaluating on huc 170602080503
test_mse: 0.008299007080495358
test_kge: 0.85775676233585
test_r2: 0.726655125617981
test_mae: 0.05532355234026909
evaluating on huc 170200090209
test_mse: 0.034044329077005386
test_kge: 0.33461376917623187
test_r2: 0.37753087282180786
test_mae: 0.11782995611429214
evaluating on huc 170602080502
test_mse: 0.0197684895247221
test_kge: 0.6619046207072066
test_r2: 0.757349967956543
test_mae: 0.08868131041526794
evaluating on huc 170200110101
test_mse: 0.13393104076385498
test_kge: 0.26298764934572727
test_r2: 0.3898298144340515
test_mae: 0.2399350255727768
evaluating on huc 170200090106
test_mse: 0.08725754171609879
test_kge: 0.4060652444499695
test_r2: 0.5474227666854858
test_mae: 0.19209550321102142
evaluating on huc 170602080505
test_mse: 0.008479018695652485
test_kge: 0.8365324180057652
test_r2: 0.6810089945793152
test_mae: 0.056797467172145844
evaluating on huc 170602070603
test_mse: 0.01657302863895893
test_kge: 0.21436475548664158
test_r2: 0.020779311656951904
test_mae: 0.08532383292913437
evaluating on huc 171100050603
test_mse: 0.02642304264008999
test_kge: 0.5753977470338598
test_r2: 0.5700424909591675
test_mae: 0.10564513504505157
evaluating on huc 170200110403
test_mse: 0.061091966927051544
test_kge: 0.48683915535205546
test_r2: 0.636813759803772
test_mae: 0.15676656365394592
evaluating on huc 170602080412
test_mse: 0.007076147478073835
test_kge: 0.6063094704348466
test_r2: 0.30767184495925903
test_mae: 0.050871822983026505
evaluating on huc 170200110501
test_mse: 0.010379776358604431
test_kge: 0.6709195139730864
test_r2: 0.44495707750320435
test_mae: 0.06535502523183823
evaluating on huc 170200110301
test_mse: 0.07467396557331085
test_kge: 0.4440737054723295
test_r2: 0.583965539932251
test_mae: 0.17723578214645386
evaluating on huc 171100090103
test_mse: 0.11515193432569504
test_kge: 0.28969576634870975
test_r2: 0.3808819055557251
test_mae: 0.22393637895584106
evaluating on huc 170602070904
test_mse: 0.01721164770424366
test_kge: -0.9744153846660408
test_r2: -2.9169869422912598
test_mae: 0.08603030443191528
evaluating on huc 170103020101
test_mse: 0.012214715592563152
test_kge: 0.7445230272331319
test_r2: 0.5973435044288635
test_mae: 0.07385031878948212
evaluating on huc 171100060403
test_mse: 0.021785272285342216
test_kge: -0.1180739188068316
test_r2: -0.48920226097106934
test_mae: 0.10440561920404434
evaluating on huc 170602070704
test_mse: 0.007573916111141443
test_kge: 0.7819097750979161
test_r2: 0.5594874620437622
test_mae: 0.054928481578826904
evaluating on huc 170200110502
test_mse: 0.030695145949721336
test_kge: 0.529781078421025
test_r2: 0.650486946105957
test_mae: 0.1119975671172142
evaluating on huc 171100060102
test_mse: 0.12466534972190857
test_kge: 0.32210277473129745
test_r2: 0.4469303488731384
test_mae: 0.2306518256664276
evaluating on huc 171100060202
test_mse: 0.08782412856817245
test_kge: 0.392333254743382
test_r2: 0.5343351364135742
test_mae: 0.1933358758687973
evaluating on huc 171100050703
test_mse: 0.04234787076711655
test_kge: 0.5747326373779886
test_r2: 0.6427969932556152
test_mae: 0.13543322682380676
evaluating on huc 170103040401
test_mse: 0.014515102840960026
test_kge: 0.7583259685938265
test_r2: 0.6653666496276855
test_mae: 0.07939177751541138
evaluating on huc 170602070705
test_mse: 0.015244146808981895
test_kge: 0.15069759972727204
test_r2: -0.15010619163513184
test_mae: 0.07766735553741455
evaluating on huc 170200090202
test_mse: 0.021967725828289986
test_kge: 0.6748486652302597
test_r2: 0.7328834533691406
test_mae: 0.09588471800088882
evaluating on huc 170602071107
test_mse: 0.009847454726696014
test_kge: -0.4298923236917358
test_r2: -1.5627353191375732
test_mae: 0.06121698021888733
evaluating on huc 170200110102
test_mse: 0.09423743188381195
test_kge: 0.3692787413706109
test_r2: 0.5091770887374878
test_mae: 0.20335036516189575
evaluating on huc 170602070701
test_mse: 0.016544919461011887
test_kge: -0.19824061861891518
test_r2: -0.8454189300537109
test_mae: 0.0848059430718422
evaluating on huc 170602071106
test_mse: 0.011298230849206448
test_kge: 0.6635521996069866
test_r2: 0.6167727708816528
test_mae: 0.06488057971000671
evaluating on huc 170200090108
test_mse: 0.06469076126813889
test_kge: 0.42589800128342015
test_r2: 0.5820083618164062
test_mae: 0.16476431488990784
evaluating on huc 170200110703
test_mse: 0.011842037551105022
test_kge: 0.49506026032710104
test_r2: 0.29895931482315063
test_mae: 0.07269158214330673
evaluating on huc 170103040701
test_mse: 0.018428010866045952
test_kge: 0.6174041499550792
test_r2: 0.5500504970550537
test_mae: 0.08810294419527054
evaluating on huc 170103040901
test_mse: 0.011119850911200047
test_kge: 0.5713303764147495
test_r2: 0.20969653129577637
test_mae: 0.0671335756778717
evaluating on huc 170602080206
test_mse: 0.007878361269831657
test_kge: 0.8106748677130192
test_r2: 0.6175511479377747
test_mae: 0.054356034845113754
evaluating on huc 170602080605
test_mse: 0.010386680252850056
test_kge: 0.7258091601968255
test_r2: 0.5140789747238159
test_mae: 0.061698149889707565
evaluating on huc 171100050801
test_mse: 0.15076221525669098
test_kge: 0.3131206315208581
test_r2: 0.34929358959198
test_mae: 0.27717071771621704
evaluating on huc 170602070707
test_mse: 0.014880363829433918
test_kge: -0.6710838525791754
test_r2: -2.1083338260650635
test_mae: 0.07989947497844696
evaluating on huc 170103040601
test_mse: 0.010839329101145267
test_kge: 0.4726298986011519
test_r2: 0.013359129428863525
test_mae: 0.06575695425271988
evaluating on huc 171100060402
test_mse: 0.026051899418234825
test_kge: 0.5058902177853123
test_r2: 0.3707602024078369
test_mae: 0.1135251373052597
evaluating on huc 170200110503
test_mse: 0.00793314166367054
test_kge: 0.21613826020705085
test_r2: -0.28963005542755127
test_mae: 0.05711095780134201
evaluating on huc 170602070105
test_mse: 0.013533508405089378
test_kge: 0.6848979338131488
test_r2: 0.6834619045257568
test_mae: 0.07307524234056473
evaluating on huc 170103020102
test_mse: 0.013502978719770908
test_kge: 0.577374264466008
test_r2: 0.4472811818122864
test_mae: 0.07905848324298859
evaluating on huc 171100050705
test_mse: 0.053872525691986084
test_kge: 0.49887460637545944
test_r2: 0.5544112920761108
test_mae: 0.14879293739795685
evaluating on huc 170602070802
test_mse: 0.008853389881551266
test_kge: 0.7344146818181496
test_r2: 0.4517616033554077
test_mae: 0.055674776434898376
evaluating on huc 170200090105
test_mse: 0.14352087676525116
test_kge: 0.2987972867036738
test_r2: 0.40760481357574463
test_mae: 0.25281113386154175
✅ Checkpoint saved: /home/sagemaker-user/checkpoints/Exp1B_Humidity_3e-4_epoch12.pth
2026/08/25 18:22:56 WARNING mlflow.utils.requirements_utils: Found torch version (2.5.1+cu121) contains a local version label (+cu121). MLflow logged a pip requirement for this package as 'torch==2.5.1' without the local version label to make it installable from PyPI. To specify pip requirements containing local version labels, please use `conda_env` or `pip_requirements`.
2026/08/25 18:23:00 WARNING mlflow.utils.requirements_utils: Found torch version (2.5.1+cu121) contains a local version label (+cu121). MLflow logged a pip requirement for this package as 'torch==2.5.1' without the local version label to make it installable from PyPI. To specify pip requirements containing local version labels, please use `conda_env` or `pip_requirements`.
2026/08/25 18:23:00 WARNING mlflow.models.model: Model logged without a signature and input example. Please set `input_example` parameter when logging the model to auto infer the model signature.
2026/08/25 18:23:00 WARNING mlflow.models.model: Logging model metadata to the tracking server has failed. The model artifacts have been logged successfully under s3://dawgs-mlflow-artifacts/700/c8ad94d90e2f4a88a5f058f68507ada7/artifacts. Set logging level to DEBUG via `logging.getLogger("mlflow").setLevel(logging.DEBUG)` to see the full traceback.
💾 Checkpoint saved: Exp1B_Humidity_3e-4_epoch12.pth
Epoch 13: Pre-training on multiple HUCs
Pre-training on HUC5: 170103040306
Pre-training on HUC10: 170602080603
Pre-training on HUC15: 170602080106
Pre-training on HUC20: 171100050601
Pre-training on HUC25: 170103040303
Pre-training on HUC30: 170103040607
Pre-training on HUC35: 170602080403
Pre-training on HUC40: 171100051002
Pre-training on HUC45: 170602080406
Pre-training on HUC50: 170200110406
Pre-training on HUC55: 170602070104
Pre-training on HUC60: 170103040604
Pre-training on HUC65: 170200110402
Pre-training on HUC70: 170602070201
Pre-training on HUC75: 170602080604
Pre-training on HUC80: 170103040602
Pre-training on HUC85: 170200110603
Pre-training on HUC90: 170602070403
Pre-training on HUC95: 170103040606
Pre-training on HUC100: 170103040305
Pre-training on HUC105: 170602070706
Pre-training on HUC110: 170602080203
Pre-training on HUC115: 170200110405
Pre-training on HUC120: 170200110110
Pre-training on HUC125: 170602080102
Pre-training on HUC130: 170602071104
Pre-training on HUC135: 170602070401
Pre-training on HUC140: 170200110304
Pre-training on HUC145: 171100050805
Pre-training on HUC150: 170602070305
Pre-training on HUC155: 170200090102
Pre-training on HUC160: 170602070402
evaluating on huc 170200110501
test_mse: 0.013831929303705692
test_kge: 0.6212466609745084
test_r2: 0.2603583335876465
test_mae: 0.07806050777435303
evaluating on huc 170200110301
test_mse: 0.08235368132591248
test_kge: 0.5606016621764884
test_r2: 0.5411791801452637
test_mae: 0.20462171733379364
evaluating on huc 171100050402
test_mse: 0.05691758170723915
test_kge: 0.5508647074429976
test_r2: 0.5444493293762207
test_mae: 0.1680079698562622
evaluating on huc 170103040401
test_mse: 0.02753937616944313
test_kge: 0.6432702498403817
test_r2: 0.3651031255722046
test_mae: 0.11123466491699219
evaluating on huc 170103020102
test_mse: 0.026445938274264336
test_kge: 0.36065803696617793
test_r2: -0.08251416683197021
test_mae: 0.1073322519659996
evaluating on huc 171100060403
test_mse: 0.040567006915807724
test_kge: -0.7953112738686834
test_r2: -1.773087978363037
test_mae: 0.15266618132591248
evaluating on huc 170602070707
test_mse: 0.018531864508986473
test_kge: -0.7465021088599253
test_r2: -2.8710896968841553
test_mae: 0.08959697186946869
evaluating on huc 170602070902
test_mse: 0.09738994389772415
test_kge: -0.8403630642193907
test_r2: -2.841472864151001
test_mae: 0.2511011064052582
evaluating on huc 170200110102
test_mse: 0.12508004903793335
test_kge: 0.3105558379971828
test_r2: 0.34853750467300415
test_mae: 0.2513185143470764
evaluating on huc 171100060102
test_mse: 0.17059873044490814
test_kge: 0.22329344272116203
test_r2: 0.24314987659454346
test_mae: 0.29454028606414795
evaluating on huc 170602080206
test_mse: 0.07458258420228958
test_kge: -0.7344579343029609
test_r2: -2.6205527782440186
test_mae: 0.20126792788505554
evaluating on huc 170602080503
test_mse: 0.0630669891834259
test_kge: -0.29784365155258774
test_r2: -1.0772409439086914
test_mae: 0.19084303081035614
evaluating on huc 170602080302
test_mse: 0.06363986432552338
test_kge: -0.5002904585378385
test_r2: -1.8405060768127441
test_mae: 0.18595604598522186
evaluating on huc 170602070904
test_mse: 0.019719025120139122
test_kge: -0.9832001378754343
test_r2: -3.48760986328125
test_mae: 0.09241919219493866
evaluating on huc 170200090108
test_mse: 0.07895796746015549
test_kge: 0.4354504201069612
test_r2: 0.48982250690460205
test_mae: 0.19751793146133423
evaluating on huc 170602070802
test_mse: 0.050373759120702744
test_kge: -0.653100579648209
test_r2: -2.1193506717681885
test_mae: 0.1626606583595276
evaluating on huc 170200090106
test_mse: 0.10225506871938705
test_kge: 0.43421197492802466
test_r2: 0.46963536739349365
test_mae: 0.22667235136032104
evaluating on huc 170602070704
test_mse: 0.018438536673784256
test_kge: 0.4918771272676301
test_r2: -0.07241833209991455
test_mae: 0.09293635934591293
evaluating on huc 170103040901
test_mse: 0.01999068818986416
test_kge: 0.18439168452165555
test_r2: -0.4207664728164673
test_mae: 0.09156481921672821
evaluating on huc 171100050703
test_mse: 0.06689149141311646
test_kge: 0.4637721790039008
test_r2: 0.4357722997665405
test_mae: 0.18541084229946136
evaluating on huc 170200090209
test_mse: 0.031288862228393555
test_kge: 0.48984719866561677
test_r2: 0.42791205644607544
test_mae: 0.12027693539857864
evaluating on huc 170200110502
test_mse: 0.042903799563646317
test_kge: 0.5459081826433281
test_r2: 0.5114719867706299
test_mae: 0.1433306485414505
evaluating on huc 171100050801
test_mse: 0.18739977478981018
test_kge: 0.2810885439462375
test_r2: 0.1911618709564209
test_mae: 0.323496013879776
evaluating on huc 170200110503
test_mse: 0.03224561735987663
test_kge: -1.2939249278153087
test_r2: -4.2419233322143555
test_mae: 0.13314102590084076
evaluating on huc 171100060402
test_mse: 0.044841233640909195
test_kge: 0.13655960724844718
test_r2: -0.08306455612182617
test_mae: 0.1585271805524826
evaluating on huc 170602070705
test_mse: 0.02990679442882538
test_kge: -0.42711611786351433
test_r2: -1.2563409805297852
test_mae: 0.12092100083827972
evaluating on huc 170602080412
test_mse: 0.040510427206754684
test_kge: -0.6268198501320743
test_r2: -2.9635279178619385
test_mae: 0.1212112307548523
evaluating on huc 170200110703
test_mse: 0.018617883324623108
test_kge: 0.2611226087089822
test_r2: -0.10216617584228516
test_mae: 0.09345941245555878
evaluating on huc 170602080108
test_mse: 0.09619861096143723
test_kge: -1.1468066485569839
test_r2: -3.6451497077941895
test_mae: 0.22965526580810547
evaluating on huc 170602071107
test_mse: 0.036159612238407135
test_kge: -1.8813274155679056
test_r2: -8.41030216217041
test_mae: 0.10775076597929001
evaluating on huc 171100050705
test_mse: 0.07182975113391876
test_kge: 0.4299844664424902
test_r2: 0.4058840274810791
test_mae: 0.18712908029556274
evaluating on huc 170103040701
test_mse: 0.022311219945549965
test_kge: 0.6741997923141788
test_r2: 0.45523571968078613
test_mae: 0.09798531234264374
evaluating on huc 170200090105
test_mse: 0.17159922420978546
test_kge: 0.27759273465670187
test_r2: 0.29170888662338257
test_mae: 0.2944563031196594
evaluating on huc 170602080502
test_mse: 0.060815487056970596
test_kge: 0.38327623015500856
test_r2: 0.2535151243209839
test_mae: 0.18796345591545105
evaluating on huc 170602071106
test_mse: 0.04369033873081207
test_kge: 0.2764756524771842
test_r2: -0.48194241523742676
test_mae: 0.1314600110054016
evaluating on huc 170200090208
test_mse: 0.019390031695365906
test_kge: 0.7261535170143041
test_r2: 0.5183948278427124
test_mae: 0.09969303011894226
evaluating on huc 170602070603
test_mse: 0.04172594100236893
test_kge: -0.4295579098403204
test_r2: -1.4653856754302979
test_mae: 0.14436210691928864
evaluating on huc 170200090302
test_mse: 0.01359119825065136
test_kge: 0.31142915114424874
test_r2: -0.6674530506134033
test_mae: 0.07882289588451385
evaluating on huc 171100051004
test_mse: 0.1277603805065155
test_kge: 0.21327434669712564
test_r2: 0.22891753911972046
test_mae: 0.23580676317214966
evaluating on huc 170103040601
test_mse: 0.021838204935193062
test_kge: -0.10419217025849026
test_r2: -0.9878042936325073
test_mae: 0.09540190547704697
evaluating on huc 170602080505
test_mse: 0.057633720338344574
test_kge: -0.3127831901436171
test_r2: -1.1682507991790771
test_mae: 0.17980356514453888
evaluating on huc 170602070701
test_mse: 0.025848541408777237
test_kge: -0.46599102342315013
test_r2: -1.8831441402435303
test_mae: 0.10937253385782242
evaluating on huc 171100090103
test_mse: 0.14019057154655457
test_kge: 0.24130319559670077
test_r2: 0.2462608814239502
test_mae: 0.2668948471546173
evaluating on huc 170200110601
test_mse: 0.028125464916229248
test_kge: -1.3032768926300293
test_r2: -4.473749160766602
test_mae: 0.1175307184457779
evaluating on huc 171100050603
test_mse: 0.031468961387872696
test_kge: 0.5894674501588536
test_r2: 0.487934947013855
test_mae: 0.1237742081284523
evaluating on huc 170103020302
test_mse: 0.023049168288707733
test_kge: 0.578697206047224
test_r2: 0.21783208847045898
test_mae: 0.09996604919433594
evaluating on huc 170103020101
test_mse: 0.023085884749889374
test_kge: 0.5691432037974485
test_r2: 0.23897689580917358
test_mae: 0.10075220465660095
evaluating on huc 171100060202
test_mse: 0.11413353681564331
test_kge: 0.3714432042782537
test_r2: 0.3948362469673157
test_mae: 0.24173800647258759
evaluating on huc 170602070901
test_mse: 0.0510413758456707
test_kge: -0.7945398926472358
test_r2: -2.239000082015991
test_mae: 0.1646888107061386
evaluating on huc 170602070105
test_mse: 0.05058231204748154
test_kge: 0.24219161175706383
test_r2: -0.18308043479919434
test_mae: 0.1650751680135727
evaluating on huc 170200090202
test_mse: 0.031191295012831688
test_kge: 0.7661241599006435
test_r2: 0.6207294464111328
test_mae: 0.12436676770448685
evaluating on huc 170602080605
test_mse: 0.05267125368118286
test_kge: -0.3706031565134835
test_r2: -1.4641237258911133
test_mae: 0.1626894474029541
evaluating on huc 170200110101
test_mse: 0.16244298219680786
test_kge: 0.22400534793945193
test_r2: 0.25993359088897705
test_mae: 0.2798725366592407
evaluating on huc 170200110403
test_mse: 0.08421355485916138
test_kge: 0.48217256823842025
test_r2: 0.49935799837112427
test_mae: 0.20286159217357635
✅ Checkpoint saved: /home/sagemaker-user/checkpoints/Exp1B_Humidity_3e-4_epoch13.pth
2026/08/25 18:55:45 WARNING mlflow.utils.requirements_utils: Found torch version (2.5.1+cu121) contains a local version label (+cu121). MLflow logged a pip requirement for this package as 'torch==2.5.1' without the local version label to make it installable from PyPI. To specify pip requirements containing local version labels, please use `conda_env` or `pip_requirements`.
2026/08/25 18:55:48 WARNING mlflow.utils.requirements_utils: Found torch version (2.5.1+cu121) contains a local version label (+cu121). MLflow logged a pip requirement for this package as 'torch==2.5.1' without the local version label to make it installable from PyPI. To specify pip requirements containing local version labels, please use `conda_env` or `pip_requirements`.
2026/08/25 18:55:48 WARNING mlflow.models.model: Model logged without a signature and input example. Please set `input_example` parameter when logging the model to auto infer the model signature.
2026/08/25 18:55:48 WARNING mlflow.models.model: Logging model metadata to the tracking server has failed. The model artifacts have been logged successfully under s3://dawgs-mlflow-artifacts/700/c8ad94d90e2f4a88a5f058f68507ada7/artifacts. Set logging level to DEBUG via `logging.getLogger("mlflow").setLevel(logging.DEBUG)` to see the full traceback.
💾 Checkpoint saved: Exp1B_Humidity_3e-4_epoch13.pth
Epoch 14: Pre-training on multiple HUCs
Pre-training on HUC5: 171100050604
Pre-training on HUC10: 170602070305
Pre-training on HUC15: 171100050707
Pre-training on HUC20: 171100050804
Pre-training on HUC25: 171100090401
Pre-training on HUC30: 170602070201
Pre-training on HUC35: 170602080507
Pre-training on HUC40: 170602080405
Pre-training on HUC45: 170200110201
Pre-training on HUC50: 171100050706
Pre-training on HUC55: 170602080401
Pre-training on HUC60: 170103040306
Pre-training on HUC65: 170602071105
Pre-training on HUC70: 170200090110
Pre-training on HUC75: 170602070301
Pre-training on HUC80: 170602080603
Pre-training on HUC85: 170103040607
Pre-training on HUC90: 170200110106
Pre-training on HUC95: 171100051103
Pre-training on HUC100: 171100050805
Pre-training on HUC105: 170103040402
Pre-training on HUC110: 171100050502
Pre-training on HUC115: 171100050504
Pre-training on HUC120: 170200110702
Pre-training on HUC125: 170200090111
Pre-training on HUC130: 170103040307
Pre-training on HUC135: 170200090304
Pre-training on HUC140: 170602080608
Pre-training on HUC145: 170602070602
Pre-training on HUC150: 170602070106
Pre-training on HUC155: 170602080601
Pre-training on HUC160: 170103040105
evaluating on huc 170602080502
test_mse: 0.04261740669608116
test_kge: 0.4093582026660223
test_r2: 0.4768890142440796
test_mae: 0.12649238109588623
evaluating on huc 170103020102
test_mse: 0.011056020855903625
test_kge: 0.6003019770110087
test_r2: 0.5474427938461304
test_mae: 0.06283648312091827
evaluating on huc 170103040701
test_mse: 0.021837476640939713
test_kge: 0.3479790461543085
test_r2: 0.4668028950691223
test_mae: 0.08274467289447784
evaluating on huc 170602070603
test_mse: 0.01009457465261221
test_kge: 0.608825109792761
test_r2: 0.4035600423812866
test_mae: 0.06933537125587463
evaluating on huc 170200090105
test_mse: 0.28559255599975586
test_kge: -0.049127644463327735
test_r2: -0.17880868911743164
test_mae: 0.36342746019363403
evaluating on huc 171100050705
test_mse: 0.11918123066425323
test_kge: 0.035769587450639295
test_r2: 0.014231979846954346
test_mae: 0.22237320244312286
evaluating on huc 170200110502
test_mse: 0.07240621000528336
test_kge: 0.13902713025666613
test_r2: 0.17554014921188354
test_mae: 0.17270827293395996
evaluating on huc 170103040401
test_mse: 0.023748939856886864
test_kge: 0.40498731735073135
test_r2: 0.45248842239379883
test_mae: 0.09164803475141525
evaluating on huc 170200110501
test_mse: 0.00696111423894763
test_kge: 0.5347236507464614
test_r2: 0.627764880657196
test_mae: 0.0500854067504406
evaluating on huc 171100060402
test_mse: 0.02798522636294365
test_kge: 0.40029283105092883
test_r2: 0.3240639567375183
test_mae: 0.10561875253915787
evaluating on huc 170602080302
test_mse: 0.01000995747745037
test_kge: 0.7441596401918877
test_r2: 0.5532148480415344
test_mae: 0.06670273840427399
evaluating on huc 170200110503
test_mse: 0.0028997238259762526
test_kge: 0.7532437534335247
test_r2: 0.5286141633987427
test_mae: 0.030098771676421165
evaluating on huc 170200090202
test_mse: 0.059469714760780334
test_kge: 0.2551493059490637
test_r2: 0.2768779397010803
test_mae: 0.15910139679908752
evaluating on huc 170200110101
test_mse: 0.24565692245960236
test_kge: -0.0480853577329492
test_r2: -0.11917686462402344
test_mae: 0.3238676190376282
evaluating on huc 171100050703
test_mse: 0.11492185294628143
test_kge: 0.0781717848452893
test_r2: 0.03063756227493286
test_mae: 0.22541703283786774
evaluating on huc 170602070701
test_mse: 0.0062580895610153675
test_kge: 0.553737222521102
test_r2: 0.30197322368621826
test_mae: 0.05151742696762085
evaluating on huc 171100060403
test_mse: 0.010976193472743034
test_kge: 0.4743978858970588
test_r2: 0.24968701601028442
test_mae: 0.06883083283901215
evaluating on huc 171100090103
test_mse: 0.20816141366958618
test_kge: -0.05450963542090426
test_r2: -0.11918652057647705
test_mae: 0.3026098608970642
evaluating on huc 170602070707
test_mse: 0.004514448810368776
test_kge: 0.3596181114032577
test_r2: 0.05698442459106445
test_mae: 0.04096420109272003
evaluating on huc 171100050402
test_mse: 0.11530516296625137
test_kge: 0.10254751693264463
test_r2: 0.07713329792022705
test_mae: 0.22615386545658112
evaluating on huc 170200090209
test_mse: 0.039279524236917496
test_kge: 0.16406569276737903
test_r2: 0.2818101644515991
test_mae: 0.12041980028152466
evaluating on huc 170602080108
test_mse: 0.011932575143873692
test_kge: 0.6162762704094775
test_r2: 0.42381083965301514
test_mae: 0.07320176064968109
evaluating on huc 170200110301
test_mse: 0.17616377770900726
test_kge: 0.05596487101309222
test_r2: 0.018530666828155518
test_mae: 0.2831968367099762
evaluating on huc 170103020302
test_mse: 0.014376988634467125
test_kge: 0.49450162634029515
test_r2: 0.5121203660964966
test_mae: 0.06790100038051605
evaluating on huc 170200110403
test_mse: 0.15552598237991333
test_kge: 0.067796167724541
test_r2: 0.07541203498840332
test_mae: 0.25802820920944214
evaluating on huc 170602080503
test_mse: 0.011406656354665756
test_kge: 0.6999333655644384
test_r2: 0.6242983341217041
test_mae: 0.06964646279811859
evaluating on huc 170103040601
test_mse: 0.0048363166861236095
test_kge: 0.7068752518777379
test_r2: 0.5597783327102661
test_mae: 0.04182871803641319
evaluating on huc 170602080412
test_mse: 0.0054559665732085705
test_kge: 0.6938721764054574
test_r2: 0.4661898612976074
test_mae: 0.04467145726084709
evaluating on huc 170602071106
test_mse: 0.0167886633425951
test_kge: 0.4195347510784624
test_r2: 0.4305415749549866
test_mae: 0.07870319485664368
evaluating on huc 171100050801
test_mse: 0.3140813708305359
test_kge: -0.08346786391503369
test_r2: -0.3556098937988281
test_mae: 0.4047733247280121
evaluating on huc 170602080605
test_mse: 0.011026328429579735
test_kge: 0.690577304944385
test_r2: 0.4841543436050415
test_mae: 0.06980255991220474
evaluating on huc 170602071107
test_mse: 0.003820844693109393
test_kge: 0.38652703845865277
test_r2: 0.00565028190612793
test_mae: 0.03639199957251549
evaluating on huc 170602070105
test_mse: 0.019127298146486282
test_kge: 0.5446273535432252
test_r2: 0.5526275634765625
test_mae: 0.08694421499967575
evaluating on huc 170602080505
test_mse: 0.010891213081777096
test_kge: 0.7155827565296227
test_r2: 0.590259313583374
test_mae: 0.06964410096406937
evaluating on huc 171100060202
test_mse: 0.19760215282440186
test_kge: 0.007399457085549566
test_r2: -0.047734618186950684
test_mae: 0.2959032952785492
evaluating on huc 170602080206
test_mse: 0.008430765010416508
test_kge: 0.7532890872120506
test_r2: 0.5907351970672607
test_mae: 0.06015709042549133
evaluating on huc 171100060102
test_mse: 0.2570800185203552
test_kge: -0.06911183772714358
test_r2: -0.1405186653137207
test_mae: 0.3365383744239807
evaluating on huc 170200090106
test_mse: 0.19729627668857574
test_kge: 0.02820380654577881
test_r2: -0.023313283920288086
test_mae: 0.2950269281864166
evaluating on huc 170200090108
test_mse: 0.14635038375854492
test_kge: 0.06192356866529558
test_r2: 0.05437445640563965
test_mae: 0.2487415224313736
evaluating on huc 170200090208
test_mse: 0.0202572513371706
test_kge: 0.43519606452324133
test_r2: 0.49685508012771606
test_mae: 0.08787792921066284
evaluating on huc 170103020101
test_mse: 0.014272450469434261
test_kge: 0.520331505556467
test_r2: 0.5295105576515198
test_mae: 0.0729389488697052
evaluating on huc 170200090302
test_mse: 0.004936776123940945
test_kge: 0.48197986763292255
test_r2: 0.39432549476623535
test_mae: 0.043317221105098724
evaluating on huc 170602070901
test_mse: 0.009661786258220673
test_kge: 0.547473703310905
test_r2: 0.38687920570373535
test_mae: 0.06752428412437439
evaluating on huc 170602070902
test_mse: 0.00925577525049448
test_kge: 0.7528639817527012
test_r2: 0.6349129676818848
test_mae: 0.066602423787117
evaluating on huc 170602070704
test_mse: 0.008353508077561855
test_kge: 0.5783702936950731
test_r2: 0.514145016670227
test_mae: 0.05833258107304573
evaluating on huc 170200110102
test_mse: 0.20636461675167084
test_kge: -0.001010916205675283
test_r2: -0.07482218742370605
test_mae: 0.3033214509487152
evaluating on huc 170602070904
test_mse: 0.005282717756927013
test_kge: 0.15776733636156848
test_r2: -0.20222866535186768
test_mae: 0.04493090510368347
evaluating on huc 170200110601
test_mse: 0.002909549046307802
test_kge: 0.673181776176214
test_r2: 0.4337465763092041
test_mae: 0.02954055555164814
evaluating on huc 170200110703
test_mse: 0.0053447396494448185
test_kge: 0.7735318454772429
test_r2: 0.6835950016975403
test_mae: 0.04466666653752327
evaluating on huc 170602070705
test_mse: 0.007787098176777363
test_kge: 0.6389182755349841
test_r2: 0.4124964475631714
test_mae: 0.05854681879281998
evaluating on huc 171100051004
test_mse: 0.17008952796459198
test_kge: -0.05476441174913749
test_r2: -0.02655494213104248
test_mae: 0.2457531839609146
evaluating on huc 170103040901
test_mse: 0.005971653386950493
test_kge: 0.6407693392802165
test_r2: 0.575586199760437
test_mae: 0.043887149542570114
evaluating on huc 170602070802
test_mse: 0.008659481070935726
test_kge: 0.6577762181285594
test_r2: 0.46376925706863403
test_mae: 0.06184903159737587
evaluating on huc 171100050603
test_mse: 0.046267859637737274
test_kge: 0.236600964579474
test_r2: 0.2471262812614441
test_mae: 0.13513091206550598
✅ Checkpoint saved: /home/sagemaker-user/checkpoints/Exp1B_Humidity_3e-4_epoch14.pth
2026/08/25 19:28:34 WARNING mlflow.utils.requirements_utils: Found torch version (2.5.1+cu121) contains a local version label (+cu121). MLflow logged a pip requirement for this package as 'torch==2.5.1' without the local version label to make it installable from PyPI. To specify pip requirements containing local version labels, please use `conda_env` or `pip_requirements`.
2026/08/25 19:28:38 WARNING mlflow.utils.requirements_utils: Found torch version (2.5.1+cu121) contains a local version label (+cu121). MLflow logged a pip requirement for this package as 'torch==2.5.1' without the local version label to make it installable from PyPI. To specify pip requirements containing local version labels, please use `conda_env` or `pip_requirements`.
2026/08/25 19:28:38 WARNING mlflow.models.model: Model logged without a signature and input example. Please set `input_example` parameter when logging the model to auto infer the model signature.
2026/08/25 19:28:38 WARNING mlflow.models.model: Logging model metadata to the tracking server has failed. The model artifacts have been logged successfully under s3://dawgs-mlflow-artifacts/700/c8ad94d90e2f4a88a5f058f68507ada7/artifacts. Set logging level to DEBUG via `logging.getLogger("mlflow").setLevel(logging.DEBUG)` to see the full traceback.
💾 Checkpoint saved: Exp1B_Humidity_3e-4_epoch14.pth
Epoch 15: Pre-training on multiple HUCs
Pre-training on HUC5: 171100050601
Pre-training on HUC10: 170602080401
Pre-training on HUC15: 171100050903
Pre-training on HUC20: 170103040304
Pre-training on HUC25: 171100090101
Pre-training on HUC30: 170602071104
Pre-training on HUC35: 170103040703
Pre-training on HUC40: 170602070104
Pre-training on HUC45: 171100051103
Pre-training on HUC50: 170602070401
Pre-training on HUC55: 170602080507
Pre-training on HUC60: 170200110405
Pre-training on HUC65: 170602080405
Pre-training on HUC70: 170602070903
Pre-training on HUC75: 170200110111
Pre-training on HUC80: 170602070803
Pre-training on HUC85: 170103040502
Pre-training on HUC90: 170103040203
Pre-training on HUC95: 170103040606
Pre-training on HUC100: 170602080407
Pre-training on HUC105: 171100060106
Pre-training on HUC110: 170602070205
Pre-training on HUC115: 170103040501
Pre-training on HUC120: 170200090113
Pre-training on HUC125: 171100051006
Pre-training on HUC130: 170602080104
Pre-training on HUC135: 170602080504
Pre-training on HUC140: 170200110110
Pre-training on HUC145: 171100060204
Pre-training on HUC150: 171100060103
Pre-training on HUC155: 171100050403
Pre-training on HUC160: 170103040301
evaluating on huc 170602071106
test_mse: 0.026167377829551697
test_kge: 0.48631505272709374
test_r2: 0.1124228835105896
test_mae: 0.09635195881128311
evaluating on huc 170602080302
test_mse: 0.1157786026597023
test_kge: -1.2070476637237553
test_r2: -4.167670726776123
test_mae: 0.25695911049842834
evaluating on huc 171100050603
test_mse: 0.07643591612577438
test_kge: -0.07326018623397879
test_r2: -0.24377036094665527
test_mae: 0.19599054753780365
evaluating on huc 170200110502
test_mse: 0.03881339356303215
test_kge: 0.5036819261129974
test_r2: 0.5580477714538574
test_mae: 0.12895448505878448
evaluating on huc 170602070902
test_mse: 0.10580417513847351
test_kge: -0.9652884919935358
test_r2: -3.173366069793701
test_mae: 0.2578912675380707
evaluating on huc 170602070705
test_mse: 0.03128032386302948
test_kge: -0.3561128586567479
test_r2: -1.3599679470062256
test_mae: 0.1140868067741394
evaluating on huc 170103040701
test_mse: 0.039857301861047745
test_kge: -0.030344044203876264
test_r2: 0.026819884777069092
test_mae: 0.1280921846628189
evaluating on huc 170200110601
test_mse: 0.008271951228380203
test_kge: -0.6739226269398244
test_r2: -0.6098785400390625
test_mae: 0.060063693672418594
evaluating on huc 170602080206
test_mse: 0.15629447996616364
test_kge: -1.9025029889982452
test_r2: -6.587192535400391
test_mae: 0.3103320300579071
evaluating on huc 171100060202
test_mse: 0.09356730431318283
test_kge: 0.3830626501838966
test_r2: 0.503883421421051
test_mae: 0.2115606963634491
evaluating on huc 170200090209
test_mse: 0.08280303329229355
test_kge: -0.35935443467440553
test_r2: -0.5139769315719604
test_mae: 0.19442534446716309
evaluating on huc 170602070105
test_mse: 0.12368495017290115
test_kge: -0.42941222193116646
test_r2: -1.8928935527801514
test_mae: 0.25799036026000977
evaluating on huc 171100090103
test_mse: 0.20811191201210022
test_kge: 0.0006973268519322451
test_r2: -0.11892044544219971
test_mae: 0.3294510245323181
evaluating on huc 170602070701
test_mse: 0.01847309060394764
test_kge: -0.12261711184963753
test_r2: -1.0604870319366455
test_mae: 0.08281438052654266
evaluating on huc 170602080503
test_mse: 0.09142912179231644
test_kge: -0.631958854821203
test_r2: -2.0114059448242188
test_mae: 0.22566425800323486
evaluating on huc 170602070802
test_mse: 0.08508696407079697
test_kge: -1.339446740920923
test_r2: -4.268935680389404
test_mae: 0.2189411222934723
evaluating on huc 170200110403
test_mse: 0.07627687603235245
test_kge: 0.42114792430551196
test_r2: 0.5465408563613892
test_mae: 0.18454378843307495
evaluating on huc 171100050801
test_mse: 0.1891375631093979
test_kge: 0.25154732329123153
test_r2: 0.1836613416671753
test_mae: 0.3369864225387573
evaluating on huc 170602080605
test_mse: 0.08429795503616333
test_kge: -0.8873191952885173
test_r2: -2.943718433380127
test_mae: 0.2157524675130844
evaluating on huc 170200090105
test_mse: 0.16500937938690186
test_kge: 0.25330155915175234
test_r2: 0.3189091086387634
test_mae: 0.2937236726284027
evaluating on huc 170103040401
test_mse: 0.027270125225186348
test_kge: 0.36734155887518716
test_r2: 0.3713104724884033
test_mae: 0.10313887894153595
evaluating on huc 170200110301
test_mse: 0.06156101077795029
test_kge: 0.5667036362974596
test_r2: 0.6570223569869995
test_mae: 0.1638672798871994
evaluating on huc 170602071107
test_mse: 0.005462851375341415
test_kge: 0.3061265954622914
test_r2: -0.4216712713241577
test_mae: 0.04577583819627762
evaluating on huc 171100060403
test_mse: 0.021104194223880768
test_kge: -0.21923438200266232
test_r2: -0.44264495372772217
test_mae: 0.09212935715913773
evaluating on huc 170602070901
test_mse: 0.04805905371904373
test_kge: -0.6577027417071208
test_r2: -2.0497469902038574
test_mae: 0.15201923251152039
evaluating on huc 170103020102
test_mse: 0.012807887978851795
test_kge: 0.556627000300888
test_r2: 0.4757333993911743
test_mae: 0.07353184372186661
evaluating on huc 170602080412
test_mse: 0.014779822900891304
test_kge: 0.1635246111521863
test_r2: -0.44605350494384766
test_mae: 0.07167959958314896
evaluating on huc 170602070704
test_mse: 0.010881281457841396
test_kge: 0.6655071507311305
test_r2: 0.36712515354156494
test_mae: 0.06687089055776596
evaluating on huc 170602080505
test_mse: 0.0909806564450264
test_kge: -0.736653467122159
test_r2: -2.4228031635284424
test_mae: 0.22742973268032074
evaluating on huc 171100050705
test_mse: 0.10213055461645126
test_kge: 0.16210845261060602
test_r2: 0.15526098012924194
test_mae: 0.2251264750957489
evaluating on huc 170200090208
test_mse: 0.014425844885408878
test_kge: 0.7700352155966397
test_r2: 0.641694188117981
test_mae: 0.08037583529949188
evaluating on huc 171100050703
test_mse: 0.07604518532752991
test_kge: 0.3315560226123173
test_r2: 0.35856109857559204
test_mae: 0.19797943532466888
evaluating on huc 170200090202
test_mse: 0.02730460837483406
test_kge: 0.8203099901892753
test_r2: 0.6679896116256714
test_mae: 0.11248044669628143
evaluating on huc 170200110102
test_mse: 0.11878407746553421
test_kge: 0.2930459877945816
test_r2: 0.3813292384147644
test_mae: 0.24579419195652008
evaluating on huc 170200110503
test_mse: 0.01035124808549881
test_kge: -0.6809108342623729
test_r2: -0.6827231645584106
test_mae: 0.06777293235063553
evaluating on huc 170602080108
test_mse: 0.12769123911857605
test_kge: -1.5542541289566487
test_r2: -5.165836811065674
test_mae: 0.27639806270599365
evaluating on huc 171100060402
test_mse: 0.049649108201265335
test_kge: -0.10434474879382405
test_r2: -0.19919073581695557
test_mae: 0.1373920887708664
evaluating on huc 170200090106
test_mse: 0.09491119533777237
test_kge: 0.37875383578805133
test_r2: 0.507725715637207
test_mae: 0.21441695094108582
evaluating on huc 171100050402
test_mse: 0.047979239374399185
test_kge: 0.5838590905784045
test_r2: 0.615989089012146
test_mae: 0.1455443799495697
evaluating on huc 171100060102
test_mse: 0.22371256351470947
test_kge: 0.06394361571477059
test_r2: 0.007513880729675293
test_mae: 0.3372402787208557
evaluating on huc 171100051004
test_mse: 0.20323500037193298
test_kge: -0.15930121798297292
test_r2: -0.22660040855407715
test_mae: 0.2965278923511505
evaluating on huc 170602070603
test_mse: 0.048332639038562775
test_kge: -0.5322016624455435
test_r2: -1.855743646621704
test_mae: 0.14764438569545746
evaluating on huc 170200110501
test_mse: 0.029179995879530907
test_kge: -0.41614820769092886
test_r2: -0.5603563785552979
test_mae: 0.11678394675254822
evaluating on huc 170103040601
test_mse: 0.0157932098954916
test_kge: -0.4978622043014087
test_r2: -0.4375636577606201
test_mae: 0.0803305059671402
evaluating on huc 170200110703
test_mse: 0.01562861166894436
test_kge: 0.15149530985671278
test_r2: 0.07479667663574219
test_mae: 0.0837741419672966
evaluating on huc 170103020302
test_mse: 0.02458053268492222
test_kge: 0.15226841239242583
test_r2: 0.16586560010910034
test_mae: 0.10014031082391739
evaluating on huc 170103020101
test_mse: 0.01679309830069542
test_kge: 0.44488013284725314
test_r2: 0.44641774892807007
test_mae: 0.0851219892501831
evaluating on huc 170200110101
test_mse: 0.18991993367671967
test_kge: 0.11625715701585326
test_r2: 0.13475269079208374
test_mae: 0.3088982105255127
evaluating on huc 170602070707
test_mse: 0.006735683418810368
test_kge: 0.3480143673656565
test_r2: -0.4070054292678833
test_mae: 0.052544623613357544
evaluating on huc 170602070904
test_mse: 0.007730987388640642
test_kge: 0.2156569849334089
test_r2: -0.7594001293182373
test_mae: 0.05573224276304245
evaluating on huc 170103040901
test_mse: 0.021008703857660294
test_kge: -0.5415120696223275
test_r2: -0.49311816692352295
test_mae: 0.09108170866966248
evaluating on huc 170200090108
test_mse: 0.06107716262340546
test_kge: 0.4666484901468003
test_r2: 0.6053571701049805
test_mae: 0.1663021296262741
evaluating on huc 170602080502
test_mse: 0.12157279253005981
test_kge: 0.08784012928604479
test_r2: -0.49225568771362305
test_mae: 0.26538848876953125
evaluating on huc 170200090302
test_mse: 0.015482502058148384
test_kge: -0.5087278205282966
test_r2: -0.8994901180267334
test_mae: 0.09144123643636703
✅ Checkpoint saved: /home/sagemaker-user/checkpoints/Exp1B_Humidity_3e-4_epoch15.pth
2026/08/25 20:01:51 WARNING mlflow.utils.requirements_utils: Found torch version (2.5.1+cu121) contains a local version label (+cu121). MLflow logged a pip requirement for this package as 'torch==2.5.1' without the local version label to make it installable from PyPI. To specify pip requirements containing local version labels, please use `conda_env` or `pip_requirements`.
2026/08/25 20:01:55 WARNING mlflow.utils.requirements_utils: Found torch version (2.5.1+cu121) contains a local version label (+cu121). MLflow logged a pip requirement for this package as 'torch==2.5.1' without the local version label to make it installable from PyPI. To specify pip requirements containing local version labels, please use `conda_env` or `pip_requirements`.
2026/08/25 20:01:55 WARNING mlflow.models.model: Model logged without a signature and input example. Please set `input_example` parameter when logging the model to auto infer the model signature.
2026/08/25 20:01:55 WARNING mlflow.models.model: Logging model metadata to the tracking server has failed. The model artifacts have been logged successfully under s3://dawgs-mlflow-artifacts/700/c8ad94d90e2f4a88a5f058f68507ada7/artifacts. Set logging level to DEBUG via `logging.getLogger("mlflow").setLevel(logging.DEBUG)` to see the full traceback.
💾 Checkpoint saved: Exp1B_Humidity_3e-4_epoch15.pth
Epoch 16: Pre-training on multiple HUCs
Pre-training on HUC5: 170103040602
Pre-training on HUC10: 170602070501
Pre-training on HUC15: 171100051102
Pre-training on HUC20: 170103040203
Pre-training on HUC25: 170602080604
Pre-training on HUC30: 170602080603
Pre-training on HUC35: 170602070302
Pre-training on HUC40: 170200110306
Pre-training on HUC45: 170200110304
Pre-training on HUC50: 170200110111
Pre-training on HUC55: 170103040304
Pre-training on HUC60: 170602080507
Pre-training on HUC65: 171100050604
Pre-training on HUC70: 170103040303
Pre-training on HUC75: 170200110107
Pre-training on HUC80: 170602070101
Pre-training on HUC85: 171100050403
Pre-training on HUC90: 170103040301
Pre-training on HUC95: 170602080601
Pre-training on HUC100: 171100060301
Pre-training on HUC105: 170200110704
Pre-training on HUC110: 170103040302
Pre-training on HUC115: 170200090113
Pre-training on HUC120: 170602080607
Pre-training on HUC125: 170602080107
Pre-training on HUC130: 171100050701
Pre-training on HUC135: 170103020303
Pre-training on HUC140: 171100050902
Pre-training on HUC145: 170200090110
Pre-training on HUC150: 170200090204
Pre-training on HUC155: 171100090401
Pre-training on HUC160: 170200110404
evaluating on huc 170103020101
test_mse: 0.023367376998066902
test_kge: 0.17495287697289175
test_r2: 0.22969746589660645
test_mae: 0.09712019562721252
evaluating on huc 170602070705
test_mse: 0.01291597355157137
test_kge: 0.1522619649420215
test_r2: 0.02554452419281006
test_mae: 0.06800705194473267
evaluating on huc 171100050801
test_mse: 0.025246815755963326
test_kge: 0.8776494269315989
test_r2: 0.8910319805145264
test_mae: 0.10632304102182388
evaluating on huc 170602080108
test_mse: 0.005311119835823774
test_kge: 0.620866950886592
test_r2: 0.7435415983200073
test_mae: 0.047098491340875626
evaluating on huc 170602080502
test_mse: 0.008575419895350933
test_kge: 0.930226111761113
test_r2: 0.8947402834892273
test_mae: 0.05656057223677635
evaluating on huc 170602070105
test_mse: 0.0039068725891411304
test_kge: 0.8293137616224251
test_r2: 0.9086213111877441
test_mae: 0.039531320333480835
evaluating on huc 170103040901
test_mse: 0.015666263177990913
test_kge: -0.014551205859134164
test_r2: -0.11342334747314453
test_mae: 0.07386443018913269
evaluating on huc 170602071106
test_mse: 0.0023116786032915115
test_kge: 0.9547380982427955
test_r2: 0.9215896725654602
test_mae: 0.02975102886557579
evaluating on huc 171100051004
test_mse: 0.026675701141357422
test_kge: 0.8868162657777142
test_r2: 0.8390020132064819
test_mae: 0.10389688611030579
evaluating on huc 170200090108
test_mse: 0.009257704019546509
test_kge: 0.9471883396209262
test_r2: 0.9401824474334717
test_mae: 0.06170906126499176
evaluating on huc 171100060403
test_mse: 0.11433473229408264
test_kge: -2.1709500378701296
test_r2: -6.815717697143555
test_mae: 0.21779175102710724
evaluating on huc 170602070904
test_mse: 0.025166448205709457
test_kge: -1.5057453804064083
test_r2: -4.727321624755859
test_mae: 0.0993386059999466
evaluating on huc 170602080503
test_mse: 0.0038670310750603676
test_kge: 0.8747674106800625
test_r2: 0.8726313710212708
test_mae: 0.03922362998127937
evaluating on huc 170602071107
test_mse: 0.013843093998730183
test_kge: -1.004675538437557
test_r2: -2.602574110031128
test_mae: 0.0717579796910286
evaluating on huc 170200110301
test_mse: 0.024238543584942818
test_kge: 0.7900917295561786
test_r2: 0.8649587035179138
test_mae: 0.10071899741888046
evaluating on huc 170200090105
test_mse: 0.01717258058488369
test_kge: 0.9219691772221499
test_r2: 0.9291186332702637
test_mae: 0.08582958579063416
evaluating on huc 170200110703
test_mse: 0.034583304077386856
test_kge: -0.41267797885547997
test_r2: -1.0473082065582275
test_mae: 0.11901465058326721
evaluating on huc 170200110503
test_mse: 0.0177718847990036
test_kge: -0.8150225322084743
test_r2: -1.8890390396118164
test_mae: 0.07867784053087234
evaluating on huc 171100050703
test_mse: 0.05630264803767204
test_kge: 0.39689706970718475
test_r2: 0.5250888466835022
test_mae: 0.15693825483322144
evaluating on huc 170602070704
test_mse: 0.003348404774442315
test_kge: 0.7678087645357345
test_r2: 0.8052507638931274
test_mae: 0.0344017818570137
evaluating on huc 170200090302
test_mse: 0.005049499683082104
test_kge: 0.38283132377500795
test_r2: 0.3804957866668701
test_mae: 0.04425005987286568
evaluating on huc 171100050705
test_mse: 0.05279803276062012
test_kge: 0.40073657539263974
test_r2: 0.5632985830307007
test_mae: 0.1568397432565689
evaluating on huc 170103020302
test_mse: 0.01848984695971012
test_kge: 0.279039273473375
test_r2: 0.3725515604019165
test_mae: 0.08677083253860474
evaluating on huc 170200110601
test_mse: 0.014193855226039886
test_kge: -0.8483822686217881
test_r2: -1.7623934745788574
test_mae: 0.07240564376115799
evaluating on huc 170200090106
test_mse: 0.027475427836179733
test_kge: 0.8803720657838952
test_r2: 0.8574936389923096
test_mae: 0.09932862222194672
evaluating on huc 170200110501
test_mse: 0.008181058801710606
test_kge: 0.49994972381700553
test_r2: 0.5625301599502563
test_mae: 0.05180447921156883
evaluating on huc 171100060102
test_mse: 0.029429735615849495
test_kge: 0.8395817540093279
test_r2: 0.8694369196891785
test_mae: 0.10476795583963394
evaluating on huc 170602080206
test_mse: 0.003215253120288253
test_kge: 0.8556684635683571
test_r2: 0.8439180850982666
test_mae: 0.037137698382139206
evaluating on huc 170200110403
test_mse: 0.037009239196777344
test_kge: 0.7381167793952925
test_r2: 0.779983401298523
test_mae: 0.11314134299755096
evaluating on huc 170602080605
test_mse: 0.002896764548495412
test_kge: 0.8444001114071389
test_r2: 0.8644803762435913
test_mae: 0.03343706205487251
evaluating on huc 170602070902
test_mse: 0.010127329267561436
test_kge: 0.5133167009955186
test_r2: 0.6005351543426514
test_mae: 0.06529737263917923
evaluating on huc 170602070707
test_mse: 0.022340990602970123
test_kge: -1.2095933826464806
test_r2: -3.66677188873291
test_mae: 0.0937524139881134
evaluating on huc 170200110101
test_mse: 0.022521890699863434
test_kge: 0.7931238689359147
test_r2: 0.8973935842514038
test_mae: 0.09398415684700012
evaluating on huc 170200110502
test_mse: 0.007713578175753355
test_kge: 0.8903919764906977
test_r2: 0.9121686220169067
test_mae: 0.05418115481734276
evaluating on huc 170602070701
test_mse: 0.020109206438064575
test_kge: -0.46157069609288626
test_r2: -1.2429792881011963
test_mae: 0.09008641541004181
evaluating on huc 171100060202
test_mse: 0.01571151427924633
test_kge: 0.902749118767411
test_r2: 0.9166937470436096
test_mae: 0.07677125185728073
evaluating on huc 171100050402
test_mse: 0.011603298597037792
test_kge: 0.8052861935022495
test_r2: 0.907130777835846
test_mae: 0.06736443936824799
evaluating on huc 171100090103
test_mse: 0.024094171822071075
test_kge: 0.8730650609639469
test_r2: 0.8704569339752197
test_mae: 0.09304502606391907
evaluating on huc 170602080412
test_mse: 0.00483363913372159
test_kge: 0.4561645810647661
test_r2: 0.5270782113075256
test_mae: 0.04087701067328453
evaluating on huc 171100050603
test_mse: 0.026008909568190575
test_kge: 0.42145409605949624
test_r2: 0.5767812728881836
test_mae: 0.10164979845285416
evaluating on huc 170103040601
test_mse: 0.02345776930451393
test_kge: -0.5197045504247051
test_r2: -1.1352238655090332
test_mae: 0.09363695979118347
evaluating on huc 170602080302
test_mse: 0.0026009471621364355
test_kge: 0.911119745083235
test_r2: 0.8839091658592224
test_mae: 0.03326203301548958
evaluating on huc 170200090208
test_mse: 0.007530910894274712
test_kge: 0.7275758040310765
test_r2: 0.8129489421844482
test_mae: 0.05653351917862892
evaluating on huc 170602080505
test_mse: 0.0030035313684493303
test_kge: 0.889880193594247
test_r2: 0.887003481388092
test_mae: 0.035939399152994156
evaluating on huc 170602070603
test_mse: 0.01935373991727829
test_kge: -0.002904667485909229
test_r2: -0.14351963996887207
test_mae: 0.09070657193660736
evaluating on huc 170602070901
test_mse: 0.015664512291550636
test_kge: 0.13999453185573185
test_r2: 0.005956292152404785
test_mae: 0.07724960893392563
evaluating on huc 170103040401
test_mse: 0.02650056965649128
test_kge: 0.2815096585039406
test_r2: 0.3890519142150879
test_mae: 0.10469714552164078
evaluating on huc 170200110102
test_mse: 0.01420646719634533
test_kge: 0.9562257463178765
test_r2: 0.9260075092315674
test_mae: 0.07467379420995712
evaluating on huc 170103040701
test_mse: 0.01639430783689022
test_kge: 0.5622654193258868
test_r2: 0.5997066497802734
test_mae: 0.07396992295980453
evaluating on huc 171100060402
test_mse: 0.131644606590271
test_kge: -0.9173639948292347
test_r2: -2.1796538829803467
test_mae: 0.22796045243740082
evaluating on huc 170200090209
test_mse: 0.006778747774660587
test_kge: 0.7996093985905739
test_r2: 0.8760568499565125
test_mae: 0.04925214499235153
evaluating on huc 170200090202
test_mse: 0.01151597686111927
test_kge: 0.8034509657241925
test_r2: 0.8599714636802673
test_mae: 0.0674799308180809
evaluating on huc 170103020102
test_mse: 0.02814398519694805
test_kge: -0.05587200066661824
test_r2: -0.15202057361602783
test_mae: 0.10882371664047241
evaluating on huc 170602070802
test_mse: 0.0022901787888258696
test_kge: 0.8778779165893262
test_r2: 0.8581826686859131
test_mae: 0.030368318781256676
✅ Checkpoint saved: /home/sagemaker-user/checkpoints/Exp1B_Humidity_3e-4_epoch16.pth
2026/08/25 20:35:14 WARNING mlflow.utils.requirements_utils: Found torch version (2.5.1+cu121) contains a local version label (+cu121). MLflow logged a pip requirement for this package as 'torch==2.5.1' without the local version label to make it installable from PyPI. To specify pip requirements containing local version labels, please use `conda_env` or `pip_requirements`.
2026/08/25 20:35:18 WARNING mlflow.utils.requirements_utils: Found torch version (2.5.1+cu121) contains a local version label (+cu121). MLflow logged a pip requirement for this package as 'torch==2.5.1' without the local version label to make it installable from PyPI. To specify pip requirements containing local version labels, please use `conda_env` or `pip_requirements`.
2026/08/25 20:35:18 WARNING mlflow.models.model: Model logged without a signature and input example. Please set `input_example` parameter when logging the model to auto infer the model signature.
2026/08/25 20:35:18 WARNING mlflow.models.model: Logging model metadata to the tracking server has failed. The model artifacts have been logged successfully under s3://dawgs-mlflow-artifacts/700/c8ad94d90e2f4a88a5f058f68507ada7/artifacts. Set logging level to DEBUG via `logging.getLogger("mlflow").setLevel(logging.DEBUG)` to see the full traceback.
💾 Checkpoint saved: Exp1B_Humidity_3e-4_epoch16.pth
Epoch 17: Pre-training on multiple HUCs
Pre-training on HUC5: 170602070101
Pre-training on HUC10: 170200090203
Pre-training on HUC15: 170103040101
Pre-training on HUC20: 170602080608
Pre-training on HUC25: 171100090401
Pre-training on HUC30: 170200110602
Pre-training on HUC35: 171100060104
Pre-training on HUC40: 170200090111
Pre-training on HUC45: 170602080303
Pre-training on HUC50: 171100050702
Pre-training on HUC55: 170602080607
Pre-training on HUC60: 170602070201
Pre-training on HUC65: 170200110702
Pre-training on HUC70: 170602071102
Pre-training on HUC75: 170200110108
Pre-training on HUC80: 171100090202
Pre-training on HUC85: 171100060301
Pre-training on HUC90: 170602080405
Pre-training on HUC95: 170602070102
Pre-training on HUC100: 170602070306
Pre-training on HUC105: 170103040502
Pre-training on HUC110: 170602080604
Pre-training on HUC115: 170200110704
Pre-training on HUC120: 170602080102
Pre-training on HUC125: 170602080406
Pre-training on HUC130: 171100060103
Pre-training on HUC135: 171100050708
Pre-training on HUC140: 171100051006
Pre-training on HUC145: 170200110405
Pre-training on HUC150: 170200090113
Pre-training on HUC155: 170103040602
Pre-training on HUC160: 171100051001
evaluating on huc 170200110501
test_mse: 0.0036293193697929382
test_kge: 0.67827421793779
test_r2: 0.8059276342391968
test_mae: 0.03905443102121353
evaluating on huc 170602071106
test_mse: 0.0023347334936261177
test_kge: 0.9106139205901497
test_r2: 0.9208076596260071
test_mae: 0.029688013717532158
evaluating on huc 170200110703
test_mse: 0.021390946581959724
test_kge: -0.17892670978439895
test_r2: -0.26632964611053467
test_mae: 0.09943966567516327
evaluating on huc 170200110503
test_mse: 0.008120681159198284
test_kge: -0.2370677285499947
test_r2: -0.32011687755584717
test_mae: 0.054266128689050674
evaluating on huc 170200110301
test_mse: 0.023949960246682167
test_kge: 0.7392917605907404
test_r2: 0.8665664792060852
test_mae: 0.096706323325634
evaluating on huc 170103040701
test_mse: 0.005940796807408333
test_kge: 0.809375750501467
test_r2: 0.8549458980560303
test_mae: 0.0480576790869236
evaluating on huc 170602080412
test_mse: 0.00361917563714087
test_kge: 0.4958254462856033
test_r2: 0.6459009647369385
test_mae: 0.03760131448507309
evaluating on huc 171100050705
test_mse: 0.020466398447752
test_kge: 0.8869797424856787
test_r2: 0.830718994140625
test_mae: 0.0939447283744812
evaluating on huc 171100050402
test_mse: 0.026861179620027542
test_kge: 0.6538584599246204
test_r2: 0.7850114703178406
test_mae: 0.09951160848140717
evaluating on huc 170200090208
test_mse: 0.007091310806572437
test_kge: 0.7874524308193606
test_r2: 0.823867678642273
test_mae: 0.05436987057328224
evaluating on huc 170602071107
test_mse: 0.010093051008880138
test_kge: -0.7859948691824714
test_r2: -1.626650333404541
test_mae: 0.06393822282552719
evaluating on huc 170602080302
test_mse: 0.002163541968911886
test_kge: 0.9024905898929976
test_r2: 0.903432309627533
test_mae: 0.029630029574036598
evaluating on huc 171100050801
test_mse: 0.06482471525669098
test_kge: 0.6167513208715724
test_r2: 0.7202093601226807
test_mae: 0.18008685111999512
evaluating on huc 170200110403
test_mse: 0.019588245078921318
test_kge: 0.7915573915801324
test_r2: 0.8835496306419373
test_mae: 0.08331241458654404
evaluating on huc 170200110102
test_mse: 0.03962792083621025
test_kge: 0.6216042578733303
test_r2: 0.7936033010482788
test_mae: 0.12494205683469772
evaluating on huc 171100090103
test_mse: 0.035439617931842804
test_kge: 0.642412773286565
test_r2: 0.8094577789306641
test_mae: 0.11682475358247757
evaluating on huc 171100060202
test_mse: 0.026824738830327988
test_kge: 0.6993596485335534
test_r2: 0.857768714427948
test_mae: 0.10372328013181686
evaluating on huc 170200090105
test_mse: 0.07296843081712723
test_kge: 0.5303933026363005
test_r2: 0.6988162994384766
test_mae: 0.17504237592220306
evaluating on huc 170602070603
test_mse: 0.01710077002644539
test_kge: -0.013256302610818116
test_r2: -0.010402441024780273
test_mae: 0.08819536864757538
evaluating on huc 171100050703
test_mse: 0.018370237201452255
test_kge: 0.9172862005980946
test_r2: 0.8450475931167603
test_mae: 0.09207958728075027
evaluating on huc 170103020302
test_mse: 0.008989851921796799
test_kge: 0.5794431829078217
test_r2: 0.6949315667152405
test_mae: 0.060282591730356216
evaluating on huc 170200090209
test_mse: 0.011011539958417416
test_kge: 0.7070335909700568
test_r2: 0.7986641526222229
test_mae: 0.058419618755578995
evaluating on huc 170200090108
test_mse: 0.02135750837624073
test_kge: 0.713614532762842
test_r2: 0.8620010018348694
test_mae: 0.09108252078294754
evaluating on huc 170602070105
test_mse: 0.0039388565346598625
test_kge: 0.8274201718863483
test_r2: 0.907873272895813
test_mae: 0.03962075337767601
evaluating on huc 170200090202
test_mse: 0.01040046475827694
test_kge: 0.9090694159132693
test_r2: 0.8735355138778687
test_mae: 0.06527659296989441
evaluating on huc 170602070904
test_mse: 0.017498616129159927
test_kge: -1.202294047279568
test_r2: -2.9822943210601807
test_mae: 0.08665221184492111
evaluating on huc 170200090302
test_mse: 0.004078576806932688
test_kge: 0.5670311695285243
test_r2: 0.4996147155761719
test_mae: 0.03841013461351395
evaluating on huc 170103040401
test_mse: 0.010321611538529396
test_kge: 0.6181708327419806
test_r2: 0.7620440125465393
test_mae: 0.0660562664270401
evaluating on huc 170602080503
test_mse: 0.002391435904428363
test_kge: 0.9482734093966098
test_r2: 0.9212331175804138
test_mae: 0.030309107154607773
evaluating on huc 170602080108
test_mse: 0.005430134013295174
test_kge: 0.5795009931720374
test_r2: 0.7377946972846985
test_mae: 0.04558572918176651
evaluating on huc 171100060402
test_mse: 0.03083740919828415
test_kge: 0.21697435528844633
test_r2: 0.25517427921295166
test_mae: 0.10961056500673294
evaluating on huc 170103020102
test_mse: 0.012753661721944809
test_kge: 0.3037030433360681
test_r2: 0.47795313596725464
test_mae: 0.07579617202281952
evaluating on huc 170602080206
test_mse: 0.0021064900793135166
test_kge: 0.8930588602364956
test_r2: 0.8977420926094055
test_mae: 0.028317244723439217
evaluating on huc 170200090106
test_mse: 0.037134282290935516
test_kge: 0.6650139755352414
test_r2: 0.8073962330818176
test_mae: 0.12046635150909424
evaluating on huc 170602080502
test_mse: 0.006509898696094751
test_kge: 0.8114669634684121
test_r2: 0.9200937151908875
test_mae: 0.04848847538232803
evaluating on huc 170103040601
test_mse: 0.010708432644605637
test_kge: -0.047489642431189694
test_r2: 0.025273919105529785
test_mae: 0.06601941585540771
evaluating on huc 170602070707
test_mse: 0.01479141041636467
test_kge: -0.9052209864292906
test_r2: -2.089752674102783
test_mae: 0.08002228289842606
evaluating on huc 170103020101
test_mse: 0.009786258451640606
test_kge: 0.46796001580042146
test_r2: 0.6773972511291504
test_mae: 0.06578437983989716
evaluating on huc 170200110601
test_mse: 0.009522583335638046
test_kge: -0.5655145322928732
test_r2: -0.8532752990722656
test_mae: 0.06146154925227165
evaluating on huc 171100060102
test_mse: 0.04666749760508537
test_kge: 0.630571170187528
test_r2: 0.7929627299308777
test_mae: 0.12794232368469238
evaluating on huc 170602080505
test_mse: 0.0018406938761472702
test_kge: 0.9552080342834618
test_r2: 0.930750846862793
test_mae: 0.027655092999339104
evaluating on huc 170602070901
test_mse: 0.016985764726996422
test_kge: 0.004130967088179727
test_r2: -0.07788825035095215
test_mae: 0.08505001664161682
evaluating on huc 170602080605
test_mse: 0.0018258560448884964
test_kge: 0.876852450058677
test_r2: 0.9145808219909668
test_mae: 0.02723267488181591
evaluating on huc 170200110101
test_mse: 0.06334671378135681
test_kge: 0.506207812258253
test_r2: 0.7114017009735107
test_mae: 0.16073448956012726
evaluating on huc 170103040901
test_mse: 0.006854579318314791
test_kge: 0.32883397750971444
test_r2: 0.5128353834152222
test_mae: 0.05133438482880592
evaluating on huc 171100051004
test_mse: 0.05239017307758331
test_kge: 0.5414986399610745
test_r2: 0.6838054060935974
test_mae: 0.13130097091197968
evaluating on huc 170602070902
test_mse: 0.00965090747922659
test_kge: 0.4747589688477092
test_r2: 0.619327187538147
test_mae: 0.06439517438411713
evaluating on huc 170602070704
test_mse: 0.0023274219129234552
test_kge: 0.8082516854132393
test_r2: 0.8646329641342163
test_mae: 0.030594082549214363
evaluating on huc 170602070701
test_mse: 0.016072046011686325
test_kge: -0.39283724186026503
test_r2: -0.7926747798919678
test_mae: 0.08396031707525253
evaluating on huc 170602070802
test_mse: 0.001625077798962593
test_kge: 0.9458189820694906
test_r2: 0.8993684649467468
test_mae: 0.025854390114545822
evaluating on huc 171100060403
test_mse: 0.03604540601372719
test_kge: -0.716873739685769
test_r2: -1.4639992713928223
test_mae: 0.12143551558256149
evaluating on huc 170602070705
test_mse: 0.012140648439526558
test_kge: 0.094165554251874
test_r2: 0.08403956890106201
test_mae: 0.06997782737016678
evaluating on huc 171100050603
test_mse: 0.009837135672569275
test_kge: 0.8798586766099709
test_r2: 0.839929461479187
test_mae: 0.062179360538721085
evaluating on huc 170200110502
test_mse: 0.013693469576537609
test_kge: 0.7334650866697462
test_r2: 0.8440780639648438
test_mae: 0.07045870274305344
✅ Checkpoint saved: /home/sagemaker-user/checkpoints/Exp1B_Humidity_3e-4_epoch17.pth
2026/08/25 21:08:36 WARNING mlflow.utils.requirements_utils: Found torch version (2.5.1+cu121) contains a local version label (+cu121). MLflow logged a pip requirement for this package as 'torch==2.5.1' without the local version label to make it installable from PyPI. To specify pip requirements containing local version labels, please use `conda_env` or `pip_requirements`.
2026/08/25 21:08:39 WARNING mlflow.utils.requirements_utils: Found torch version (2.5.1+cu121) contains a local version label (+cu121). MLflow logged a pip requirement for this package as 'torch==2.5.1' without the local version label to make it installable from PyPI. To specify pip requirements containing local version labels, please use `conda_env` or `pip_requirements`.
2026/08/25 21:08:39 WARNING mlflow.models.model: Model logged without a signature and input example. Please set `input_example` parameter when logging the model to auto infer the model signature.
2026/08/25 21:08:40 WARNING mlflow.models.model: Logging model metadata to the tracking server has failed. The model artifacts have been logged successfully under s3://dawgs-mlflow-artifacts/700/c8ad94d90e2f4a88a5f058f68507ada7/artifacts. Set logging level to DEBUG via `logging.getLogger("mlflow").setLevel(logging.DEBUG)` to see the full traceback.
💾 Checkpoint saved: Exp1B_Humidity_3e-4_epoch17.pth
Epoch 18: Pre-training on multiple HUCs
Pre-training on HUC5: 170200110201
Pre-training on HUC10: 170602070102
Pre-training on HUC15: 170602071105
Pre-training on HUC20: 171100050903
Pre-training on HUC25: 170602070305
Pre-training on HUC30: 170602080604
Pre-training on HUC35: 170200110111
Pre-training on HUC40: 170602080504
Pre-training on HUC45: 170103040304
Pre-training on HUC50: 170602071102
Pre-training on HUC55: 170103040505
Pre-training on HUC60: 170602080203
Pre-training on HUC65: 170103040103
Pre-training on HUC70: 171100050405
Pre-training on HUC75: 170200110404
Pre-training on HUC80: 170602080608
Pre-training on HUC85: 170103040803
Pre-training on HUC90: 170103040801
Pre-training on HUC95: 171100050502
Pre-training on HUC100: 171100090202
Pre-training on HUC105: 170200090201
Pre-training on HUC110: 170602080507
Pre-training on HUC115: 171100060101
Pre-training on HUC120: 170103040301
Pre-training on HUC125: 170200110107
Pre-training on HUC130: 170602070101
Pre-training on HUC135: 170602070205
Pre-training on HUC140: 171100060201
Pre-training on HUC145: 171100051103
Pre-training on HUC150: 171100090302
Pre-training on HUC155: 170200110402
Pre-training on HUC160: 170602070602
2026/08/25 21:42:02 WARNING mlflow.utils.requirements_utils: Found torch version (2.5.1+cu121) contains a local version label (+cu121). MLflow logged a pip requirement for this package as 'torch==2.5.1' without the local version label to make it installable from PyPI. To specify pip requirements containing local version labels, please use `conda_env` or `pip_requirements`.
2026/08/25 21:42:05 WARNING mlflow.utils.requirements_utils: Found torch version (2.5.1+cu121) contains a local version label (+cu121). MLflow logged a pip requirement for this package as 'torch==2.5.1' without the local version label to make it installable from PyPI. To specify pip requirements containing local version labels, please use `conda_env` or `pip_requirements`.
2026/08/25 21:42:05 WARNING mlflow.models.model: Model logged without a signature and input example. Please set `input_example` parameter when logging the model to auto infer the model signature.
2026/08/25 21:42:06 WARNING mlflow.models.model: Logging model metadata to the tracking server has failed. The model artifacts have been logged successfully under s3://dawgs-mlflow-artifacts/700/c8ad94d90e2f4a88a5f058f68507ada7/artifacts. Set logging level to DEBUG via `logging.getLogger("mlflow").setLevel(logging.DEBUG)` to see the full traceback.
evaluating on huc 170103040601
test_mse: 0.0429530143737793
test_kge: -1.280763912588042
test_r2: -2.909762144088745
test_mae: 0.15256144106388092
evaluating on huc 170602070603
test_mse: 0.07513713836669922
test_kge: -1.127849294775296
test_r2: -3.439493179321289
test_mae: 0.1930237114429474
evaluating on huc 170200090208
test_mse: 0.03995995596051216
test_kge: 0.23039385871061435
test_r2: 0.007483839988708496
test_mae: 0.13400164246559143
evaluating on huc 170602070802
test_mse: 0.03685596585273743
test_kge: -0.40602218005736734
test_r2: -1.282273292541504
test_mae: 0.1258174628019333
evaluating on huc 170602071107
test_mse: 0.06880772113800049
test_kge: -3.9872676709401897
test_r2: -16.906757354736328
test_mae: 0.1831911951303482
evaluating on huc 170200110403
test_mse: 0.07537620514631271
test_kge: 0.5506711681775476
test_r2: 0.551895260810852
test_mae: 0.1805143505334854
evaluating on huc 170103020302
test_mse: 0.03292542323470116
test_kge: 0.10011619328113974
test_r2: -0.11731612682342529
test_mae: 0.13016963005065918
evaluating on huc 170602070704
test_mse: 0.05329868197441101
test_kge: -0.6566224636947571
test_r2: -2.0999467372894287
test_mae: 0.15603533387184143
evaluating on huc 170602080605
test_mse: 0.03319350630044937
test_kge: -0.05096392158319629
test_r2: -0.5528948307037354
test_mae: 0.1198233962059021
evaluating on huc 170200110101
test_mse: 0.13907615840435028
test_kge: 0.3227813129854603
test_r2: 0.3663894534111023
test_mae: 0.24142451584339142
evaluating on huc 170103020101
test_mse: 0.03059151954948902
test_kge: 0.14627489165771335
test_r2: -0.008445382118225098
test_mae: 0.1260886788368225
evaluating on huc 170602070904
test_mse: 0.08375318348407745
test_kge: -4.175631430287952
test_r2: -18.06035614013672
test_mae: 0.21334978938102722
evaluating on huc 170200090105
test_mse: 0.15552237629890442
test_kge: 0.3426369542045601
test_r2: 0.3580675721168518
test_mae: 0.2623273730278015
evaluating on huc 170602080505
test_mse: 0.03668299317359924
test_kge: 0.06449713336647567
test_r2: -0.3800588846206665
test_mae: 0.1274600476026535
evaluating on huc 170103040701
test_mse: 0.02930452674627304
test_kge: 0.39855072125145163
test_r2: 0.2844828963279724
test_mae: 0.11988962441682816
evaluating on huc 170602070705
test_mse: 0.08417824655771255
test_kge: -1.740445649390319
test_r2: -5.350891590118408
test_mae: 0.20626483857631683
evaluating on huc 171100060102
test_mse: 0.17157605290412903
test_kge: 0.22661791973664402
test_r2: 0.23881405591964722
test_mae: 0.28287798166275024
evaluating on huc 171100050703
test_mse: 0.06560155004262924
test_kge: 0.5009577452953117
test_r2: 0.446652889251709
test_mae: 0.17896820604801178
evaluating on huc 170200110102
test_mse: 0.10495925694704056
test_kge: 0.419693541470733
test_r2: 0.45333391427993774
test_mae: 0.21425415575504303
evaluating on huc 171100050402
test_mse: 0.05409592390060425
test_kge: 0.6852803695047722
test_r2: 0.567033052444458
test_mae: 0.1491166353225708
evaluating on huc 170602080108
test_mse: 0.047507960349321365
test_kge: -0.32541716446403357
test_r2: -1.294020652770996
test_mae: 0.14136257767677307
evaluating on huc 170602070901
test_mse: 0.08275201171636581
test_kge: -1.4342998797085809
test_r2: -4.2513041496276855
test_mae: 0.20744717121124268
evaluating on huc 170200090202
test_mse: 0.048507291823625565
test_kge: 0.7034965638723372
test_r2: 0.4101755619049072
test_mae: 0.14549551904201508
evaluating on huc 170602080206
test_mse: 0.06602390855550766
test_kge: -0.5694242212529212
test_r2: -2.205078601837158
test_mae: 0.17315396666526794
evaluating on huc 171100060202
test_mse: 0.10123064368963242
test_kge: 0.44651971817798053
test_r2: 0.4632505178451538
test_mae: 0.20786543190479279
evaluating on huc 170602080302
test_mse: 0.03982735797762871
test_kge: -0.046274269532245116
test_r2: -0.777657151222229
test_mae: 0.13052113354206085
evaluating on huc 171100090103
test_mse: 0.1477992683649063
test_kge: 0.2050249731331124
test_r2: 0.20535248517990112
test_mae: 0.26896393299102783
evaluating on huc 171100050603
test_mse: 0.03619474917650223
test_kge: 0.5798528406754797
test_r2: 0.4110366106033325
test_mae: 0.13723306357860565
evaluating on huc 170200090209
test_mse: 0.03058510832488537
test_kge: 0.62417787503424
test_r2: 0.44077956676483154
test_mae: 0.1221357136964798
evaluating on huc 170200110502
test_mse: 0.038202010095119476
test_kge: 0.7512868795312098
test_r2: 0.565009355545044
test_mae: 0.12789583206176758
evaluating on huc 170602080503
test_mse: 0.0391635037958622
test_kge: 0.13450918368167597
test_r2: -0.2899305820465088
test_mae: 0.13157635927200317
evaluating on huc 170602080412
test_mse: 0.06830768287181854
test_kge: -1.7624396702739928
test_r2: -5.683203220367432
test_mae: 0.1721293181180954
evaluating on huc 170200110501
test_mse: 0.03314489498734474
test_kge: -0.17783537350441447
test_r2: -0.7723734378814697
test_mae: 0.1292867809534073
evaluating on huc 170200090106
test_mse: 0.09142137318849564
test_kge: 0.4890193856491222
test_r2: 0.5258263349533081
test_mae: 0.20287443697452545
evaluating on huc 170602080502
test_mse: 0.07016340643167496
test_kge: 0.5649660449335163
test_r2: 0.13877326250076294
test_mae: 0.18200060725212097
evaluating on huc 171100051004
test_mse: 0.13155367970466614
test_kge: 0.192518875962583
test_r2: 0.20602351427078247
test_mae: 0.2340458631515503
evaluating on huc 170200090108
test_mse: 0.06946548819541931
test_kge: 0.5560071671260088
test_r2: 0.5511569976806641
test_mae: 0.17007113993167877
evaluating on huc 171100050801
test_mse: 0.18132451176643372
test_kge: 0.2943854956833287
test_r2: 0.21738332509994507
test_mae: 0.29983285069465637
evaluating on huc 170200110301
test_mse: 0.08573143184185028
test_kge: 0.5542381435697536
test_r2: 0.5223605632781982
test_mae: 0.1953750103712082
evaluating on huc 170103020102
test_mse: 0.037359561771154404
test_kge: -0.17615008713397873
test_r2: -0.5292426347732544
test_mae: 0.1407736986875534
evaluating on huc 170602071106
test_mse: 0.03940074145793915
test_kge: 0.046060466225931296
test_r2: -0.3364424705505371
test_mae: 0.12707330286502838
evaluating on huc 170602070707
test_mse: 0.07977627217769623
test_kge: -3.697108228668225
test_r2: -15.664329528808594
test_mae: 0.20691615343093872
evaluating on huc 170200110703
test_mse: 0.04211902618408203
test_kge: -0.5629307636329053
test_r2: -1.4934179782867432
test_mae: 0.1550830453634262
evaluating on huc 171100060402
test_mse: 0.03947389870882034
test_kge: 0.291562792870785
test_r2: 0.04657447338104248
test_mae: 0.14152084290981293
evaluating on huc 170103040401
test_mse: 0.029023926705121994
test_kge: 0.44562410042199374
test_r2: 0.3308780789375305
test_mae: 0.12073756754398346
evaluating on huc 170200110503
test_mse: 0.04604646936058998
test_kge: -2.2906260027035357
test_r2: -6.485421657562256
test_mae: 0.15363584458827972
evaluating on huc 171100050705
test_mse: 0.07715065777301788
test_kge: 0.40645167126116954
test_r2: 0.36187392473220825
test_mae: 0.1919931322336197
evaluating on huc 170103040901
test_mse: 0.04087241366505623
test_kge: -0.9075336561760428
test_r2: -1.904860019683838
test_mae: 0.1476536989212036
evaluating on huc 170602070902
test_mse: 0.05987587198615074
test_kge: -0.3581079619551455
test_r2: -1.3617587089538574
test_mae: 0.17104794085025787
evaluating on huc 170602070701
test_mse: 0.08244559913873672
test_kge: -2.242462533974099
test_r2: -8.195975303649902
test_mae: 0.20378121733665466
evaluating on huc 170200110601
test_mse: 0.05181501433253288
test_kge: -3.05744039625824
test_r2: -9.084184646606445
test_mae: 0.16701671481132507
evaluating on huc 171100060403
test_mse: 0.03608425334095955
test_kge: -0.6100851927965159
test_r2: -1.4666550159454346
test_mae: 0.1396666169166565
evaluating on huc 170602070105
test_mse: 0.05055129900574684
test_kge: 0.36915897102341766
test_r2: -0.18235504627227783
test_mae: 0.15075357258319855
evaluating on huc 170200090302
test_mse: 0.04930054023861885
test_kge: -1.397204177473677
test_r2: -5.048498153686523
test_mae: 0.16530343890190125
✅ Checkpoint saved: /home/sagemaker-user/checkpoints/Exp1B_Humidity_3e-4_epoch18.pth
💾 Checkpoint saved: Exp1B_Humidity_3e-4_epoch18.pth
Epoch 19: Pre-training on multiple HUCs
Pre-training on HUC5: 170103040203
Pre-training on HUC10: 171100060104
Pre-training on HUC15: 170602080204
Pre-training on HUC20: 170200110402
Pre-training on HUC25: 170602080409
Pre-training on HUC30: 170200090102
Pre-training on HUC35: 170103040604
Pre-training on HUC40: 170200110306
Pre-training on HUC45: 170103040304
Pre-training on HUC50: 171100060204
Pre-training on HUC55: 170103040201
Pre-training on HUC60: 171100050403
Pre-training on HUC65: 170602071105
Pre-training on HUC70: 170200110106
Pre-training on HUC75: 170602070201
Pre-training on HUC80: 171100060205
Pre-training on HUC85: 170103040502
Pre-training on HUC90: 171100060303
Pre-training on HUC95: 170602080606
Pre-training on HUC100: 170602080403
Pre-training on HUC105: 170602070401
Pre-training on HUC110: 170103020202
Pre-training on HUC115: 171100060103
Pre-training on HUC120: 170602080601
Pre-training on HUC125: 170103040602
Pre-training on HUC130: 170103040305
Pre-training on HUC135: 170103020303
Pre-training on HUC140: 171100050702
Pre-training on HUC145: 171100050901
Pre-training on HUC150: 171100090402
Pre-training on HUC155: 171100050704
Pre-training on HUC160: 170200110108
evaluating on huc 170103020101
test_mse: 0.04123464971780777
test_kge: -0.24034082073927832
test_r2: -0.3592948913574219
test_mae: 0.13311295211315155
evaluating on huc 171100050402
test_mse: 0.24645258486270905
test_kge: -0.4934142223795728
test_r2: -0.9725298881530762
test_mae: 0.36078256368637085
evaluating on huc 170200110502
test_mse: 0.16274718940258026
test_kge: -0.4689496069849768
test_r2: -0.8531355857849121
test_mae: 0.28837156295776367
evaluating on huc 170200110101
test_mse: 0.371159166097641
test_kge: -0.37012525339933533
test_r2: -0.6909466981887817
test_mae: 0.4260472059249878
evaluating on huc 171100050705
test_mse: 0.14612336456775665
test_kge: -0.10642916755565368
test_r2: -0.20861101150512695
test_mae: 0.26334020495414734
evaluating on huc 170103020302
test_mse: 0.03626770153641701
test_kge: -0.14711397434184503
test_r2: -0.2307356595993042
test_mae: 0.12122590839862823
evaluating on huc 170602070603
test_mse: 0.034474603831768036
test_kge: -0.5648640167689196
test_r2: -1.0369389057159424
test_mae: 0.14253860712051392
evaluating on huc 170602070904
test_mse: 0.009410711005330086
test_kge: -0.34387977627046307
test_r2: -1.1416676044464111
test_mae: 0.06685151159763336
evaluating on huc 170602071106
test_mse: 0.06873495876789093
test_kge: -0.4189385154784788
test_r2: -1.3314363956451416
test_mae: 0.18343272805213928
evaluating on huc 170602080302
test_mse: 0.07857302576303482
test_kge: -0.5764671471516352
test_r2: -2.5070340633392334
test_mae: 0.19605790078639984
evaluating on huc 170200110703
test_mse: 0.020300038158893585
test_kge: 0.20581612040263986
test_r2: -0.20174860954284668
test_mae: 0.09743256866931915
evaluating on huc 170200110601
test_mse: 0.017611900344491005
test_kge: -0.9727691545952888
test_r2: -2.427609920501709
test_mae: 0.09351448714733124
evaluating on huc 171100050703
test_mse: 0.17276105284690857
test_kge: -0.1909796103030894
test_r2: -0.457234263420105
test_mae: 0.2898993492126465
evaluating on huc 170103040401
test_mse: 0.05608987808227539
test_kge: -0.23014087202723
test_r2: -0.29310429096221924
test_mae: 0.153141587972641
evaluating on huc 171100060402
test_mse: 0.03531648591160774
test_kge: 0.4533283776367698
test_r2: 0.14698976278305054
test_mae: 0.11897307634353638
evaluating on huc 170200110503
test_mse: 0.022766893729567528
test_kge: -1.0349136807641681
test_r2: -2.7010395526885986
test_mae: 0.10600204020738602
evaluating on huc 170200110501
test_mse: 0.020213672891259193
test_kge: 0.27005081855640534
test_r2: -0.08089578151702881
test_mae: 0.09875413775444031
evaluating on huc 171100060202
test_mse: 0.3542918860912323
test_kge: -0.4655318538177946
test_r2: -0.8785417079925537
test_mae: 0.4251800775527954
evaluating on huc 170103040601
test_mse: 0.017944226041436195
test_kge: 0.0795130338073119
test_r2: -0.6333582401275635
test_mae: 0.09389515966176987
evaluating on huc 170602070902
test_mse: 0.0577080063521862
test_kge: -0.6629938915537041
test_r2: -1.2762489318847656
test_mae: 0.18582122027873993
evaluating on huc 170602070802
test_mse: 0.06080150231719017
test_kge: -0.6479099209723969
test_r2: -2.7650794982910156
test_mae: 0.1668325513601303
evaluating on huc 170602070105
test_mse: 0.1026916429400444
test_kge: -0.5590334288649723
test_r2: -1.40187668800354
test_mae: 0.24762848019599915
evaluating on huc 170602070701
test_mse: 0.01858835108578205
test_kge: -0.5038248897594158
test_r2: -1.073343276977539
test_mae: 0.09753447771072388
evaluating on huc 170602080605
test_mse: 0.08362390100955963
test_kge: -0.5588778355441648
test_r2: -2.912184238433838
test_mae: 0.19272826611995697
evaluating on huc 170602070707
test_mse: 0.010233201086521149
test_kge: -0.29662001857721365
test_r2: -1.1375958919525146
test_mae: 0.0693708136677742
evaluating on huc 170602071107
test_mse: 0.008031187579035759
test_kge: -0.42264860678562455
test_r2: -1.0900638103485107
test_mae: 0.06333228200674057
evaluating on huc 170602080206
test_mse: 0.0627652034163475
test_kge: -0.72259088174419
test_r2: -2.0468873977661133
test_mae: 0.1860872060060501
evaluating on huc 170103040901
test_mse: 0.020057858899235725
test_kge: 0.11669865080643071
test_r2: -0.4255402088165283
test_mae: 0.10071902722120285
evaluating on huc 170602080503
test_mse: 0.0702827200293541
test_kge: -0.5882793926702372
test_r2: -1.3149058818817139
test_mae: 0.199284628033638
evaluating on huc 171100050603
test_mse: 0.06886018812656403
test_kge: 0.046271378006415675
test_r2: -0.12049758434295654
test_mae: 0.19150009751319885
evaluating on huc 170200090105
test_mse: 0.46510621905326843
test_kge: -0.43665456524252755
test_r2: -0.9197673797607422
test_mae: 0.4954906404018402
evaluating on huc 171100051004
test_mse: 0.19039760529994965
test_kge: -0.14794472826639926
test_r2: -0.14912188053131104
test_mae: 0.28101345896720886
evaluating on huc 170602080505
test_mse: 0.07576129585504532
test_kge: -0.507400124984607
test_r2: -1.8502321243286133
test_mae: 0.1985800862312317
evaluating on huc 171100050801
test_mse: 0.4870513677597046
test_kge: -0.39777703664325537
test_r2: -1.1021676063537598
test_mae: 0.5313634276390076
evaluating on huc 170602070704
test_mse: 0.03792180120944977
test_kge: -0.4892184917119715
test_r2: -1.2056000232696533
test_mae: 0.13967841863632202
evaluating on huc 170103040701
test_mse: 0.05009632185101509
test_kge: -0.1975225309874995
test_r2: -0.22318220138549805
test_mae: 0.13868677616119385
evaluating on huc 170602070901
test_mse: 0.03275059163570404
test_kge: -0.518605663994608
test_r2: -1.0782978534698486
test_mae: 0.13437464833259583
evaluating on huc 170200090106
test_mse: 0.36054661870002747
test_kge: -0.4545055974649377
test_r2: -0.870041012763977
test_mae: 0.429509699344635
evaluating on huc 170200090108
test_mse: 0.2895340323448181
test_kge: -0.4860831015951774
test_r2: -0.870789647102356
test_mae: 0.38155075907707214
evaluating on huc 170200090208
test_mse: 0.07828222215175629
test_kge: -0.4614142054110595
test_r2: -0.9443557262420654
test_mae: 0.2001505047082901
evaluating on huc 171100060102
test_mse: 0.32316628098487854
test_kge: -0.24486437025430652
test_r2: -0.43370604515075684
test_mae: 0.38776543736457825
evaluating on huc 171100090103
test_mse: 0.26707130670547485
test_kge: -0.26895332460397503
test_r2: -0.4359174966812134
test_mae: 0.3575619161128998
evaluating on huc 170602080502
test_mse: 0.1703595370054245
test_kge: -0.6084836309905499
test_r2: -1.091092586517334
test_mae: 0.3100220561027527
evaluating on huc 170602080412
test_mse: 0.040254320949316025
test_kge: -0.597257783792094
test_r2: -2.9384708404541016
test_mae: 0.1200372725725174
evaluating on huc 170103020102
test_mse: 0.033271968364715576
test_kge: -0.2411637110521918
test_r2: -0.36192476749420166
test_mae: 0.11826752871274948
evaluating on huc 171100060403
test_mse: 0.02325112745165825
test_kge: 0.13996144576781733
test_r2: -0.5894054174423218
test_mae: 0.09725873917341232
evaluating on huc 170200110301
test_mse: 0.36094123125076294
test_kge: -0.4952882359965005
test_r2: -1.0109283924102783
test_mae: 0.43766671419143677
evaluating on huc 170602080108
test_mse: 0.06335113942623138
test_kge: -0.5766315943032125
test_r2: -2.0590415000915527
test_mae: 0.18282172083854675
evaluating on huc 170200090302
test_mse: 0.012880251742899418
test_kge: 0.23904842730075793
test_r2: -0.5802297592163086
test_mae: 0.08031126111745834
evaluating on huc 170200090202
test_mse: 0.17144814133644104
test_kge: -0.5139484658440143
test_r2: -1.084723711013794
test_mae: 0.31264159083366394
evaluating on huc 170200110102
test_mse: 0.34781602025032043
test_kge: -0.4056949454812706
test_r2: -0.8115527629852295
test_mae: 0.4213692843914032
evaluating on huc 170200090209
test_mse: 0.056673284620046616
test_kge: 0.058091430374895614
test_r2: -0.03621864318847656
test_mae: 0.16806602478027344
evaluating on huc 170602070705
test_mse: 0.026492249220609665
test_kge: -0.5690392339644033
test_r2: -0.9987279176712036
test_mae: 0.1192966029047966
evaluating on huc 170200110403
test_mse: 0.30280381441116333
test_kge: -0.5035991356381853
test_r2: -0.800141453742981
test_mae: 0.3800561726093292
✅ Checkpoint saved: /home/sagemaker-user/checkpoints/Exp1B_Humidity_3e-4_epoch19.pth
2026/08/25 22:15:24 WARNING mlflow.utils.requirements_utils: Found torch version (2.5.1+cu121) contains a local version label (+cu121). MLflow logged a pip requirement for this package as 'torch==2.5.1' without the local version label to make it installable from PyPI. To specify pip requirements containing local version labels, please use `conda_env` or `pip_requirements`.
2026/08/25 22:15:27 WARNING mlflow.utils.requirements_utils: Found torch version (2.5.1+cu121) contains a local version label (+cu121). MLflow logged a pip requirement for this package as 'torch==2.5.1' without the local version label to make it installable from PyPI. To specify pip requirements containing local version labels, please use `conda_env` or `pip_requirements`.
2026/08/25 22:15:27 WARNING mlflow.models.model: Model logged without a signature and input example. Please set `input_example` parameter when logging the model to auto infer the model signature.
2026/08/25 22:15:28 WARNING mlflow.models.model: Logging model metadata to the tracking server has failed. The model artifacts have been logged successfully under s3://dawgs-mlflow-artifacts/700/c8ad94d90e2f4a88a5f058f68507ada7/artifacts. Set logging level to DEBUG via `logging.getLogger("mlflow").setLevel(logging.DEBUG)` to see the full traceback.
💾 Checkpoint saved: Exp1B_Humidity_3e-4_epoch19.pth
Epoch 20: Pre-training on multiple HUCs
Pre-training on HUC5: 170602080604
Pre-training on HUC10: 171100060101
Pre-training on HUC15: 170602070903
Pre-training on HUC20: 170200090103
Pre-training on HUC25: 171100051101
Pre-training on HUC30: 170200110202
Pre-training on HUC35: 171100050602
Pre-training on HUC40: 171100050706
Pre-training on HUC45: 171100060103
Pre-training on HUC50: 170200110203
Pre-training on HUC55: 170103040803
Pre-training on HUC60: 170200090102
Pre-training on HUC65: 170103040307
Pre-training on HUC70: 170103020202
Pre-training on HUC75: 170200110108
Pre-training on HUC80: 170103020103
Pre-training on HUC85: 170200110305
Pre-training on HUC90: 170200110402
Pre-training on HUC95: 170200090203
Pre-training on HUC100: 170602070305
Pre-training on HUC105: 170103040703
Pre-training on HUC110: 170602080603
Pre-training on HUC115: 170602080405
Pre-training on HUC120: 171100060301
Pre-training on HUC125: 170602080409
Pre-training on HUC130: 171100060303
Pre-training on HUC135: 171100050601
Pre-training on HUC140: 171100090402
Pre-training on HUC145: 170602070303
Pre-training on HUC150: 171100050606
Pre-training on HUC155: 170103040305
Pre-training on HUC160: 171100050904
evaluating on huc 170103020102
test_mse: 0.0380934439599514
test_kge: -0.46467327186461294
test_r2: -0.5592827796936035
test_mae: 0.12557634711265564
evaluating on huc 170200110501
test_mse: 0.030706411227583885
test_kge: -0.5146072697160058
test_r2: -0.6419792175292969
test_mae: 0.11602645367383957
evaluating on huc 170602080412
test_mse: 0.017962338402867317
test_kge: -0.39168430036364876
test_r2: -0.7574297189712524
test_mae: 0.09000251442193985
evaluating on huc 170200090202
test_mse: 0.1605519950389862
test_kge: -0.5338414600218331
test_r2: -0.9522320032119751
test_mae: 0.28769001364707947
evaluating on huc 170602080605
test_mse: 0.03680437430739403
test_kge: -0.4923034221953042
test_r2: -0.7218221426010132
test_mae: 0.13204480707645416
evaluating on huc 171100060403
test_mse: 0.018642719835042953
test_kge: -0.12696854335692298
test_r2: -0.2743830680847168
test_mae: 0.08072807639837265
evaluating on huc 170200090208
test_mse: 0.07058053463697433
test_kge: -0.4620199157992284
test_r2: -0.7530630826950073
test_mae: 0.18361936509609222
evaluating on huc 170602070901
test_mse: 0.022661415860056877
test_kge: -0.14636427788437767
test_r2: -0.43805551528930664
test_mae: 0.09909355640411377
evaluating on huc 170200090105
test_mse: 0.48569247126579285
test_kge: -0.5551948152566286
test_r2: -1.0047388076782227
test_mae: 0.5015653967857361
evaluating on huc 171100050603
test_mse: 0.10829665511846542
test_kge: -0.48759561329637857
test_r2: -0.7622103691101074
test_mae: 0.2260528802871704
evaluating on huc 170200110502
test_mse: 0.16114796698093414
test_kge: -0.52655665014202
test_r2: -0.8349258899688721
test_mae: 0.2794457674026489
evaluating on huc 170602080302
test_mse: 0.03945348784327507
test_kge: -0.5175279941271784
test_r2: -0.7609697580337524
test_mae: 0.13788308203220367
evaluating on huc 170602080503
test_mse: 0.05156062915921211
test_kge: -0.5181437120997812
test_r2: -0.6982553005218506
test_mae: 0.15354092419147491
evaluating on huc 170200110601
test_mse: 0.007629408501088619
test_kge: -0.5615032548743775
test_r2: -0.4848276376724243
test_mae: 0.05205782875418663
evaluating on huc 170103040401
test_mse: 0.0671449676156044
test_kge: -0.46849628360094564
test_r2: -0.5479699373245239
test_mae: 0.16665586829185486
evaluating on huc 170602071106
test_mse: 0.05084238946437836
test_kge: -0.5716007240491716
test_r2: -0.7245343923568726
test_mae: 0.15123364329338074
evaluating on huc 170602080108
test_mse: 0.03459475189447403
test_kge: -0.48034275656742276
test_r2: -0.670479416847229
test_mae: 0.12694483995437622
evaluating on huc 170602080206
test_mse: 0.03531869873404503
test_kge: -0.5426796346673795
test_r2: -0.7145185470581055
test_mae: 0.12805615365505219
evaluating on huc 170103040601
test_mse: 0.015812113881111145
test_kge: -0.47757142934785035
test_r2: -0.43928444385528564
test_mae: 0.07604017853736877
evaluating on huc 170103040701
test_mse: 0.06130066141486168
test_kge: -0.4910489799200213
test_r2: -0.49675416946411133
test_mae: 0.1539429873228073
evaluating on huc 170103040901
test_mse: 0.020098770037293434
test_kge: -0.5036443978985701
test_r2: -0.4284478425979614
test_mae: 0.084538534283638
evaluating on huc 171100060102
test_mse: 0.4100463390350342
test_kge: -0.48621830790206655
test_r2: -0.8191436529159546
test_mae: 0.44515904784202576
evaluating on huc 170200090209
test_mse: 0.09182645380496979
test_kge: -0.5152884314664123
test_r2: -0.6789618730545044
test_mae: 0.20132067799568176
evaluating on huc 171100051004
test_mse: 0.262423038482666
test_kge: -0.48248962980615495
test_r2: -0.5838227272033691
test_mae: 0.32785412669181824
evaluating on huc 170602070701
test_mse: 0.015145924873650074
test_kge: -0.20104604728697728
test_r2: -0.6893751621246338
test_mae: 0.08314847201108932
evaluating on huc 170200110403
test_mse: 0.3044494688510895
test_kge: -0.5392412638378397
test_r2: -0.8099247217178345
test_mae: 0.3782048523426056
evaluating on huc 171100050703
test_mse: 0.22531738877296448
test_kge: -0.5097369049587399
test_r2: -0.9005454778671265
test_mae: 0.3363828659057617
evaluating on huc 170602080505
test_mse: 0.04584852233529091
test_kge: -0.5019196536308488
test_r2: -0.724877119064331
test_mae: 0.14707733690738678
evaluating on huc 170200110703
test_mse: 0.027651412412524223
test_kge: -0.49586427477884554
test_r2: -0.6369450092315674
test_mae: 0.11034566909074783
evaluating on huc 170103020302
test_mse: 0.044587261974811554
test_kge: -0.4642805505317513
test_r2: -0.5130578279495239
test_mae: 0.1344699263572693
evaluating on huc 171100050402
test_mse: 0.23656855523586273
test_kge: -0.49853475618103427
test_r2: -0.8934211730957031
test_mae: 0.3454020321369171
evaluating on huc 170602080502
test_mse: 0.1473425179719925
test_kge: -0.5350155140424415
test_r2: -0.8085682392120361
test_mae: 0.2648893892765045
evaluating on huc 170602071107
test_mse: 0.0076120467856526375
test_kge: -0.2548752901945297
test_r2: -0.980985164642334
test_mae: 0.05598518252372742
evaluating on huc 170200090302
test_mse: 0.015170617029070854
test_kge: -0.5422957126752002
test_r2: -0.8612260818481445
test_mae: 0.08775483071804047
evaluating on huc 170200090108
test_mse: 0.28627386689186096
test_kge: -0.5376940157940917
test_r2: -0.849724531173706
test_mae: 0.37232261896133423
evaluating on huc 170200110102
test_mse: 0.3714851438999176
test_kge: -0.538466142960754
test_r2: -0.9348300695419312
test_mae: 0.43270349502563477
evaluating on huc 171100050705
test_mse: 0.21430093050003052
test_kge: -0.49067073090903834
test_r2: -0.7725189924240112
test_mae: 0.3178195655345917
evaluating on huc 171100090103
test_mse: 0.3353665769100189
test_kge: -0.4670391053658891
test_r2: -0.8031092882156372
test_mae: 0.40328940749168396
evaluating on huc 170200110503
test_mse: 0.009143993258476257
test_kge: -0.5514109501334086
test_r2: -0.4864689111709595
test_mae: 0.05624847114086151
evaluating on huc 170200110101
test_mse: 0.4088844656944275
test_kge: -0.5317921223112185
test_r2: -0.862817645072937
test_mae: 0.44511377811431885
evaluating on huc 170200090106
test_mse: 0.3724188208580017
test_kge: -0.5470361513295325
test_r2: -0.931618332862854
test_mae: 0.4327121078968048
evaluating on huc 171100060202
test_mse: 0.3621821105480194
test_kge: -0.5482766744794418
test_r2: -0.9203774929046631
test_mae: 0.4250955581665039
evaluating on huc 170602070707
test_mse: 0.008620192296802998
test_kge: -0.22529268990779805
test_r2: -0.8006573915481567
test_mae: 0.06145380437374115
evaluating on huc 170602070105
test_mse: 0.0781191810965538
test_kge: -0.5128276807909742
test_r2: -0.8271461725234985
test_mae: 0.1965305060148239
evaluating on huc 170602070603
test_mse: 0.02781958319246769
test_kge: -0.3270216303947977
test_r2: -0.6437256336212158
test_mae: 0.11417587101459503
evaluating on huc 170602070802
test_mse: 0.027701787650585175
test_kge: -0.5485945982127334
test_r2: -0.7154088020324707
test_mae: 0.11315266788005829
evaluating on huc 170602070704
test_mse: 0.03019530326128006
test_kge: -0.3528387474532344
test_r2: -0.7562129497528076
test_mae: 0.12139015644788742
evaluating on huc 170200110301
test_mse: 0.3512848913669586
test_kge: -0.5514911633443593
test_r2: -0.9571295976638794
test_mae: 0.4230552911758423
evaluating on huc 170602070705
test_mse: 0.02014283835887909
test_kge: -0.22475522404114123
test_r2: -0.5196918249130249
test_mae: 0.09310102462768555
evaluating on huc 170602070902
test_mse: 0.04158976674079895
test_kge: -0.3639319796074545
test_r2: -0.6404769420623779
test_mae: 0.14069800078868866
evaluating on huc 171100060402
test_mse: 0.05183873698115349
test_kge: -0.2714326139844152
test_r2: -0.25207746028900146
test_mae: 0.13077412545681
evaluating on huc 171100050801
test_mse: 0.5254005789756775
test_kge: -0.5473459781932293
test_r2: -1.2676870822906494
test_mae: 0.5491850972175598
evaluating on huc 170602070904
test_mse: 0.008039077743887901
test_kge: -0.20720164983969003
test_r2: -0.8295146226882935
test_mae: 0.05788740888237953
evaluating on huc 170103020101
test_mse: 0.04832552373409271
test_kge: -0.4682992842692748
test_r2: -0.5930445194244385
test_mae: 0.14349614083766937
✅ Checkpoint saved: /home/sagemaker-user/checkpoints/Exp1B_Humidity_3e-4_epoch20.pth
2026/08/25 22:48:36 WARNING mlflow.utils.requirements_utils: Found torch version (2.5.1+cu121) contains a local version label (+cu121). MLflow logged a pip requirement for this package as 'torch==2.5.1' without the local version label to make it installable from PyPI. To specify pip requirements containing local version labels, please use `conda_env` or `pip_requirements`.
2026/08/25 22:48:40 WARNING mlflow.utils.requirements_utils: Found torch version (2.5.1+cu121) contains a local version label (+cu121). MLflow logged a pip requirement for this package as 'torch==2.5.1' without the local version label to make it installable from PyPI. To specify pip requirements containing local version labels, please use `conda_env` or `pip_requirements`.
2026/08/25 22:48:40 WARNING mlflow.models.model: Model logged without a signature and input example. Please set `input_example` parameter when logging the model to auto infer the model signature.
2026/08/25 22:48:40 WARNING mlflow.models.model: Logging model metadata to the tracking server has failed. The model artifacts have been logged successfully under s3://dawgs-mlflow-artifacts/700/c8ad94d90e2f4a88a5f058f68507ada7/artifacts. Set logging level to DEBUG via `logging.getLogger("mlflow").setLevel(logging.DEBUG)` to see the full traceback.
💾 Checkpoint saved: Exp1B_Humidity_3e-4_epoch20.pth
Epoch 21: Pre-training on multiple HUCs
Pre-training on HUC5: 171100051102
Pre-training on HUC10: 170602080601
Pre-training on HUC15: 171100050704
Pre-training on HUC20: 170103040803
Pre-training on HUC25: 170200110110
Pre-training on HUC30: 171100090302
Pre-training on HUC35: 170602070403
Pre-training on HUC40: 170602070306
Pre-training on HUC45: 170602070703
Pre-training on HUC50: 170602071104
Pre-training on HUC55: 170602070301
Pre-training on HUC60: 171100050701
Pre-training on HUC65: 171100050902
Pre-training on HUC70: 171100060303
Pre-training on HUC75: 171100060204
Pre-training on HUC80: 170602070104
Pre-training on HUC85: 170103040203
Pre-training on HUC90: 170200090204
Pre-training on HUC95: 170602070501
Pre-training on HUC100: 170602080102
Pre-training on HUC105: 170602070402
Pre-training on HUC110: 170200090111
Pre-training on HUC115: 171100050502
Pre-training on HUC120: 171100050901
Pre-training on HUC125: 170602080203
Pre-training on HUC130: 171100051001
Pre-training on HUC135: 170602080107
Pre-training on HUC140: 171100090501
Pre-training on HUC145: 171100090201
Pre-training on HUC150: 171100090402
Pre-training on HUC155: 170103040103
Pre-training on HUC160: 170602070706
2026/08/25 23:21:54 WARNING mlflow.utils.requirements_utils: Found torch version (2.5.1+cu121) contains a local version label (+cu121). MLflow logged a pip requirement for this package as 'torch==2.5.1' without the local version label to make it installable from PyPI. To specify pip requirements containing local version labels, please use `conda_env` or `pip_requirements`.
2026/08/25 23:21:58 WARNING mlflow.utils.requirements_utils: Found torch version (2.5.1+cu121) contains a local version label (+cu121). MLflow logged a pip requirement for this package as 'torch==2.5.1' without the local version label to make it installable from PyPI. To specify pip requirements containing local version labels, please use `conda_env` or `pip_requirements`.
2026/08/25 23:21:58 WARNING mlflow.models.model: Model logged without a signature and input example. Please set `input_example` parameter when logging the model to auto infer the model signature.
2026/08/25 23:21:58 WARNING mlflow.models.model: Logging model metadata to the tracking server has failed. The model artifacts have been logged successfully under s3://dawgs-mlflow-artifacts/700/c8ad94d90e2f4a88a5f058f68507ada7/artifacts. Set logging level to DEBUG via `logging.getLogger("mlflow").setLevel(logging.DEBUG)` to see the full traceback.
evaluating on huc 170200090302
test_mse: 0.0037947900127619505
test_kge: 0.748654202054699
test_r2: 0.5344314575195312
test_mae: 0.03968364745378494
evaluating on huc 171100060102
test_mse: 0.2064092606306076
test_kge: 0.06154699387025564
test_r2: 0.08427882194519043
test_mae: 0.2983860671520233
evaluating on huc 170602070603
test_mse: 0.012599497102200985
test_kge: 0.3468600420095366
test_r2: 0.2555561661720276
test_mae: 0.07372571527957916
evaluating on huc 171100060402
test_mse: 0.024430230259895325
test_kge: 0.3923951831019118
test_r2: 0.40992891788482666
test_mae: 0.0905849039554596
evaluating on huc 170103020102
test_mse: 0.011175884865224361
test_kge: 0.6963823527904858
test_r2: 0.5425363779067993
test_mae: 0.06569383293390274
evaluating on huc 170602070701
test_mse: 0.01602317951619625
test_kge: -0.26679964180080673
test_r2: -0.7872241735458374
test_mae: 0.08568045496940613
evaluating on huc 170602080302
test_mse: 0.010400568135082722
test_kge: 0.727203374542049
test_r2: 0.5357803106307983
test_mae: 0.06447410583496094
evaluating on huc 170602071106
test_mse: 0.00835159607231617
test_kge: 0.8172098769078148
test_r2: 0.7167203426361084
test_mae: 0.05551573634147644
evaluating on huc 170602080412
test_mse: 0.011672452092170715
test_kge: 0.07857833338513687
test_r2: -0.14202916622161865
test_mae: 0.06892254948616028
evaluating on huc 171100060202
test_mse: 0.14424492418766022
test_kge: 0.19091711842473935
test_r2: 0.23517835140228271
test_mae: 0.23907165229320526
evaluating on huc 171100090103
test_mse: 0.16423936188220978
test_kge: 0.08488042484334857
test_r2: 0.11696183681488037
test_mae: 0.26643070578575134
evaluating on huc 170200110601
test_mse: 0.0037032142281532288
test_kge: 0.39746209567390456
test_r2: 0.2792842984199524
test_mae: 0.03259345889091492
evaluating on huc 170200110501
test_mse: 0.0063417209312319756
test_kge: 0.6462872120856364
test_r2: 0.6608859896659851
test_mae: 0.046070292592048645
evaluating on huc 170103040601
test_mse: 0.00537986122071743
test_kge: 0.702641923828327
test_r2: 0.5103026628494263
test_mae: 0.04305626079440117
evaluating on huc 170602071107
test_mse: 0.017097391188144684
test_kge: -1.2777331886706187
test_r2: -3.4494833946228027
test_mae: 0.08388905227184296
evaluating on huc 170602070704
test_mse: 0.006903734989464283
test_kge: 0.675547407448166
test_r2: 0.5984663963317871
test_mae: 0.05321512371301651
evaluating on huc 170602070105
test_mse: 0.01430281437933445
test_kge: 0.6772262975992962
test_r2: 0.6654684543609619
test_mae: 0.07537490874528885
evaluating on huc 170103040701
test_mse: 0.01684809848666191
test_kge: 0.555833119520541
test_r2: 0.5886266231536865
test_mae: 0.07225789874792099
evaluating on huc 170200110502
test_mse: 0.04362053796648979
test_kge: 0.40921422306599187
test_r2: 0.5033107995986938
test_mae: 0.12713788449764252
evaluating on huc 170602070904
test_mse: 0.01937033422291279
test_kge: -1.279783218708277
test_r2: -3.4082555770874023
test_mae: 0.09399838000535965
evaluating on huc 170602070902
test_mse: 0.013310871087014675
test_kge: 0.6379171029002502
test_r2: 0.4749627113342285
test_mae: 0.07572754472494125
evaluating on huc 170200090105
test_mse: 0.22273844480514526
test_kge: 0.1037765323780595
test_r2: 0.0806272029876709
test_mae: 0.3094263970851898
evaluating on huc 170602080503
test_mse: 0.012329880148172379
test_kge: 0.7447878736070972
test_r2: 0.5938900709152222
test_mae: 0.07073654979467392
evaluating on huc 171100050603
test_mse: 0.03565308451652527
test_kge: 0.310587016648568
test_r2: 0.4198506474494934
test_mae: 0.11876285076141357
evaluating on huc 171100060403
test_mse: 0.0077804322354495525
test_kge: 0.6793364008347269
test_r2: 0.4681435823440552
test_mae: 0.052725013345479965
evaluating on huc 171100051004
test_mse: 0.14678817987442017
test_kge: 0.039321963774767155
test_r2: 0.11407756805419922
test_mae: 0.22803343832492828
evaluating on huc 170200090209
test_mse: 0.03509538993239403
test_kge: 0.2421803237271627
test_r2: 0.35831326246261597
test_mae: 0.11043170839548111
evaluating on huc 170200090208
test_mse: 0.012303772382438183
test_kge: 0.780660578756747
test_r2: 0.694401741027832
test_mae: 0.07190533727407455
evaluating on huc 170200090106
test_mse: 0.1486106812953949
test_kge: 0.18853424223355464
test_r2: 0.22920352220535278
test_mae: 0.24373340606689453
evaluating on huc 170602080206
test_mse: 0.012388790026307106
test_kge: 0.6343762282055477
test_r2: 0.398595929145813
test_mae: 0.07038965076208115
evaluating on huc 170200110301
test_mse: 0.12936443090438843
test_kge: 0.23659961986573042
test_r2: 0.2792660593986511
test_mae: 0.2266663759946823
evaluating on huc 170200110102
test_mse: 0.1532077193260193
test_kge: 0.1682384088231439
test_r2: 0.20203828811645508
test_mae: 0.2500033974647522
evaluating on huc 170103020101
test_mse: 0.010498725809156895
test_kge: 0.7921151641039698
test_r2: 0.6539108753204346
test_mae: 0.06366871297359467
evaluating on huc 171100050402
test_mse: 0.07747668027877808
test_kge: 0.31525506576680706
test_r2: 0.3799006938934326
test_mae: 0.17387551069259644
evaluating on huc 170602080605
test_mse: 0.01059261430054903
test_kge: 0.6942467277012871
test_r2: 0.5044447779655457
test_mae: 0.06510371714830399
evaluating on huc 170200110101
test_mse: 0.19155097007751465
test_kge: 0.10026139926342215
test_r2: 0.12732189893722534
test_mae: 0.2787553071975708
evaluating on huc 170200110503
test_mse: 0.0036265659146010876
test_kge: 0.534394974727344
test_r2: 0.41045695543289185
test_mae: 0.03355797380208969
evaluating on huc 170200110403
test_mse: 0.11431680619716644
test_kge: 0.242897830432808
test_r2: 0.3203968405723572
test_mae: 0.2082274705171585
evaluating on huc 170602080505
test_mse: 0.01098121702671051
test_kge: 0.7449421361453243
test_r2: 0.5868732929229736
test_mae: 0.066567562520504
evaluating on huc 170103040401
test_mse: 0.016262641176581383
test_kge: 0.6572159432970699
test_r2: 0.6250786781311035
test_mae: 0.07571358233690262
evaluating on huc 170200090202
test_mse: 0.03684188798069954
test_kge: 0.49416709993322283
test_r2: 0.5520210266113281
test_mae: 0.11795184761285782
evaluating on huc 170602080502
test_mse: 0.04102862998843193
test_kge: 0.41556386747280727
test_r2: 0.49639058113098145
test_mae: 0.126121386885643
evaluating on huc 170602080108
test_mse: 0.012107402086257935
test_kge: 0.6086323269375981
test_r2: 0.4153689742088318
test_mae: 0.07089916616678238
evaluating on huc 170602070705
test_mse: 0.014545192010700703
test_kge: 0.1159535492757312
test_r2: -0.0973731279373169
test_mae: 0.07825566083192825
evaluating on huc 170200090108
test_mse: 0.10386867821216583
test_kge: 0.2522336179697121
test_r2: 0.3288649320602417
test_mae: 0.1977737545967102
evaluating on huc 170103040901
test_mse: 0.005775707773864269
test_kge: 0.7600056599889105
test_r2: 0.5895123481750488
test_mae: 0.044318050146102905
evaluating on huc 170602070901
test_mse: 0.014617559500038624
test_kge: 0.2340040767037328
test_r2: 0.07239413261413574
test_mae: 0.07891851663589478
evaluating on huc 170602070802
test_mse: 0.011100070551037788
test_kge: 0.5260767032166522
test_r2: 0.31263792514801025
test_mae: 0.0657859817147255
evaluating on huc 171100050705
test_mse: 0.08667916059494019
test_kge: 0.19345111371635604
test_r2: 0.2830621004104614
test_mae: 0.1838470846414566
evaluating on huc 170200110703
test_mse: 0.005514787044376135
test_kge: 0.8172179905891901
test_r2: 0.6735283136367798
test_mae: 0.045067597180604935
evaluating on huc 171100050703
test_mse: 0.08110513538122177
test_kge: 0.2498521471140559
test_r2: 0.31588059663772583
test_mae: 0.18384893238544464
evaluating on huc 170602070707
test_mse: 0.017432374879717827
test_kge: -1.0116248842389544
test_r2: -2.641418933868408
test_mae: 0.08881450444459915
evaluating on huc 171100050801
test_mse: 0.2469044327735901
test_kge: 0.08446924549450552
test_r2: -0.0656667947769165
test_mae: 0.3513191342353821
evaluating on huc 170103020302
test_mse: 0.011491306126117706
test_kge: 0.7220690674294932
test_r2: 0.610045313835144
test_mae: 0.06230850890278816
✅ Checkpoint saved: /home/sagemaker-user/checkpoints/Exp1B_Humidity_3e-4_epoch21.pth
💾 Checkpoint saved: Exp1B_Humidity_3e-4_epoch21.pth
Epoch 22: Pre-training on multiple HUCs
Pre-training on HUC5: 170103040606
Pre-training on HUC10: 170200090205
Pre-training on HUC15: 171100060104
Pre-training on HUC20: 170103040302
Pre-training on HUC25: 170103040307
Pre-training on HUC30: 171100050604
Pre-training on HUC35: 170602080106
Pre-training on HUC40: 170200110108
Pre-training on HUC45: 170602080607
Pre-training on HUC50: 170103040703
Pre-training on HUC55: 170200110702
Pre-training on HUC60: 171100050901
Pre-training on HUC65: 170200110304
Pre-training on HUC70: 171100050702
Pre-training on HUC75: 170602080105
Pre-training on HUC80: 170602080604
Pre-training on HUC85: 171100090201
Pre-training on HUC90: 170200110109
Pre-training on HUC95: 170602070201
Pre-training on HUC100: 170200090110
Pre-training on HUC105: 171100060103
Pre-training on HUC110: 170200090103
Pre-training on HUC115: 170602080601
Pre-training on HUC120: 170103040305
Pre-training on HUC125: 170103040502
Pre-training on HUC130: 171100050904
Pre-training on HUC135: 170103040803
Pre-training on HUC140: 170200110107
Pre-training on HUC145: 170602080401
Pre-training on HUC150: 170602070706
Pre-training on HUC155: 171100090101
Pre-training on HUC160: 170602071104
2026/08/25 23:55:10 WARNING mlflow.utils.requirements_utils: Found torch version (2.5.1+cu121) contains a local version label (+cu121). MLflow logged a pip requirement for this package as 'torch==2.5.1' without the local version label to make it installable from PyPI. To specify pip requirements containing local version labels, please use `conda_env` or `pip_requirements`.
2026/08/25 23:55:14 WARNING mlflow.utils.requirements_utils: Found torch version (2.5.1+cu121) contains a local version label (+cu121). MLflow logged a pip requirement for this package as 'torch==2.5.1' without the local version label to make it installable from PyPI. To specify pip requirements containing local version labels, please use `conda_env` or `pip_requirements`.
2026/08/25 23:55:14 WARNING mlflow.models.model: Model logged without a signature and input example. Please set `input_example` parameter when logging the model to auto infer the model signature.
2026/08/25 23:55:14 WARNING mlflow.models.model: Logging model metadata to the tracking server has failed. The model artifacts have been logged successfully under s3://dawgs-mlflow-artifacts/700/c8ad94d90e2f4a88a5f058f68507ada7/artifacts. Set logging level to DEBUG via `logging.getLogger("mlflow").setLevel(logging.DEBUG)` to see the full traceback.
evaluating on huc 170602080605
test_mse: 0.00551431393250823
test_kge: 0.7512291480363819
test_r2: 0.7420233488082886
test_mae: 0.04997313767671585
evaluating on huc 170602080302
test_mse: 0.006736793555319309
test_kge: 0.7277384657007159
test_r2: 0.6993094682693481
test_mae: 0.05578093230724335
evaluating on huc 170103040401
test_mse: 0.01132973376661539
test_kge: 0.8236971183624244
test_r2: 0.7388026714324951
test_mae: 0.06629608571529388
evaluating on huc 170200110301
test_mse: 0.07322012633085251
test_kge: 0.4597289134259469
test_r2: 0.5920653343200684
test_mae: 0.1835137903690338
evaluating on huc 170200090208
test_mse: 0.01088965404778719
test_kge: 0.8221791478128212
test_r2: 0.7295252680778503
test_mae: 0.06803654134273529
evaluating on huc 171100050801
test_mse: 0.17138585448265076
test_kge: 0.2886826684572418
test_r2: 0.26027971506118774
test_mae: 0.30418860912323
evaluating on huc 170103040701
test_mse: 0.011903702281415462
test_kge: 0.6892366053372294
test_r2: 0.7093520164489746
test_mae: 0.06394235044717789
evaluating on huc 170200090202
test_mse: 0.032504789531230927
test_kge: 0.5821381407389461
test_r2: 0.6047580242156982
test_mae: 0.11952410638332367
evaluating on huc 170602070705
test_mse: 0.01128828339278698
test_kge: 0.31045908735032857
test_r2: 0.14834684133529663
test_mae: 0.06586382538080215
evaluating on huc 170602080108
test_mse: 0.0052434359677135944
test_kge: 0.8034260264994885
test_r2: 0.7468098402023315
test_mae: 0.04930201545357704
evaluating on huc 170602080412
test_mse: 0.008653218857944012
test_kge: 0.4438058643809981
test_r2: 0.1533716320991516
test_mae: 0.060146600008010864
evaluating on huc 170200090108
test_mse: 0.06687703728675842
test_kge: 0.4156980003089904
test_r2: 0.5678820013999939
test_mae: 0.17053376138210297
evaluating on huc 171100050705
test_mse: 0.06071290746331215
test_kge: 0.5067268919645028
test_r2: 0.4978333115577698
test_mae: 0.15390710532665253
evaluating on huc 170200090105
test_mse: 0.1539991796016693
test_kge: 0.2869820985854691
test_r2: 0.36435467004776
test_mae: 0.2704284191131592
evaluating on huc 170103020302
test_mse: 0.010138412937521935
test_kge: 0.8282144893460461
test_r2: 0.65595543384552
test_mae: 0.0633682906627655
evaluating on huc 170602071107
test_mse: 0.014621583744883537
test_kge: -0.7516225786975772
test_r2: -2.805171251296997
test_mae: 0.07157398015260696
evaluating on huc 170200090209
test_mse: 0.046883583068847656
test_kge: 0.10313437930390557
test_r2: 0.1427769660949707
test_mae: 0.14459583163261414
evaluating on huc 170200110703
test_mse: 0.010953211225569248
test_kge: 0.5311872533883748
test_r2: 0.3515772819519043
test_mae: 0.0648760125041008
evaluating on huc 170200110503
test_mse: 0.009316314943134785
test_kge: -0.30607275294356384
test_r2: -0.5144820213317871
test_mae: 0.061571165919303894
evaluating on huc 170602080503
test_mse: 0.0067392271012067795
test_kge: 0.826278141886214
test_r2: 0.7780296802520752
test_mae: 0.05471751466393471
evaluating on huc 170602070603
test_mse: 0.010264082811772823
test_kge: 0.40382622550885416
test_r2: 0.3935445547103882
test_mae: 0.0650475025177002
evaluating on huc 171100090103
test_mse: 0.11820972710847855
test_kge: 0.30361332336157154
test_r2: 0.3644416332244873
test_mae: 0.22288137674331665
evaluating on huc 170602071106
test_mse: 0.010142087936401367
test_kge: 0.6248471584904867
test_r2: 0.6559882760047913
test_mae: 0.06695669144392014
evaluating on huc 171100050603
test_mse: 0.024374963715672493
test_kge: 0.5985612845069233
test_r2: 0.6033689975738525
test_mae: 0.09947235137224197
evaluating on huc 171100060402
test_mse: 0.027240511029958725
test_kge: 0.6342612149102348
test_r2: 0.34205132722854614
test_mae: 0.09563268721103668
evaluating on huc 170200110403
test_mse: 0.06972147524356842
test_kge: 0.4423882990918172
test_r2: 0.585512101650238
test_mae: 0.16867594420909882
evaluating on huc 170602070901
test_mse: 0.012294040061533451
test_kge: 0.29959099600697114
test_r2: 0.21984076499938965
test_mae: 0.07189842313528061
evaluating on huc 170200090302
test_mse: 0.013523200526833534
test_kge: -0.273581622753591
test_r2: -0.6591107845306396
test_mae: 0.08237458020448685
evaluating on huc 171100060202
test_mse: 0.09394534677267075
test_kge: 0.37645583024765317
test_r2: 0.5018789768218994
test_mae: 0.20457355678081512
evaluating on huc 170103040901
test_mse: 0.017237665131688118
test_kge: -0.18690248629219508
test_r2: -0.2251051664352417
test_mae: 0.08035087585449219
evaluating on huc 170602070904
test_mse: 0.020680472254753113
test_kge: -1.0299723699806331
test_r2: -3.706413745880127
test_mae: 0.08467107266187668
evaluating on huc 171100051004
test_mse: 0.10742123425006866
test_kge: 0.2928722751934334
test_r2: 0.35167205333709717
test_mae: 0.1889961212873459
evaluating on huc 170103020102
test_mse: 0.009268689900636673
test_kge: 0.7167381289271677
test_r2: 0.6206037998199463
test_mae: 0.06111177057027817
evaluating on huc 171100060102
test_mse: 0.14316491782665253
test_kge: 0.2804124945535663
test_r2: 0.3648582696914673
test_mae: 0.2420324832201004
evaluating on huc 170602080505
test_mse: 0.006091117858886719
test_kge: 0.8297066766766966
test_r2: 0.7708446979522705
test_mae: 0.05290200561285019
evaluating on huc 170602070902
test_mse: 0.009415718726813793
test_kge: 0.6287899357897772
test_r2: 0.6286040544509888
test_mae: 0.061998069286346436
evaluating on huc 170103020101
test_mse: 0.007362634874880314
test_kge: 0.8655355940734268
test_r2: 0.7572917342185974
test_mae: 0.05620221421122551
evaluating on huc 171100060403
test_mse: 0.01795206591486931
test_kge: 0.39553803160552214
test_r2: -0.22717106342315674
test_mae: 0.07795166969299316
evaluating on huc 170103040601
test_mse: 0.011567147448658943
test_kge: 0.10398478737189432
test_r2: -0.05288994312286377
test_mae: 0.06624855101108551
evaluating on huc 170602070701
test_mse: 0.01585494540631771
test_kge: -0.1909910347028556
test_r2: -0.7684594392776489
test_mae: 0.07731855660676956
evaluating on huc 170200110501
test_mse: 0.013979344628751278
test_kge: 0.33003849588691925
test_r2: 0.2524755597114563
test_mae: 0.07793157547712326
evaluating on huc 171100050402
test_mse: 0.06424697488546371
test_kge: 0.41215556040434487
test_r2: 0.48578721284866333
test_mae: 0.16612493991851807
evaluating on huc 170200110502
test_mse: 0.04126252979040146
test_kge: 0.4456165710911829
test_r2: 0.5301604866981506
test_mae: 0.1294666975736618
evaluating on huc 170602070704
test_mse: 0.007995232939720154
test_kge: 0.6548797474259607
test_r2: 0.5349829196929932
test_mae: 0.06130462512373924
evaluating on huc 170200110101
test_mse: 0.1403791308403015
test_kge: 0.25288548551534284
test_r2: 0.3604533076286316
test_mae: 0.24657197296619415
evaluating on huc 170602070105
test_mse: 0.015385561622679234
test_kge: 0.5898859245095139
test_r2: 0.640143871307373
test_mae: 0.08417616039514542
evaluating on huc 171100050703
test_mse: 0.04995931684970856
test_kge: 0.5464750817150008
test_r2: 0.5785946846008301
test_mae: 0.14571154117584229
evaluating on huc 170602070802
test_mse: 0.004387810826301575
test_kge: 0.8244652862873535
test_r2: 0.7282886505126953
test_mae: 0.0444837361574173
evaluating on huc 170200110102
test_mse: 0.1063542291522026
test_kge: 0.335750591114342
test_r2: 0.4460684061050415
test_mae: 0.2189369648694992
evaluating on huc 170200090106
test_mse: 0.09343066066503525
test_kge: 0.3911860725818681
test_r2: 0.5154048204421997
test_mae: 0.20436525344848633
evaluating on huc 170602070707
test_mse: 0.019108783453702927
test_kge: -0.8012900131173684
test_r2: -2.9916014671325684
test_mae: 0.08166631311178207
evaluating on huc 170200110601
test_mse: 0.007848585955798626
test_kge: -0.32427767193675217
test_r2: -0.5274837017059326
test_mae: 0.05612514913082123
evaluating on huc 170602080502
test_mse: 0.02782842516899109
test_kge: 0.5251118874120511
test_r2: 0.6584176421165466
test_mae: 0.11280243843793869
evaluating on huc 170602080206
test_mse: 0.00704445643350482
test_kge: 0.6194655283448406
test_r2: 0.6580324172973633
test_mae: 0.056945543736219406
✅ Checkpoint saved: /home/sagemaker-user/checkpoints/Exp1B_Humidity_3e-4_epoch22.pth
💾 Checkpoint saved: Exp1B_Humidity_3e-4_epoch22.pth
Epoch 23: Pre-training on multiple HUCs
Pre-training on HUC5: 171100051002
Pre-training on HUC10: 170602070402
Pre-training on HUC15: 170602080106
Pre-training on HUC20: 170602070403
Pre-training on HUC25: 170200110406
Pre-training on HUC30: 170602080104
Pre-training on HUC35: 171100051003
Pre-training on HUC40: 170602080409
Pre-training on HUC45: 171100090302
Pre-training on HUC50: 171100090402
Pre-training on HUC55: 170602070502
Pre-training on HUC60: 170200110603
Pre-training on HUC65: 170602080202
Pre-training on HUC70: 170602070803
Pre-training on HUC75: 171100050903
Pre-training on HUC80: 171100060103
Pre-training on HUC85: 170200110203
Pre-training on HUC90: 170200090203
Pre-training on HUC95: 170103040305
Pre-training on HUC100: 171100050708
Pre-training on HUC105: 170602080402
Pre-training on HUC110: 170200110105
Pre-training on HUC115: 171100050805
Pre-training on HUC120: 171100051001
Pre-training on HUC125: 170103040307
Pre-training on HUC130: 170602071105
Pre-training on HUC135: 170602070703
Pre-training on HUC140: 170103040105
Pre-training on HUC145: 170103040303
Pre-training on HUC150: 170602070602
Pre-training on HUC155: 170200110110
Pre-training on HUC160: 170103040402
evaluating on huc 170200110501
test_mse: 0.011933128349483013
test_kge: 0.2357698063105268
test_r2: 0.361893892288208
test_mae: 0.0647570937871933
evaluating on huc 170200110601
test_mse: 0.0026165791787207127
test_kge: 0.5061752189569497
test_r2: 0.4907640814781189
test_mae: 0.02818959206342697
evaluating on huc 171100060202
test_mse: 0.10538404434919357
test_kge: 0.3053622145691449
test_r2: 0.4412282109260559
test_mae: 0.22379174828529358
evaluating on huc 170200090208
test_mse: 0.013417578302323818
test_kge: 0.5880755245801442
test_r2: 0.6667373180389404
test_mae: 0.07415780425071716
evaluating on huc 171100060402
test_mse: 0.02210843563079834
test_kge: 0.4127262751888445
test_r2: 0.46600794792175293
test_mae: 0.08169253915548325
evaluating on huc 170602070105
test_mse: 0.010862701572477818
test_kge: 0.5709129414993093
test_r2: 0.7459299564361572
test_mae: 0.07156956195831299
evaluating on huc 170602080108
test_mse: 0.003056352259591222
test_kge: 0.9111823560618528
test_r2: 0.8524177074432373
test_mae: 0.03427039086818695
evaluating on huc 170103040701
test_mse: 0.03200048953294754
test_kge: 0.05587268004795776
test_r2: 0.21865659952163696
test_mae: 0.10531595349311829
evaluating on huc 170103020102
test_mse: 0.010515395551919937
test_kge: 0.3961843545100371
test_r2: 0.5695722699165344
test_mae: 0.06158124655485153
evaluating on huc 170200110403
test_mse: 0.07323901355266571
test_kge: 0.4133195036722064
test_r2: 0.5646006464958191
test_mae: 0.17100179195404053
evaluating on huc 170602071106
test_mse: 0.010956970043480396
test_kge: 0.43033278652228
test_r2: 0.6283481121063232
test_mae: 0.06604296714067459
evaluating on huc 170200110301
test_mse: 0.06525871157646179
test_kge: 0.534776160960241
test_r2: 0.6364211440086365
test_mae: 0.1663120836019516
evaluating on huc 170602070707
test_mse: 0.002911513904109597
test_kge: 0.6026134270433028
test_r2: 0.3918188214302063
test_mae: 0.033765651285648346
evaluating on huc 170602070704
test_mse: 0.007478255778551102
test_kge: 0.43610073600806787
test_r2: 0.565051257610321
test_mae: 0.057648658752441406
evaluating on huc 170602070904
test_mse: 0.0028868408408015966
test_kge: 0.6535256433456043
test_r2: 0.3430194854736328
test_mae: 0.03322591632604599
evaluating on huc 171100090103
test_mse: 0.16514475643634796
test_kge: 0.10668975945570969
test_r2: 0.11209386587142944
test_mae: 0.27010560035705566
evaluating on huc 170602071107
test_mse: 0.002083239145576954
test_kge: 0.5795398089517936
test_r2: 0.45785069465637207
test_mae: 0.028104346245527267
evaluating on huc 171100050705
test_mse: 0.0904422476887703
test_kge: 0.19750727547602598
test_r2: 0.25193697214126587
test_mae: 0.19242824614048004
evaluating on huc 170103040901
test_mse: 0.007582232356071472
test_kge: 0.3150171154894885
test_r2: 0.461120069026947
test_mae: 0.04738130047917366
evaluating on huc 170602080605
test_mse: 0.0038712129462510347
test_kge: 0.7126960323960463
test_r2: 0.8188927173614502
test_mae: 0.0386999137699604
evaluating on huc 170602080502
test_mse: 0.013593554496765137
test_kge: 0.6710063184954103
test_r2: 0.8331447839736938
test_mae: 0.07808380573987961
evaluating on huc 170602080505
test_mse: 0.0037934042047709227
test_kge: 0.8309561628367204
test_r2: 0.8572875261306763
test_mae: 0.039142291992902756
evaluating on huc 170602070705
test_mse: 0.005426172632724047
test_kge: 0.7366091096845108
test_r2: 0.5906182527542114
test_mae: 0.04348622262477875
evaluating on huc 170103020302
test_mse: 0.01886921189725399
test_kge: 0.19607070423232487
test_r2: 0.35967791080474854
test_mae: 0.08136913180351257
evaluating on huc 170103040401
test_mse: 0.023709233850240707
test_kge: 0.26287298129450065
test_r2: 0.4534038305282593
test_mae: 0.09405111521482468
evaluating on huc 171100050402
test_mse: 0.060378916561603546
test_kge: 0.39582958454209316
test_r2: 0.516745924949646
test_mae: 0.1713409274816513
evaluating on huc 170200090106
test_mse: 0.11125245690345764
test_kge: 0.3052687402784474
test_r2: 0.4229687452316284
test_mae: 0.22699354588985443
evaluating on huc 170602080206
test_mse: 0.003771489020437002
test_kge: 0.7540764900044016
test_r2: 0.8169160485267639
test_mae: 0.03935941308736801
evaluating on huc 170200110503
test_mse: 0.0030128792859613895
test_kge: 0.42374680065440873
test_r2: 0.5102193355560303
test_mae: 0.029293017461895943
evaluating on huc 170602070902
test_mse: 0.009224995970726013
test_kge: 0.6423066812429059
test_r2: 0.6361269950866699
test_mae: 0.05979655683040619
evaluating on huc 170200110102
test_mse: 0.12855391204357147
test_kge: 0.22569795966145445
test_r2: 0.3304443359375
test_mae: 0.24963365495204926
evaluating on huc 170103020101
test_mse: 0.014467756263911724
test_kge: 0.34540939265959714
test_r2: 0.523072361946106
test_mae: 0.07489258795976639
evaluating on huc 170602070701
test_mse: 0.003043960314244032
test_kge: 0.7717775767256286
test_r2: 0.6604769229888916
test_mae: 0.034194059669971466
evaluating on huc 170200090202
test_mse: 0.021608984097838402
test_kge: 0.742020482375908
test_r2: 0.7372455596923828
test_mae: 0.09367542713880539
evaluating on huc 170200090105
test_mse: 0.17846381664276123
test_kge: 0.19598454898038564
test_r2: 0.2633747458457947
test_mae: 0.30031025409698486
evaluating on huc 170602080302
test_mse: 0.003977170214056969
test_kge: 0.7692592752974804
test_r2: 0.822482705116272
test_mae: 0.040534477680921555
evaluating on huc 170602070802
test_mse: 0.002533758757635951
test_kge: 0.8152348519256192
test_r2: 0.8430992364883423
test_mae: 0.030561575666069984
evaluating on huc 171100050703
test_mse: 0.07022465020418167
test_kge: 0.30834361472475114
test_r2: 0.4076571464538574
test_mae: 0.17769993841648102
evaluating on huc 170200090209
test_mse: 0.05418870598077774
test_kge: -0.037301207879106624
test_r2: 0.009209513664245605
test_mae: 0.14785587787628174
evaluating on huc 170200090108
test_mse: 0.07889410108327866
test_kge: 0.34194510986819193
test_r2: 0.4902351498603821
test_mae: 0.18981361389160156
evaluating on huc 170602080503
test_mse: 0.004517985973507166
test_kge: 0.8230787180692047
test_r2: 0.8511908650398254
test_mae: 0.04255424812436104
evaluating on huc 170200110502
test_mse: 0.05300074443221092
test_kge: 0.2711884022206964
test_r2: 0.3965022563934326
test_mae: 0.1604762226343155
evaluating on huc 170200110101
test_mse: 0.18155282735824585
test_kge: 0.10216241911961754
test_r2: 0.17287200689315796
test_mae: 0.29258838295936584
evaluating on huc 171100060403
test_mse: 0.006393371149897575
test_kge: 0.6922953431065111
test_r2: 0.5629605650901794
test_mae: 0.04788317531347275
evaluating on huc 170602070603
test_mse: 0.007158661261200905
test_kge: 0.5834610493999052
test_r2: 0.5770290493965149
test_mae: 0.04940219596028328
evaluating on huc 171100051004
test_mse: 0.16073060035705566
test_kge: -0.012116529006386045
test_r2: 0.029929757118225098
test_mae: 0.2372337430715561
evaluating on huc 171100050603
test_mse: 0.049799371510744095
test_kge: 0.1434916284318274
test_r2: 0.18966126441955566
test_mae: 0.1458498239517212
evaluating on huc 170602070901
test_mse: 0.010695249773561954
test_kge: 0.4460320405480559
test_r2: 0.3212973475456238
test_mae: 0.060198161751031876
evaluating on huc 171100060102
test_mse: 0.18587619066238403
test_kge: 0.12793237957619974
test_r2: 0.1753724217414856
test_mae: 0.28380972146987915
evaluating on huc 170103040601
test_mse: 0.005802972707897425
test_kge: 0.42348859831633834
test_r2: 0.47178930044174194
test_mae: 0.0416368767619133
evaluating on huc 170200110703
test_mse: 0.007491059601306915
test_kge: 0.4468480992326994
test_r2: 0.5565342903137207
test_mae: 0.051778074353933334
evaluating on huc 170602080412
test_mse: 0.0029498073272407055
test_kge: 0.7064583119233798
test_r2: 0.7113916873931885
test_mae: 0.03325501084327698
evaluating on huc 171100050801
test_mse: 0.1923351138830185
test_kge: 0.20726055070184402
test_r2: 0.16986042261123657
test_mae: 0.32871213555336
evaluating on huc 170200090302
test_mse: 0.005845444276928902
test_kge: 0.2860309483391026
test_r2: 0.2828443646430969
test_mae: 0.04878079518675804
✅ Checkpoint saved: /home/sagemaker-user/checkpoints/Exp1B_Humidity_3e-4_epoch23.pth
2026/08/26 00:28:24 WARNING mlflow.utils.requirements_utils: Found torch version (2.5.1+cu121) contains a local version label (+cu121). MLflow logged a pip requirement for this package as 'torch==2.5.1' without the local version label to make it installable from PyPI. To specify pip requirements containing local version labels, please use `conda_env` or `pip_requirements`.
2026/08/26 00:28:28 WARNING mlflow.utils.requirements_utils: Found torch version (2.5.1+cu121) contains a local version label (+cu121). MLflow logged a pip requirement for this package as 'torch==2.5.1' without the local version label to make it installable from PyPI. To specify pip requirements containing local version labels, please use `conda_env` or `pip_requirements`.
2026/08/26 00:28:28 WARNING mlflow.models.model: Model logged without a signature and input example. Please set `input_example` parameter when logging the model to auto infer the model signature.
2026/08/26 00:28:28 WARNING mlflow.models.model: Logging model metadata to the tracking server has failed. The model artifacts have been logged successfully under s3://dawgs-mlflow-artifacts/700/c8ad94d90e2f4a88a5f058f68507ada7/artifacts. Set logging level to DEBUG via `logging.getLogger("mlflow").setLevel(logging.DEBUG)` to see the full traceback.
💾 Checkpoint saved: Exp1B_Humidity_3e-4_epoch23.pth
Epoch 24: Pre-training on multiple HUCs
Pre-training on HUC5: 170103040105
Pre-training on HUC10: 170602080203
Pre-training on HUC15: 170200110402
Pre-training on HUC20: 170200110107
Pre-training on HUC25: 171100060205
Pre-training on HUC30: 170200110111
Pre-training on HUC35: 170103040703
Pre-training on HUC40: 170103020103
Pre-training on HUC45: 170602070903
Pre-training on HUC50: 171100060304
Pre-training on HUC55: 170200110105
Pre-training on HUC60: 171100050803
Pre-training on HUC65: 170200090205
Pre-training on HUC70: 171100050707
Pre-training on HUC75: 170200110602
Pre-training on HUC80: 170602080608
Pre-training on HUC85: 170103040402
Pre-training on HUC90: 170200090201
Pre-training on HUC95: 170200090113
Pre-training on HUC100: 170602070401
Pre-training on HUC105: 170200090104
Pre-training on HUC110: 171100060204
Pre-training on HUC115: 170103040306
Pre-training on HUC120: 170103040502
Pre-training on HUC125: 170602070102
Pre-training on HUC130: 170602080607
Pre-training on HUC135: 170602070402
Pre-training on HUC140: 170602080409
Pre-training on HUC145: 171100050706
Pre-training on HUC150: 171100050901
Pre-training on HUC155: 170103040303
Pre-training on HUC160: 170103040302
2026/08/26 01:01:44 WARNING mlflow.utils.requirements_utils: Found torch version (2.5.1+cu121) contains a local version label (+cu121). MLflow logged a pip requirement for this package as 'torch==2.5.1' without the local version label to make it installable from PyPI. To specify pip requirements containing local version labels, please use `conda_env` or `pip_requirements`.
2026/08/26 01:01:47 WARNING mlflow.utils.requirements_utils: Found torch version (2.5.1+cu121) contains a local version label (+cu121). MLflow logged a pip requirement for this package as 'torch==2.5.1' without the local version label to make it installable from PyPI. To specify pip requirements containing local version labels, please use `conda_env` or `pip_requirements`.
2026/08/26 01:01:47 WARNING mlflow.models.model: Model logged without a signature and input example. Please set `input_example` parameter when logging the model to auto infer the model signature.
2026/08/26 01:01:48 WARNING mlflow.models.model: Logging model metadata to the tracking server has failed. The model artifacts have been logged successfully under s3://dawgs-mlflow-artifacts/700/c8ad94d90e2f4a88a5f058f68507ada7/artifacts. Set logging level to DEBUG via `logging.getLogger("mlflow").setLevel(logging.DEBUG)` to see the full traceback.
evaluating on huc 170200110102
test_mse: 0.03604902699589729
test_kge: 0.6499573380099348
test_r2: 0.8122435212135315
test_mae: 0.1282450556755066
evaluating on huc 170602070902
test_mse: 0.009179607033729553
test_kge: 0.563705731091874
test_r2: 0.6379172801971436
test_mae: 0.06207709386944771
evaluating on huc 171100050703
test_mse: 0.017663348466157913
test_kge: 0.8789665613777344
test_r2: 0.8510102033615112
test_mae: 0.08722267299890518
evaluating on huc 170200110301
test_mse: 0.024210069328546524
test_kge: 0.7579163954023815
test_r2: 0.8651173114776611
test_mae: 0.10126551240682602
evaluating on huc 170602070901
test_mse: 0.013574343174695969
test_kge: 0.19588516594383543
test_r2: 0.13859492540359497
test_mae: 0.07771661132574081
evaluating on huc 170200110503
test_mse: 0.006291767582297325
test_kge: -0.05068909254203602
test_r2: -0.02280449867248535
test_mae: 0.05336711183190346
evaluating on huc 170602070603
test_mse: 0.009372608736157417
test_kge: 0.35962465476096894
test_r2: 0.44621747732162476
test_mae: 0.06351951509714127
evaluating on huc 170602070707
test_mse: 0.015847455710172653
test_kge: -0.8709028867649824
test_r2: -2.3103480339050293
test_mae: 0.07729416340589523
evaluating on huc 170200090105
test_mse: 0.06271030008792877
test_kge: 0.5872656944876925
test_r2: 0.7411576509475708
test_mae: 0.17004619538784027
evaluating on huc 170200090108
test_mse: 0.027425941079854965
test_kge: 0.6590639682238811
test_r2: 0.8227905631065369
test_mae: 0.11004170030355453
evaluating on huc 170602071106
test_mse: 0.006982516031712294
test_kge: 0.8073211103195604
test_r2: 0.7631585001945496
test_mae: 0.0519070141017437
evaluating on huc 171100050402
test_mse: 0.03515304625034332
test_kge: 0.5990865631149652
test_r2: 0.7186459302902222
test_mae: 0.12372376769781113
evaluating on huc 170103040701
test_mse: 0.008046427741646767
test_kge: 0.8839759808460584
test_r2: 0.8035335540771484
test_mae: 0.05617084726691246
evaluating on huc 170103040401
test_mse: 0.010706732980906963
test_kge: 0.727911143689763
test_r2: 0.7531653642654419
test_mae: 0.06528795510530472
evaluating on huc 170200110403
test_mse: 0.017471205443143845
test_kge: 0.8147650118491797
test_r2: 0.8961352705955505
test_mae: 0.08445718884468079
evaluating on huc 170200110601
test_mse: 0.007157696411013603
test_kge: -0.25796995739856476
test_r2: -0.3930234909057617
test_mae: 0.050483036786317825
evaluating on huc 171100050705
test_mse: 0.02125811018049717
test_kge: 0.9022029592873437
test_r2: 0.8241705894470215
test_mae: 0.09276796132326126
evaluating on huc 170602080503
test_mse: 0.004060474690049887
test_kge: 0.9158249796195791
test_r2: 0.8662599325180054
test_mae: 0.03980328142642975
evaluating on huc 170200090106
test_mse: 0.030274756252765656
test_kge: 0.7342359901601939
test_r2: 0.8429744243621826
test_mae: 0.11399739235639572
evaluating on huc 170602070701
test_mse: 0.013014071621000767
test_kge: -0.151989461542835
test_r2: -0.45158851146698
test_mae: 0.07161020487546921
evaluating on huc 170200110101
test_mse: 0.0639832392334938
test_kge: 0.5164973555775025
test_r2: 0.7085017561912537
test_mae: 0.17202042043209076
evaluating on huc 170602080412
test_mse: 0.00777685921639204
test_kge: 0.2984741709645711
test_r2: 0.2391144037246704
test_mae: 0.05494815111160278
evaluating on huc 170200090202
test_mse: 0.01660461165010929
test_kge: 0.7948051116396726
test_r2: 0.798096239566803
test_mae: 0.0827016830444336
evaluating on huc 171100060402
test_mse: 0.020612388849258423
test_kge: 0.47874944033861955
test_r2: 0.5021424293518066
test_mae: 0.10104966908693314
evaluating on huc 170602080605
test_mse: 0.003316202899441123
test_kge: 0.9174450131565939
test_r2: 0.8448578119277954
test_mae: 0.03574938699603081
evaluating on huc 170200110501
test_mse: 0.004073174670338631
test_kge: 0.791682091536673
test_r2: 0.782193124294281
test_mae: 0.03948494791984558
evaluating on huc 170103040901
test_mse: 0.0057178670540452
test_kge: 0.538133522664482
test_r2: 0.593623161315918
test_mae: 0.04480147734284401
evaluating on huc 170200090209
test_mse: 0.013743109069764614
test_kge: 0.5715424554164781
test_r2: 0.7487199306488037
test_mae: 0.07319597154855728
evaluating on huc 170602070904
test_mse: 0.017956463620066643
test_kge: -1.137263656099718
test_r2: -3.0864901542663574
test_mae: 0.08250557631254196
evaluating on huc 171100060403
test_mse: 0.019532669335603714
test_kge: -0.2369718075672087
test_r2: -0.33521831035614014
test_mae: 0.1010763943195343
evaluating on huc 170602080505
test_mse: 0.003488407004624605
test_kge: 0.9164599149849222
test_r2: 0.8687618970870972
test_mae: 0.03723513334989548
evaluating on huc 171100050801
test_mse: 0.06324595957994461
test_kge: 0.6523876815996211
test_r2: 0.7270234227180481
test_mae: 0.1768607646226883
evaluating on huc 170200090302
test_mse: 0.00455213850364089
test_kge: 0.5036824420025368
test_r2: 0.44151514768600464
test_mae: 0.0432475209236145
evaluating on huc 170602070802
test_mse: 0.0037391367368400097
test_kge: 0.7847101789902731
test_r2: 0.7684572339057922
test_mae: 0.038762129843235016
evaluating on huc 170602070704
test_mse: 0.005999075714498758
test_kge: 0.7094806964667281
test_r2: 0.6510829925537109
test_mae: 0.05099016800522804
evaluating on huc 170602070105
test_mse: 0.0077967275865375996
test_kge: 0.7381174827007189
test_r2: 0.8176406621932983
test_mae: 0.055225055664777756
evaluating on huc 170602080206
test_mse: 0.00391622306779027
test_kge: 0.7840621873209074
test_r2: 0.8098900318145752
test_mae: 0.03890858590602875
evaluating on huc 170103020102
test_mse: 0.012149039655923843
test_kge: 0.4159321594963057
test_r2: 0.5027021169662476
test_mae: 0.07049360126256943
evaluating on huc 170602080108
test_mse: 0.004868934862315655
test_kge: 0.6621395497853462
test_r2: 0.7648933529853821
test_mae: 0.043574362993240356
evaluating on huc 170103020101
test_mse: 0.008985728025436401
test_kge: 0.5920862050224209
test_r2: 0.7037866711616516
test_mae: 0.061922937631607056
evaluating on huc 171100090103
test_mse: 0.03199921175837517
test_kge: 0.7213746112734789
test_r2: 0.8279552459716797
test_mae: 0.11871659010648727
evaluating on huc 170200090208
test_mse: 0.007121797651052475
test_kge: 0.8778665950206767
test_r2: 0.8231104612350464
test_mae: 0.05567658320069313
evaluating on huc 170200110703
test_mse: 0.020457161590456963
test_kge: 0.0027614783058269587
test_r2: -0.21105027198791504
test_mae: 0.08995261043310165
evaluating on huc 171100060102
test_mse: 0.04295904189348221
test_kge: 0.7078243958319065
test_r2: 0.8094150424003601
test_mae: 0.1366320699453354
evaluating on huc 171100060202
test_mse: 0.03103645145893097
test_kge: 0.6900758438053782
test_r2: 0.8354371786117554
test_mae: 0.11775185167789459
evaluating on huc 170103020302
test_mse: 0.008843117393553257
test_kge: 0.6816715090144876
test_r2: 0.6999109983444214
test_mae: 0.059030380100011826
evaluating on huc 171100051004
test_mse: 0.056009456515312195
test_kge: 0.5742321569796871
test_r2: 0.6619616746902466
test_mae: 0.1429641842842102
evaluating on huc 170602071107
test_mse: 0.010822026990354061
test_kge: -0.691342763599285
test_r2: -1.816361427307129
test_mae: 0.059237562119960785
evaluating on huc 170200110502
test_mse: 0.023370826616883278
test_kge: 0.6080545926008654
test_r2: 0.7338860034942627
test_mae: 0.09940531849861145
evaluating on huc 170602080302
test_mse: 0.0036950090434402227
test_kge: 0.8811401647379091
test_r2: 0.8350766897201538
test_mae: 0.03856685012578964
evaluating on huc 170103040601
test_mse: 0.009134287014603615
test_kge: 0.1737880386579399
test_r2: 0.16855913400650024
test_mae: 0.05808153748512268
evaluating on huc 170602070705
test_mse: 0.011668004095554352
test_kge: 0.18067765782415213
test_r2: 0.11969852447509766
test_mae: 0.0704881027340889
evaluating on huc 170602080502
test_mse: 0.01018938422203064
test_kge: 0.7468660249375532
test_r2: 0.8749295473098755
test_mae: 0.06361027806997299
evaluating on huc 171100050603
test_mse: 0.010557298548519611
test_kge: 0.8400949900216999
test_r2: 0.8282109498977661
test_mae: 0.06485411524772644
✅ Checkpoint saved: /home/sagemaker-user/checkpoints/Exp1B_Humidity_3e-4_epoch24.pth
💾 Checkpoint saved: Exp1B_Humidity_3e-4_epoch24.pth
Epoch 25: Pre-training on multiple HUCs
Pre-training on HUC5: 171100090302
Pre-training on HUC10: 171100090403
Pre-training on HUC15: 170103040103
Pre-training on HUC20: 171100050702
Pre-training on HUC25: 170103040306
Pre-training on HUC30: 170200110702
Pre-training on HUC35: 170602071102
Pre-training on HUC40: 170602070401
Pre-training on HUC45: 170103040602
Pre-training on HUC50: 170602080203
Pre-training on HUC55: 171100051103
Pre-training on HUC60: 170602070502
Pre-training on HUC65: 170200110306
Pre-training on HUC70: 171100060201
Pre-training on HUC75: 170103040305
Pre-training on HUC80: 171100090101
Pre-training on HUC85: 170602080601
Pre-training on HUC90: 171100060303
Pre-training on HUC95: 170200090201
Pre-training on HUC100: 170602070304
Pre-training on HUC105: 171100050606
Pre-training on HUC110: 170103040803
Pre-training on HUC115: 170602080303
Pre-training on HUC120: 170602080608
Pre-training on HUC125: 171100090202
Pre-training on HUC130: 170602080202
Pre-training on HUC135: 170602080507
Pre-training on HUC140: 170602080403
Pre-training on HUC145: 170103020303
Pre-training on HUC150: 170200090113
Pre-training on HUC155: 171100060204
Pre-training on HUC160: 170602070801
evaluating on huc 170200090105
test_mse: 0.07705813646316528
test_kge: 0.47527539803270846
test_r2: 0.6819356679916382
test_mae: 0.2052089273929596
evaluating on huc 170200110403
test_mse: 0.024310080334544182
test_kge: 0.6740846041955921
test_r2: 0.8554787635803223
test_mae: 0.10039809346199036
evaluating on huc 170602070105
test_mse: 0.010346961207687855
test_kge: 0.592933350490187
test_r2: 0.7579927444458008
test_mae: 0.0606313981115818
evaluating on huc 170602080605
test_mse: 0.004588005598634481
test_kge: 0.5669026023487576
test_r2: 0.7853589057922363
test_mae: 0.04132049158215523
evaluating on huc 170103040601
test_mse: 0.001704837428405881
test_kge: 0.813005108329469
test_r2: 0.8448185920715332
test_mae: 0.023902472108602524
evaluating on huc 170103040401
test_mse: 0.005340947303920984
test_kge: 0.7430710803270867
test_r2: 0.8768690228462219
test_mae: 0.04277193173766136
evaluating on huc 170200110102
test_mse: 0.052411701530218124
test_kge: 0.5018008994162562
test_r2: 0.7270207405090332
test_mae: 0.166788250207901
evaluating on huc 170602080412
test_mse: 0.001941935857757926
test_kge: 0.6292264472871856
test_r2: 0.8100016117095947
test_mae: 0.027476157993078232
evaluating on huc 170103020101
test_mse: 0.0030445095617324114
test_kge: 0.7905189830042101
test_r2: 0.8996381759643555
test_mae: 0.03378203138709068
evaluating on huc 170602070705
test_mse: 0.001867124461568892
test_kge: 0.8959002901322474
test_r2: 0.8591333627700806
test_mae: 0.025966525077819824
evaluating on huc 170602080108
test_mse: 0.0014723228523507714
test_kge: 0.960107322132352
test_r2: 0.9289058446884155
test_mae: 0.022923240438103676
evaluating on huc 170602070603
test_mse: 0.0014927353477105498
test_kge: 0.8754155417414772
test_r2: 0.9118014574050903
test_mae: 0.023723259568214417
evaluating on huc 170103040701
test_mse: 0.010059433057904243
test_kge: 0.5064102408460931
test_r2: 0.7543827891349792
test_mae: 0.058310627937316895
evaluating on huc 170200110703
test_mse: 0.0047453623265028
test_kge: 0.7321584171817042
test_r2: 0.7190777063369751
test_mae: 0.0404057577252388
evaluating on huc 170602080206
test_mse: 0.001862991601228714
test_kge: 0.8691173866425201
test_r2: 0.9095625281333923
test_mae: 0.025550631806254387
evaluating on huc 170602070904
test_mse: 0.001643085153773427
test_kge: 0.6692319499836248
test_r2: 0.626070499420166
test_mae: 0.022195562720298767
evaluating on huc 170200090208
test_mse: 0.00492399837821722
test_kge: 0.7691739289675932
test_r2: 0.8776988983154297
test_mae: 0.04363858327269554
evaluating on huc 170200110101
test_mse: 0.09205254167318344
test_kge: 0.35538910500453225
test_r2: 0.580622136592865
test_mae: 0.21571455895900726
evaluating on huc 170602071106
test_mse: 0.010054654441773891
test_kge: 0.4019383083524254
test_r2: 0.6589539051055908
test_mae: 0.0652497410774231
evaluating on huc 170103020102
test_mse: 0.0026217259000986814
test_kge: 0.8788969027910547
test_r2: 0.8926846385002136
test_mae: 0.030216680839657784
evaluating on huc 170602070901
test_mse: 0.0021383913699537516
test_kge: 0.9140114872623618
test_r2: 0.8643012642860413
test_mae: 0.02774488367140293
evaluating on huc 170602080505
test_mse: 0.002726607723161578
test_kge: 0.7310014622193088
test_r2: 0.8974217176437378
test_mae: 0.03085772879421711
evaluating on huc 170200090106
test_mse: 0.038745149970054626
test_kge: 0.6138020019348069
test_r2: 0.7990411520004272
test_mae: 0.13798803091049194
evaluating on huc 170602080503
test_mse: 0.0030384641140699387
test_kge: 0.7474125490596387
test_r2: 0.8999219536781311
test_mae: 0.031075099483132362
evaluating on huc 171100050603
test_mse: 0.008855084888637066
test_kge: 0.6776697212715801
test_r2: 0.8559094667434692
test_mae: 0.061893902719020844
evaluating on huc 170200090302
test_mse: 0.004160968586802483
test_kge: 0.34683222358867893
test_r2: 0.4895063638687134
test_mae: 0.043062277138233185
evaluating on huc 170200110301
test_mse: 0.024523399770259857
test_kge: 0.6840776743794537
test_r2: 0.8633716702461243
test_mae: 0.10858646780252457
evaluating on huc 170200110501
test_mse: 0.004318093881011009
test_kge: 0.5574758515919885
test_r2: 0.7690963745117188
test_mae: 0.04099584370851517
evaluating on huc 170103040901
test_mse: 0.002959181321784854
test_kge: 0.5983597844070914
test_r2: 0.7896867990493774
test_mae: 0.030547436326742172
evaluating on huc 170602070902
test_mse: 0.0021763404365628958
test_kge: 0.8982745408456525
test_r2: 0.914155900478363
test_mae: 0.02965073101222515
evaluating on huc 170200110503
test_mse: 0.0029134054202586412
test_kge: 0.44546975874790506
test_r2: 0.526390016078949
test_mae: 0.0322493277490139
evaluating on huc 170602080502
test_mse: 0.016255374997854233
test_kge: 0.6001205517357978
test_r2: 0.8004720211029053
test_mae: 0.07671591639518738
evaluating on huc 170602070704
test_mse: 0.006172685883939266
test_kge: 0.43303608864638476
test_r2: 0.6409854888916016
test_mae: 0.05358201637864113
evaluating on huc 171100051004
test_mse: 0.0983390137553215
test_kge: 0.22656842744773753
test_r2: 0.4064866900444031
test_mae: 0.18845169246196747
evaluating on huc 171100050402
test_mse: 0.0402970053255558
test_kge: 0.47480082250400446
test_r2: 0.6774753332138062
test_mae: 0.14367708563804626
evaluating on huc 170602070701
test_mse: 0.0013043436920270324
test_kge: 0.8423923237165337
test_r2: 0.8545136451721191
test_mae: 0.02177533321082592
evaluating on huc 170602080302
test_mse: 0.0027562144678086042
test_kge: 0.7742567603130323
test_r2: 0.8769789338111877
test_mae: 0.030519310384988785
evaluating on huc 170200110601
test_mse: 0.0012576940935105085
test_kge: 0.7562354442754647
test_r2: 0.7552288770675659
test_mae: 0.020503051578998566
evaluating on huc 171100050801
test_mse: 0.06821256130933762
test_kge: 0.5618279366695486
test_r2: 0.7055870294570923
test_mae: 0.20427677035331726
evaluating on huc 171100060202
test_mse: 0.03812122717499733
test_kge: 0.572479140151397
test_r2: 0.7978719472885132
test_mae: 0.14224033057689667
evaluating on huc 170200090202
test_mse: 0.013835740275681019
test_kge: 0.7349302084589003
test_r2: 0.8317643404006958
test_mae: 0.07491370290517807
evaluating on huc 171100050705
test_mse: 0.018567195162177086
test_kge: 0.724510585125423
test_r2: 0.8464276194572449
test_mae: 0.08484422415494919
evaluating on huc 171100060402
test_mse: 0.009382588788866997
test_kge: 0.8023000932173225
test_r2: 0.773379385471344
test_mae: 0.055809203535318375
evaluating on huc 171100060102
test_mse: 0.058742064982652664
test_kge: 0.5074324908551027
test_r2: 0.7393946647644043
test_mae: 0.166836678981781
evaluating on huc 171100060403
test_mse: 0.005994743667542934
test_kge: 0.5449585630616871
test_r2: 0.5902100801467896
test_mae: 0.04465688765048981
evaluating on huc 170602071107
test_mse: 0.0006845478201285005
test_kge: 0.8048604439876443
test_r2: 0.8218508958816528
test_mae: 0.015712063759565353
evaluating on huc 170602070707
test_mse: 0.0011593016097322106
test_kge: 0.8245341505805865
test_r2: 0.7578354477882385
test_mae: 0.0196053609251976
evaluating on huc 170200090108
test_mse: 0.030675450339913368
test_kge: 0.56854290994513
test_r2: 0.8017942309379578
test_mae: 0.12443500012159348
evaluating on huc 171100090103
test_mse: 0.06040608882904053
test_kge: 0.4590802817115771
test_r2: 0.6752247214317322
test_mae: 0.17026497423648834
evaluating on huc 170602070802
test_mse: 0.0022661625407636166
test_kge: 0.6683733765372392
test_r2: 0.8596698641777039
test_mae: 0.02722281403839588
evaluating on huc 170200090209
test_mse: 0.029903767630457878
test_kge: 0.22645467092287352
test_r2: 0.45323723554611206
test_mae: 0.11028342694044113
evaluating on huc 170103020302
test_mse: 0.004972747527062893
test_kge: 0.6519151982743558
test_r2: 0.8312510251998901
test_mae: 0.03942274674773216
evaluating on huc 170200110502
test_mse: 0.027670172974467278
test_kge: 0.4774186738544012
test_r2: 0.6849310398101807
test_mae: 0.11374200880527496
evaluating on huc 171100050703
test_mse: 0.012615513987839222
test_kge: 0.8204950167194323
test_r2: 0.8935885429382324
test_mae: 0.07375405728816986
✅ Checkpoint saved: /home/sagemaker-user/checkpoints/Exp1B_Humidity_3e-4_epoch25.pth
2026/08/26 01:35:00 WARNING mlflow.utils.requirements_utils: Found torch version (2.5.1+cu121) contains a local version label (+cu121). MLflow logged a pip requirement for this package as 'torch==2.5.1' without the local version label to make it installable from PyPI. To specify pip requirements containing local version labels, please use `conda_env` or `pip_requirements`.
2026/08/26 01:35:04 WARNING mlflow.utils.requirements_utils: Found torch version (2.5.1+cu121) contains a local version label (+cu121). MLflow logged a pip requirement for this package as 'torch==2.5.1' without the local version label to make it installable from PyPI. To specify pip requirements containing local version labels, please use `conda_env` or `pip_requirements`.
2026/08/26 01:35:04 WARNING mlflow.models.model: Model logged without a signature and input example. Please set `input_example` parameter when logging the model to auto infer the model signature.
2026/08/26 01:35:04 WARNING mlflow.models.model: Logging model metadata to the tracking server has failed. The model artifacts have been logged successfully under s3://dawgs-mlflow-artifacts/700/c8ad94d90e2f4a88a5f058f68507ada7/artifacts. Set logging level to DEBUG via `logging.getLogger("mlflow").setLevel(logging.DEBUG)` to see the full traceback.
💾 Checkpoint saved: Exp1B_Humidity_3e-4_epoch25.pth
Epoch 26: Pre-training on multiple HUCs
Pre-training on HUC5: 170200090203
Pre-training on HUC10: 171100050904
Pre-training on HUC15: 170103040304
Pre-training on HUC20: 170200110105
Pre-training on HUC25: 170200090205
Pre-training on HUC30: 171100050602
Pre-training on HUC35: 170602070903
Pre-training on HUC40: 170602071104
Pre-training on HUC45: 170200090113
Pre-training on HUC50: 171100050601
Pre-training on HUC55: 170602070104
Pre-training on HUC60: 170200090304
Pre-training on HUC65: 170103020303
Pre-training on HUC70: 170200110702
Pre-training on HUC75: 170103020202
Pre-training on HUC80: 170103040604
Pre-training on HUC85: 171100060301
Pre-training on HUC90: 170602080403
Pre-training on HUC95: 171100050903
Pre-training on HUC100: 171100090202
Pre-training on HUC105: 170602080504
Pre-training on HUC110: 170200090111
Pre-training on HUC115: 170103040607
Pre-training on HUC120: 170602080106
Pre-training on HUC125: 171100050502
Pre-training on HUC130: 171100060106
Pre-training on HUC135: 170103040101
Pre-training on HUC140: 170602080104
Pre-training on HUC145: 170103040305
Pre-training on HUC150: 171100090401
Pre-training on HUC155: 170200110203
Pre-training on HUC160: 171100090101
2026/08/26 02:08:26 WARNING mlflow.utils.requirements_utils: Found torch version (2.5.1+cu121) contains a local version label (+cu121). MLflow logged a pip requirement for this package as 'torch==2.5.1' without the local version label to make it installable from PyPI. To specify pip requirements containing local version labels, please use `conda_env` or `pip_requirements`.
2026/08/26 02:08:30 WARNING mlflow.utils.requirements_utils: Found torch version (2.5.1+cu121) contains a local version label (+cu121). MLflow logged a pip requirement for this package as 'torch==2.5.1' without the local version label to make it installable from PyPI. To specify pip requirements containing local version labels, please use `conda_env` or `pip_requirements`.
2026/08/26 02:08:30 WARNING mlflow.models.model: Model logged without a signature and input example. Please set `input_example` parameter when logging the model to auto infer the model signature.
2026/08/26 02:08:30 WARNING mlflow.models.model: Logging model metadata to the tracking server has failed. The model artifacts have been logged successfully under s3://dawgs-mlflow-artifacts/700/c8ad94d90e2f4a88a5f058f68507ada7/artifacts. Set logging level to DEBUG via `logging.getLogger("mlflow").setLevel(logging.DEBUG)` to see the full traceback.
evaluating on huc 170200090209
test_mse: 0.02711200900375843
test_kge: 0.4068244253627158
test_r2: 0.5042819976806641
test_mae: 0.10212167352437973
evaluating on huc 170602070802
test_mse: 0.004923703148961067
test_kge: 0.5505452632486962
test_r2: 0.6951040029525757
test_mae: 0.03907652571797371
evaluating on huc 170602080412
test_mse: 0.0025595161132514477
test_kge: 0.5659621743130927
test_r2: 0.7495777010917664
test_mae: 0.03028840571641922
evaluating on huc 170602080502
test_mse: 0.014491861686110497
test_kge: 0.8444375946716165
test_r2: 0.8221184015274048
test_mae: 0.07121279090642929
evaluating on huc 170200090108
test_mse: 0.023681389167904854
test_kge: 0.8693006023168842
test_r2: 0.8469855189323425
test_mae: 0.09631005674600601
evaluating on huc 170103040901
test_mse: 0.007616223301738501
test_kge: 0.7051240736365567
test_r2: 0.45870429277420044
test_mae: 0.04582946002483368
evaluating on huc 170200090106
test_mse: 0.04013148322701454
test_kge: 0.7694898777764856
test_r2: 0.7918506860733032
test_mae: 0.12342933565378189
evaluating on huc 170200090202
test_mse: 0.03766361251473427
test_kge: 0.6059136831927613
test_r2: 0.5420292615890503
test_mae: 0.11035645753145218
evaluating on huc 170602080503
test_mse: 0.005576002411544323
test_kge: 0.8159368850400437
test_r2: 0.8163428902626038
test_mae: 0.04306522756814957
evaluating on huc 170602070707
test_mse: 0.0010305389296263456
test_kge: 0.8777860768979406
test_r2: 0.784732460975647
test_mae: 0.018310967832803726
evaluating on huc 170200110503
test_mse: 0.012196672149002552
test_kge: -0.03534313267997091
test_r2: -0.9827195405960083
test_mae: 0.05308669060468674
evaluating on huc 170602070603
test_mse: 0.003444543806836009
test_kge: 0.7725368537771635
test_r2: 0.7964784502983093
test_mae: 0.034201957285404205
evaluating on huc 170200110601
test_mse: 0.0043217483907938
test_kge: 0.5883311783778382
test_r2: 0.15890580415725708
test_mae: 0.03345394507050514
evaluating on huc 170602070904
test_mse: 0.001076583517715335
test_kge: 0.8445238722417335
test_r2: 0.7549936175346375
test_mae: 0.018880695104599
evaluating on huc 170103040701
test_mse: 0.009830091148614883
test_kge: 0.7440968321010623
test_r2: 0.7599825263023376
test_mae: 0.056146152317523956
evaluating on huc 171100060102
test_mse: 0.034503426402807236
test_kge: 0.8801939366129872
test_r2: 0.8469278216362
test_mae: 0.11311750113964081
evaluating on huc 170200110102
test_mse: 0.02743668667972088
test_kge: 0.874243252537583
test_r2: 0.857099711894989
test_mae: 0.10462874174118042
evaluating on huc 170200090105
test_mse: 0.03665390610694885
test_kge: 0.8683968016514816
test_r2: 0.8487077355384827
test_mae: 0.11977079510688782
evaluating on huc 171100050402
test_mse: 0.0313977412879467
test_kge: 0.8163224695937147
test_r2: 0.7487022876739502
test_mae: 0.10690785199403763
evaluating on huc 170103020101
test_mse: 0.010792178101837635
test_kge: 0.7540337640399154
test_r2: 0.6442372798919678
test_mae: 0.058326877653598785
evaluating on huc 170200110101
test_mse: 0.04192362725734711
test_kge: 0.7128822290725525
test_r2: 0.8090021014213562
test_mae: 0.1317508965730667
evaluating on huc 170602080605
test_mse: 0.008440203033387661
test_kge: 0.42477959558207046
test_r2: 0.6051412224769592
test_mae: 0.054352421313524246
evaluating on huc 171100050801
test_mse: 0.06621703505516052
test_kge: 0.7548489698430054
test_r2: 0.714199960231781
test_mae: 0.17925477027893066
evaluating on huc 170602070701
test_mse: 0.0013548483839258552
test_kge: 0.9060845509471319
test_r2: 0.8488802909851074
test_mae: 0.022092711180448532
evaluating on huc 170602071107
test_mse: 0.0010462908539921045
test_kge: 0.826156186804434
test_r2: 0.7277096509933472
test_mae: 0.01842496544122696
evaluating on huc 170602080108
test_mse: 0.004846625495702028
test_kge: 0.8504324513067278
test_r2: 0.7659705877304077
test_mae: 0.03798248991370201
evaluating on huc 171100060202
test_mse: 0.03055533953011036
test_kge: 0.8431231963230343
test_r2: 0.8379881381988525
test_mae: 0.10835225135087967
evaluating on huc 170200110703
test_mse: 0.021053340286016464
test_kge: 0.038950997539310306
test_r2: -0.24634361267089844
test_mae: 0.07511303573846817
evaluating on huc 171100050705
test_mse: 0.054583560675382614
test_kge: 0.5460348422063261
test_r2: 0.5485301613807678
test_mae: 0.14389854669570923
evaluating on huc 171100090103
test_mse: 0.03493654355406761
test_kge: 0.8618682335576366
test_r2: 0.8121625781059265
test_mae: 0.11922813206911087
evaluating on huc 170200090208
test_mse: 0.010680281557142735
test_kge: 0.8157105563215756
test_r2: 0.7347256541252136
test_mae: 0.05995030701160431
evaluating on huc 170103040601
test_mse: 0.008295517414808273
test_kge: 0.4983567066691226
test_r2: 0.24490749835968018
test_mae: 0.04449453204870224
evaluating on huc 170602080302
test_mse: 0.004464441444724798
test_kge: 0.7743588410403078
test_r2: 0.8007338047027588
test_mae: 0.04069645702838898
evaluating on huc 171100060402
test_mse: 0.07192658632993698
test_kge: -0.3028797752535788
test_r2: -0.7372657060623169
test_mae: 0.1528243124485016
evaluating on huc 170200110502
test_mse: 0.022024547681212425
test_kge: 0.7200882513921554
test_r2: 0.7492154836654663
test_mae: 0.09357873350381851
evaluating on huc 171100050603
test_mse: 0.022470584139227867
test_kge: 0.5785106907859077
test_r2: 0.6343570947647095
test_mae: 0.08873023837804794
evaluating on huc 171100060403
test_mse: 0.06332608312368393
test_kge: -1.243914713110453
test_r2: -3.328857898712158
test_mae: 0.14472395181655884
evaluating on huc 171100050703
test_mse: 0.07103714346885681
test_kge: 0.4080826281936172
test_r2: 0.4008038640022278
test_mae: 0.1715843230485916
evaluating on huc 170103020102
test_mse: 0.007833387702703476
test_kge: 0.7615413983056991
test_r2: 0.6793551445007324
test_mae: 0.04857717081904411
evaluating on huc 170602080206
test_mse: 0.004211274906992912
test_kge: 0.7002584546981095
test_r2: 0.795566976070404
test_mae: 0.03936772793531418
evaluating on huc 170602070902
test_mse: 0.008622149005532265
test_kge: 0.6578528350039755
test_r2: 0.6599057912826538
test_mae: 0.0514243021607399
evaluating on huc 170602070705
test_mse: 0.002603786299005151
test_kge: 0.9007787302312905
test_r2: 0.8035553693771362
test_mae: 0.029421141371130943
evaluating on huc 170200110403
test_mse: 0.04762610048055649
test_kge: 0.6721281276000264
test_r2: 0.7168670892715454
test_mae: 0.13054387271404266
evaluating on huc 170602070704
test_mse: 0.008072836324572563
test_kge: 0.3665247931503727
test_r2: 0.5304693579673767
test_mae: 0.05849102512001991
evaluating on huc 170200110501
test_mse: 0.007346515543758869
test_kge: 0.6865380120979314
test_r2: 0.6071560978889465
test_mae: 0.053024716675281525
evaluating on huc 171100051004
test_mse: 0.056832436472177505
test_kge: 0.6199279650321285
test_r2: 0.6569947004318237
test_mae: 0.14247861504554749
evaluating on huc 170103040401
test_mse: 0.014761971309781075
test_kge: 0.7884953738894731
test_r2: 0.6596753597259521
test_mae: 0.0665740966796875
evaluating on huc 170602070901
test_mse: 0.00666423374786973
test_kge: 0.6093973151837786
test_r2: 0.5770988464355469
test_mae: 0.045460157096385956
evaluating on huc 170200090302
test_mse: 0.006928322371095419
test_kge: 0.10006323880047752
test_r2: 0.14999008178710938
test_mae: 0.056308478116989136
evaluating on huc 170602080505
test_mse: 0.0045158471912145615
test_kge: 0.7754194415283049
test_r2: 0.8301083445549011
test_mae: 0.040436938405036926
evaluating on huc 170602070105
test_mse: 0.008932718075811863
test_kge: 0.7388432168949066
test_r2: 0.7910707592964172
test_mae: 0.06004982441663742
evaluating on huc 170103020302
test_mse: 0.010687933303415775
test_kge: 0.7852330844693582
test_r2: 0.6373075842857361
test_mae: 0.05736180767416954
evaluating on huc 170200110301
test_mse: 0.054280608892440796
test_kge: 0.6438143526787881
test_r2: 0.6975839734077454
test_mae: 0.14486165344715118
evaluating on huc 170602071106
test_mse: 0.011825289577245712
test_kge: 0.3954441502465589
test_r2: 0.5988953709602356
test_mae: 0.06634509563446045
✅ Checkpoint saved: /home/sagemaker-user/checkpoints/Exp1B_Humidity_3e-4_epoch26.pth
💾 Checkpoint saved: Exp1B_Humidity_3e-4_epoch26.pth
Epoch 27: Pre-training on multiple HUCs
Pre-training on HUC5: 170602080405
Pre-training on HUC10: 171100050901
Pre-training on HUC15: 170602080106
Pre-training on HUC20: 170602080603
Pre-training on HUC25: 170103040503
Pre-training on HUC30: 170103040306
Pre-training on HUC35: 171100090402
Pre-training on HUC40: 171100050405
Pre-training on HUC45: 170200110603
Pre-training on HUC50: 171100090201
Pre-training on HUC55: 170602080604
Pre-training on HUC60: 171100050902
Pre-training on HUC65: 171100060304
Pre-training on HUC70: 170602070502
Pre-training on HUC75: 170200090204
Pre-training on HUC80: 171100050704
Pre-training on HUC85: 170200090205
Pre-training on HUC90: 170200110109
Pre-training on HUC95: 170602080608
Pre-training on HUC100: 170602070703
Pre-training on HUC105: 170200090102
Pre-training on HUC110: 170602080104
Pre-training on HUC115: 170602070401
Pre-training on HUC120: 170602080107
Pre-training on HUC125: 170200110202
Pre-training on HUC130: 170103040105
Pre-training on HUC135: 170200090304
Pre-training on HUC140: 170103040505
Pre-training on HUC145: 170602070305
Pre-training on HUC150: 170602080607
Pre-training on HUC155: 171100060204
Pre-training on HUC160: 171100090302
evaluating on huc 170602080412
test_mse: 0.0022882851772010326
test_kge: 0.7029617814618676
test_r2: 0.7761148810386658
test_mae: 0.027552859857678413
evaluating on huc 170602070704
test_mse: 0.002090169582515955
test_kge: 0.8734446192527334
test_r2: 0.8784319758415222
test_mae: 0.02875548228621483
evaluating on huc 170200090302
test_mse: 0.004460649099200964
test_kge: 0.3342591340934479
test_r2: 0.4527396559715271
test_mae: 0.04335290193557739
evaluating on huc 171100060202
test_mse: 0.052191540598869324
test_kge: 0.5755098052751757
test_r2: 0.7232677936553955
test_mae: 0.14227445423603058
evaluating on huc 170602070105
test_mse: 0.0035043847747147083
test_kge: 0.8838697298878493
test_r2: 0.9180352091789246
test_mae: 0.039621006697416306
evaluating on huc 171100060402
test_mse: 0.010865303687751293
test_kge: 0.6089041321517712
test_r2: 0.7375668883323669
test_mae: 0.05694429203867912
evaluating on huc 170200110703
test_mse: 0.0027875492814928293
test_kge: 0.7287500526310227
test_r2: 0.8349789381027222
test_mae: 0.030352778732776642
evaluating on huc 170103040901
test_mse: 0.0031516512390226126
test_kge: 0.5521974282404831
test_r2: 0.7760077118873596
test_mae: 0.02936616726219654
evaluating on huc 170200090209
test_mse: 0.034845661371946335
test_kge: 0.1926789324533026
test_r2: 0.36287927627563477
test_mae: 0.11498681455850601
evaluating on huc 171100051004
test_mse: 0.10728666186332703
test_kge: 0.20368502625664398
test_r2: 0.35248422622680664
test_mae: 0.1967603713274002
evaluating on huc 170200110502
test_mse: 0.031813349574804306
test_kge: 0.5161822003700676
test_r2: 0.6377544403076172
test_mae: 0.10617046058177948
evaluating on huc 170103040701
test_mse: 0.00911033432930708
test_kge: 0.5479266727897671
test_r2: 0.7775565385818481
test_mae: 0.052193500101566315
evaluating on huc 170602080206
test_mse: 0.00458298996090889
test_kge: 0.6969700730980126
test_r2: 0.7775223255157471
test_mae: 0.04005471244454384
evaluating on huc 170602080302
test_mse: 0.0042381612583994865
test_kge: 0.7491428809697503
test_r2: 0.8108335733413696
test_mae: 0.039250753819942474
evaluating on huc 170200110101
test_mse: 0.11328128725290298
test_kge: 0.3402103170946813
test_r2: 0.4839071035385132
test_mae: 0.22148065268993378
evaluating on huc 170602080605
test_mse: 0.0023038422223180532
test_kge: 0.9028439187984987
test_r2: 0.8922191262245178
test_mae: 0.029351530596613884
evaluating on huc 170103020302
test_mse: 0.005442188121378422
test_kge: 0.7358324218847193
test_r2: 0.8153206706047058
test_mae: 0.03718251734972
evaluating on huc 170602070701
test_mse: 0.007194467820227146
test_kge: 0.1300948246794703
test_r2: 0.1975296139717102
test_mae: 0.05257200822234154
evaluating on huc 170103040601
test_mse: 0.0016317885601893067
test_kge: 0.8355160419638001
test_r2: 0.8514677882194519
test_mae: 0.021661557257175446
evaluating on huc 171100050801
test_mse: 0.0795397087931633
test_kge: 0.6028987948084344
test_r2: 0.6566978096961975
test_mae: 0.19546248018741608
evaluating on huc 170602071106
test_mse: 0.0038933297619223595
test_kge: 0.7372267059857136
test_r2: 0.8679412603378296
test_mae: 0.03558775410056114
evaluating on huc 170200110403
test_mse: 0.03321050852537155
test_kge: 0.6753266839828835
test_r2: 0.8025665283203125
test_mae: 0.10432951152324677
evaluating on huc 170602070904
test_mse: 0.006121164653450251
test_kge: -0.19155181439347668
test_r2: -0.39304041862487793
test_mae: 0.04666838422417641
evaluating on huc 170200110601
test_mse: 0.0007397594163194299
test_kge: 0.7801842723323916
test_r2: 0.8560287952423096
test_mae: 0.014200132340192795
evaluating on huc 171100050603
test_mse: 0.01520469132810831
test_kge: 0.6568756571086193
test_r2: 0.7525882720947266
test_mae: 0.07285337150096893
evaluating on huc 170602070707
test_mse: 0.004723228979855776
test_kge: 0.02976709695995783
test_r2: 0.01337277889251709
test_mae: 0.04073754698038101
evaluating on huc 170602070902
test_mse: 0.012303449213504791
test_kge: 0.4204018312747403
test_r2: 0.5146996974945068
test_mae: 0.06928569823503494
evaluating on huc 170602070901
test_mse: 0.011786013841629028
test_kge: 0.21980767101323007
test_r2: 0.2520793080329895
test_mae: 0.06705270707607269
evaluating on huc 170200090108
test_mse: 0.041124455630779266
test_kge: 0.5624553589669566
test_r2: 0.7342792749404907
test_mae: 0.12596888840198517
evaluating on huc 170602080505
test_mse: 0.003429229138419032
test_kge: 0.7920922700396975
test_r2: 0.8709882497787476
test_mae: 0.03631068766117096
evaluating on huc 171100060403
test_mse: 0.0033548492938280106
test_kge: 0.8058726564148235
test_r2: 0.7706685066223145
test_mae: 0.032122280448675156
evaluating on huc 170602080502
test_mse: 0.00702945701777935
test_kge: 0.828562194940535
test_r2: 0.9137163162231445
test_mae: 0.05084121227264404
evaluating on huc 170200110503
test_mse: 0.0010996739147230983
test_kge: 0.6932816636571247
test_r2: 0.8212344646453857
test_mae: 0.018080636858940125
evaluating on huc 170602070802
test_mse: 0.0023281858302652836
test_kge: 0.7985288682559601
test_r2: 0.855829119682312
test_mae: 0.029493043199181557
evaluating on huc 170103020102
test_mse: 0.0030382603872567415
test_kge: 0.936994106373559
test_r2: 0.8756345510482788
test_mae: 0.030816256999969482
evaluating on huc 170602080503
test_mse: 0.0034437000285834074
test_kge: 0.8277163581641185
test_r2: 0.8865746855735779
test_mae: 0.036126818507909775
evaluating on huc 170200090105
test_mse: 0.09436238557100296
test_kge: 0.47444134362048385
test_r2: 0.6105108261108398
test_mae: 0.20512336492538452
evaluating on huc 170200090208
test_mse: 0.0056342934258282185
test_kge: 0.9200475827363678
test_r2: 0.8600567579269409
test_mae: 0.046653348952531815
evaluating on huc 170200090106
test_mse: 0.039870377629995346
test_kge: 0.6296906794121344
test_r2: 0.7932050228118896
test_mae: 0.13106481730937958
evaluating on huc 170200110301
test_mse: 0.032648906111717224
test_kge: 0.698107125693901
test_r2: 0.8181016445159912
test_mae: 0.1122327521443367
evaluating on huc 171100090103
test_mse: 0.0770011767745018
test_kge: 0.4076068539666011
test_r2: 0.5860006809234619
test_mae: 0.19076180458068848
evaluating on huc 171100050402
test_mse: 0.041890278458595276
test_kge: 0.5204170541229319
test_r2: 0.6647232174873352
test_mae: 0.1293819546699524
evaluating on huc 170103040401
test_mse: 0.0072393049485981464
test_kge: 0.7710731322066969
test_r2: 0.8331040143966675
test_mae: 0.04270253702998161
evaluating on huc 170200090202
test_mse: 0.017585808411240578
test_kge: 0.8153920461023243
test_r2: 0.7861653566360474
test_mae: 0.08077140152454376
evaluating on huc 170103020101
test_mse: 0.0032822000794112682
test_kge: 0.8745845079303293
test_r2: 0.8918027281761169
test_mae: 0.03116433694958687
evaluating on huc 170200110102
test_mse: 0.06747892498970032
test_kge: 0.49831415540650836
test_r2: 0.6485451459884644
test_mae: 0.17002645134925842
evaluating on huc 171100060102
test_mse: 0.05655398219823837
test_kge: 0.5725441342690168
test_r2: 0.749101996421814
test_mae: 0.15366625785827637
evaluating on huc 170602070705
test_mse: 0.007628018036484718
test_kge: 0.34850386919535004
test_r2: 0.42449837923049927
test_mae: 0.05250664800405502
evaluating on huc 170602070603
test_mse: 0.00954314973205328
test_kge: 0.2883853269987324
test_r2: 0.43614107370376587
test_mae: 0.06353937089443207
evaluating on huc 170602080108
test_mse: 0.008461026474833488
test_kge: 0.4646426581947992
test_r2: 0.5914417505264282
test_mae: 0.0542946420609951
evaluating on huc 171100050703
test_mse: 0.02239915542304516
test_kge: 0.8356363016416057
test_r2: 0.8110637664794922
test_mae: 0.09357800334692001
evaluating on huc 171100050705
test_mse: 0.02577655203640461
test_kge: 0.7473177520869584
test_r2: 0.786797821521759
test_mae: 0.09896091371774673
evaluating on huc 170200110501
test_mse: 0.005026101600378752
test_kge: 0.5061676125184703
test_r2: 0.7312367558479309
test_mae: 0.044695574790239334
evaluating on huc 170602071107
test_mse: 0.00277979439124465
test_kge: 0.19389087484772605
test_r2: 0.2765767574310303
test_mae: 0.029996521770954132
✅ Checkpoint saved: /home/sagemaker-user/checkpoints/Exp1B_Humidity_3e-4_epoch27.pth
2026/08/26 02:41:45 WARNING mlflow.utils.requirements_utils: Found torch version (2.5.1+cu121) contains a local version label (+cu121). MLflow logged a pip requirement for this package as 'torch==2.5.1' without the local version label to make it installable from PyPI. To specify pip requirements containing local version labels, please use `conda_env` or `pip_requirements`.
2026/08/26 02:41:48 WARNING mlflow.utils.requirements_utils: Found torch version (2.5.1+cu121) contains a local version label (+cu121). MLflow logged a pip requirement for this package as 'torch==2.5.1' without the local version label to make it installable from PyPI. To specify pip requirements containing local version labels, please use `conda_env` or `pip_requirements`.
2026/08/26 02:41:48 WARNING mlflow.models.model: Model logged without a signature and input example. Please set `input_example` parameter when logging the model to auto infer the model signature.
2026/08/26 02:41:48 WARNING mlflow.models.model: Logging model metadata to the tracking server has failed. The model artifacts have been logged successfully under s3://dawgs-mlflow-artifacts/700/c8ad94d90e2f4a88a5f058f68507ada7/artifacts. Set logging level to DEBUG via `logging.getLogger("mlflow").setLevel(logging.DEBUG)` to see the full traceback.
💾 Checkpoint saved: Exp1B_Humidity_3e-4_epoch27.pth

